distance_km,weight_kg,hour_of_day,day_of_week,traffic_index,weather,vehicle_type,num_stops,warehouse_load_pct,driver_exp_years,delivery_time_hrs
34.59723147896697,18.974750124385842,20,2,6.635673478734663,clear,van,7,65.78878348126784,4.244194485416533,3.268648406288401
11.798975610192207,12.871052231706297,11,5,3.0871792326241376,clear,bike,3,47.48093433917718,4.94602927710511,1.479852919533275
49.42028446652467,27.836440477277527,13,0,2.692576697304761,clear,van,9,57.449685100558746,7.782248314106847,3.915006766853872
57.538355242007604,4.403052218443088,14,2,1.0,clear,van,8,69.72075169827578,1.6651123731222974,3.3264849260915264
5.692627115634026,11.48214965323212,17,0,7.922836907311662,rain,van,1,88.22832465042953,8.167883908094625,0.845948315088797
9.566394598483406,40.48510001288044,13,3,2.418665991379266,clear,van,3,70.05929307796498,1.9624169718670068,2.1829075676861547
30.032265564830475,5.989780157128238,12,0,4.433082600311264,clear,bike,6,68.01701850505923,4.0627357830377,3.7170884004766216
21.052218071084035,23.321989559373286,20,1,5.544413619412293,clear,van,7,66.45391761840445,4.242304862994863,3.1602411431298694
26.750658075603813,16.54664055265117,11,5,2.3511481679849933,clear,van,5,69.8771709718399,3.9932245179898334,2.470723954808921
13.702315839678684,15.270147857812136,10,6,5.095685268476725,clear,van,5,98.6566896286561,7.422920062828461,2.113632324492887
54.790585398112526,43.21890714914617,11,3,4.346608386808633,rain,van,6,68.73438478770863,8.737601732035579,4.493016637457583
50.51314241895696,49.203491428045,11,6,3.5158602936258,clear,van,5,66.04624890343922,15.0,3.531851608574338
28.5833550758553,9.099767719870034,14,5,1.9750219245506313,rain,bike,2,70.5739651133037,15.0,2.3816781863554453
66.8060045899833,20.39169071957062,16,5,2.927203582189707,clear,van,5,59.854841725802764,8.90591511565679,3.7014109339947363
39.40952245595137,3.14936225793953,8,6,3.614665172380545,clear,bike,8,46.58062900097512,2.0987545911445866,4.462067274014027
13.633991229970711,41.52917500490517,20,0,6.466410112477348,clear,van,2,43.89995657041505,3.7908996338182264,1.7850553825706434
36.415722830216644,22.39336362649253,10,1,4.977699692692886,clear,van,5,59.098269179634585,3.961369560208532,2.9662967459631098
12.589887587923906,5.5643891676757935,7,3,2.9539564225608825,clear,bike,5,87.71843632308622,2.708810522012813,2.124863615613309
54.74906226914973,11.986431774657186,16,4,3.982616199888933,rain,van,6,87.50637452613392,2.4757597081848495,3.781632049529157
26.05108117588862,8.342373362159814,9,6,5.944531479852905,clear,bike,8,53.26023478205984,1.6512864827049576,3.919159802963946
23.3853582138448,11.380915274529235,18,0,9.363134416235681,clear,truck,3,67.62760559215026,4.953432137544607,2.146928448715488
15.72507173588926,3.5354090170962316,21,1,5.070435758921053,clear,bike,4,71.97294698619918,4.5441242940362185,1.9489575598888618
72.09848783720153,57.965351623625324,17,2,7.386467066030297,clear,van,3,59.126057343794365,3.113499058557559,4.580611843960877
23.959775761750436,9.431999460553493,18,4,8.295856376465105,clear,truck,9,89.63028807941713,5.789803777796047,4.181493633096859
19.24666390867409,23.27915998954947,13,6,2.0528124762407556,clear,van,6,81.43043620648866,7.80813821270362,2.4416954466748657
20.456346151598293,31.759589233560483,11,6,5.2498967259611184,clear,van,7,75.41287902512106,3.804287080901342,3.036650973698235
41.506388221678876,49.251640273369,15,5,1.2678887753761392,clear,van,2,71.02770466578038,4.513789635179734,2.1631836022250455
36.31951686579012,23.901398810961233,11,5,2.914680220960849,rain,truck,5,46.55465794935445,1.7020699195261153,3.466416119264351
37.71983522097497,18.74249860364785,20,2,5.971745851490869,rain,van,7,90.35452582112907,14.327974849129912,3.3423201390049577
38.269636550337815,24.675282575738198,13,4,2.9140074934438696,clear,van,5,78.70770271825482,2.2477378296043358,2.8814353166697093
150.40295827385995,9.05087003276897,13,1,1.416140470208342,clear,van,5,76.13889807799121,3.4473416449624166,5.592043091798522
19.58703733324346,9.761232077145905,16,3,4.897865324724804,clear,van,3,58.930731816557504,6.828188881654974,1.5482867078692062
17.997013307053383,18.393005726088397,9,2,7.463725229903271,clear,van,5,60.231794847751836,5.185986589878196,2.473397897399848
14.139634583758207,2.1669010631026246,14,6,2.477038909907684,clear,bike,4,77.41831030432019,9.037371283254334,1.6639956986328324
44.37976126091513,13.11165020219634,18,2,8.409105463906725,clear,bike,4,86.53359086623666,2.666049988757086,4.6946388497298885
66.89858622008404,15.71410125508109,18,2,9.003582735736725,clear,van,4,95.87262685749283,5.5047390755928856,3.6619910156132685
24.75040948870712,77.83024946344123,9,2,6.960637794137849,clear,truck,4,58.969517068505404,8.360884059937948,4.015090920505787
13.844316929569507,53.650024844201205,6,6,2.565467460701601,clear,van,4,67.61685895310583,3.6520775819896003,2.4419176939839327
14.019020678889934,31.675714504728813,9,6,5.0107648631398725,clear,van,4,38.58501498051465,0.9217412017381879,1.8079600374512912
45.62584034528178,42.25677544253944,19,3,7.0010909431835096,clear,van,6,33.083139535659924,1.3730109484133743,3.7381313519840194
49.136558839891926,9.683963155663694,10,6,6.214881662028155,clear,bike,4,77.8658226098751,5.47058514177149,4.364163092992828
41.86806709986754,25.182285831496113,6,5,1.491646103222691,rain,van,4,57.20045231629281,2.867677910857601,2.765680445325354
15.920255577796178,38.66899415617448,15,5,2.839222928052364,clear,van,4,40.40158398552491,5.80452124773535,2.1295350058938056
32.646219438058644,9.766761810100531,20,6,5.416745973331426,clear,bike,3,52.5555646196073,5.699631726772785,2.8408543678269327
29.7654595961989,5.811250201887294,9,2,7.939990079957567,rain,bike,4,75.14237942633726,5.102466162477545,3.2945286343790365
32.296242021723536,29.284441185830435,6,3,1.3501158975061767,clear,van,6,75.75863769846842,5.900157950374046,2.491604048550325
54.44238695100564,6.525739137251289,8,1,6.716652853591148,clear,van,2,45.441178660457936,4.035982189510424,2.648486680530793
32.423272079440814,33.80070784337761,8,2,5.957261654422045,rain,van,5,88.54628730254356,2.790170678151641,3.3211146291156153
46.67136700745866,48.675494635981664,9,3,6.520078069717826,clear,van,3,59.56451787874624,5.435837078361836,3.6957422405322715
28.618783145335197,10.060683124812567,8,0,5.80303325014589,storm,truck,5,74.12364716289896,2.769852957716175,3.5377452091569688
34.168204510197334,10.792678611495727,16,1,5.116538268296326,rain,bike,4,70.56441024675587,5.228366541723447,3.6056889631894213
44.92662397830595,47.69800711449008,9,5,6.184996705450258,clear,van,5,69.82663015665831,7.189347783293733,3.569001031450439
8.450920278316453,24.000367001998047,14,1,2.180612436033408,clear,truck,2,55.94592534140132,9.0355924176028,1.5530312927535284
20.994553079531023,43.3994788575632,12,4,1.7742319137552376,clear,van,6,69.63523885066544,8.045015887297371,2.683604360906332
18.61005221808821,18.941317092907887,16,5,2.5748616334015066,clear,van,8,74.04054214225438,6.465140914553829,2.8296666439985967
16.263083469395166,20.097788649208496,16,1,4.889545766603252,clear,truck,9,67.0102589592224,4.92899449576534,3.8689147604716148
21.75592640953937,23.524991147735058,15,3,1.8855226425890517,rain,van,10,71.5138637497805,3.279964220105149,3.692808872393247
89.65357252832622,67.53572152466946,20,6,4.897388143129993,clear,van,12,86.52725284588573,5.428601016678654,8.107692481714691
13.562859087466466,41.07204375894967,9,5,7.744861993494122,rain,van,4,62.931163249775715,10.469026635407975,2.3405226898907268
58.82827952985478,12.73612732968332,14,6,2.194009632646323,clear,van,7,79.8003701180576,3.638823677595182,3.1460741622327943
7.0547714033787745,26.567186110769324,12,4,3.2793172482066653,clear,van,6,66.84383032045659,11.936904213377463,1.978743693119272
20.74057602437436,17.89191827061211,14,6,1.0,rain,van,4,91.36813915217618,5.573945719007711,2.201938930130307
30.882894423159584,15.269916008330416,8,2,5.0218459346162465,clear,van,2,48.910328979617766,9.310196846000967,1.5204270269308156
43.33574721022766,33.12475960109147,11,4,4.693238222225746,clear,van,7,89.55706182935918,2.9313757797323263,3.8203978113817727
47.89357030766663,28.42563638826912,21,4,4.061146725202132,clear,truck,6,62.02532008121487,2.6896998873101374,3.9900974186055898
51.14566756173242,10.169020478398561,18,6,7.157238806395457,clear,van,5,100.0,1.6185348272581652,4.1407207951215685
20.51220227932624,23.570065088125066,12,2,2.8000244751102765,clear,van,5,76.52917835994428,10.399424818929214,2.042193915480198
18.729851086085276,14.877296877911666,7,6,6.089539397041596,clear,bike,7,82.75372658574615,5.558070686431526,2.9996724909586847
53.85960238660312,31.632761092252565,16,3,3.909265786412844,rain,van,5,67.58623482599633,7.131249766854611,3.774278899812046
23.265150171362368,14.324739470270053,10,0,6.315078516283134,clear,bike,5,80.2107706261105,4.687166523091533,2.9564571946952825
9.771313911778806,20.19474120340506,11,4,3.4212640625253297,rain,van,6,80.20466229708862,4.960610814559865,2.1044342119313293
10.950336964439625,15.623498099734501,7,6,4.150113177123435,rain,van,4,67.8637786320577,1.424162173467645,1.6188399166231595
12.993356276817948,4.225446712873498,10,3,6.43618320803102,clear,bike,8,81.46444556324124,5.62289107690741,2.7080270894389273
40.355536421057856,65.31288511610285,9,3,6.3110534817562876,rain,van,3,30.0,7.632902391439175,2.9680510001323293
30.38474243562427,23.37219720316616,6,6,1.9675132178176094,rain,van,5,60.33787836356378,0.7581247998021217,2.6367270805207497
47.10543010611113,66.83112529456592,15,6,3.5036410852904742,clear,van,8,70.32103161146073,3.3079536280008117,5.232446345861172
19.263225868682024,24.186249605505843,21,2,5.368395600615982,clear,van,9,77.528394729196,2.477231952626115,3.839310018456278
30.778972717733797,37.447007914539526,8,5,3.7514332962308448,rain,van,7,84.58021209418781,6.388398101149498,4.050835666678456
44.72230252781843,13.480748590162722,6,4,2.383900701399675,storm,bike,4,66.20955352214658,6.1693105214569215,4.404464832252433
21.168680791845762,13.773166794347915,7,4,5.592678865789439,storm,bike,4,64.14328655681625,7.104130540925479,3.245260080173428
39.07255061109985,22.38423071471287,14,5,1.7726187213944686,clear,van,9,83.07284494222344,0.16405334908502667,3.7111113162301623
15.965964650086898,66.43279310207518,19,2,7.99966496303697,rain,van,6,87.27320777068948,4.738437997495962,3.232465882821773
20.278413030921904,10.49898770941436,10,2,6.905318826259652,clear,bike,6,81.09793707206497,0.9610641449875104,2.677103025696608
19.977560822287668,3.1346773164604733,7,0,3.0698320957131267,rain,bike,3,67.70440349643681,5.402947821273883,1.8222939834865628
10.415845824160623,46.94417368578998,7,5,2.572691170657973,clear,van,7,100.0,1.487740347455116,3.0526543874216863
40.027950981751445,39.078486392779716,15,1,2.7287573165392542,storm,van,3,71.19030260370562,6.09467810361592,2.75102350839046
18.624503903139335,16.364509427617122,11,4,5.100279488479505,storm,van,3,73.24648220741031,1.5323693236366047,1.9029694416065506
27.38499662470215,83.87023792268081,11,4,4.952392871197143,clear,truck,3,94.49410086252246,2.0859663344998047,3.950596260075166
39.8290811297579,86.26183278505191,9,4,7.655818458237428,storm,truck,6,92.92081165469844,8.72405684243995,4.967787999456022
38.753649841580724,3.8932807105583764,20,6,4.960583774788824,clear,van,4,80.61268262846309,4.099582816030273,2.6418051882283278
46.16897737626659,13.2096800010913,11,6,4.228920264219999,clear,bike,8,56.47491739946935,4.199893760430059,4.753208812325123
25.058462940028804,22.260106527513056,17,0,6.197776811656384,clear,van,9,71.68991495639719,2.0382785918287243,3.3241700006268395
19.324260946729577,31.01306305512517,17,5,5.534288806959553,clear,van,3,77.76159181337641,8.159786684963342,1.9128351256098814
25.437524625345116,27.72119999242316,6,1,3.4863075967011237,clear,van,4,99.28096705506098,5.6062004235930365,2.463676159635602
7.029618611833165,23.304932577426953,9,4,8.437461418496266,clear,van,8,100.0,5.339344408420255,2.518897365208578
8.519094212148984,9.0857018470345,20,4,6.274829999491337,clear,bike,2,61.01477454133674,1.7971574237148022,1.4967625308665147
9.410633846192173,33.85050536064019,20,0,6.029801490399665,clear,van,7,82.78993086069977,4.719958301032282,2.893272739585576
12.209355936998993,35.230829250689496,12,1,3.8015781752413544,clear,van,3,57.77517483802736,15.0,1.6667739473166168
37.33082457102946,44.695268643171005,8,6,5.980431870589372,rain,van,3,68.12698697973822,2.658420699345182,3.002808994781285
13.139418471361644,7.916298748738415,10,0,5.649073699019338,clear,bike,4,56.9875015451823,8.566514687163838,2.1425409428505966
20.034783877217112,19.58459167928058,21,1,3.4830013308266063,clear,van,4,95.03850925771243,0.632013239809994,2.165828589259392
76.66019765092696,15.711770694238947,16,0,5.342349211596413,clear,van,6,73.56749495702985,6.987360777640344,3.996570560645181
20.38886305602917,7.772634903820235,7,1,2.8221795618755645,rain,bike,7,74.40163041121242,5.770183451486086,2.8923167771973457
48.91149570154707,19.339251938700805,17,4,4.965651853493711,clear,van,5,70.7388812932914,3.8204407534152027,3.113561641698914
12.846942637535973,9.51920775610886,8,5,4.668313715796394,rain,bike,5,75.64447888148695,5.568773025209031,2.2387451802514677
23.00358224780358,6.558963458084881,10,4,6.085725065514914,rain,bike,6,76.15702735742305,5.65990329021981,3.3149089185245018
12.679447253599934,39.43197747575556,13,1,1.3512001433354528,rain,van,5,59.72204241275317,5.630715477729765,2.2617091846187107
20.671863806684346,16.292311033513155,11,6,3.4227559447779883,clear,van,6,44.682792651616765,3.3580219776567226,2.1729545487932453
53.1036949177749,12.661464098205908,17,2,6.453069067236217,clear,van,8,50.08871049989138,3.082252866260434,4.272539290903555
6.80830820632795,52.327574858907575,8,2,5.619376944310779,clear,van,5,45.839453745674085,2.420286615090314,2.437008041594374
38.38009304310149,35.98182146572755,20,3,7.866661010491084,clear,van,4,72.923680150656,1.285072422925548,2.893899464404491
32.79212784523207,2.7362256060926855,15,0,3.2515255511184105,clear,bike,2,57.7528277873935,4.164084451446506,2.2977588495502768
16.855550944285728,31.160964476208616,10,2,6.906564522149019,clear,van,7,84.70150539940124,7.863439209203179,3.053480808859427
8.526284757349805,31.053680369165207,21,5,2.2646522621189566,clear,van,2,73.60994016559702,2.9789189226697976,1.3501017665879635
28.72315540971021,18.70274566207563,13,4,1.0272884263967756,clear,van,4,42.468686440354816,1.7980601234277114,2.0456951242872212
17.7503606273521,18.140195185227384,12,6,2.5164643965276703,clear,van,6,63.84276438407083,2.4668875934757506,2.2694388069802156
32.659669532815464,4.801409294063658,6,5,3.62522728464457,clear,bike,3,38.15728969538941,4.632233321938082,2.503230332911963
27.590781585820345,83.23810780660764,21,2,3.479079693140113,clear,truck,5,52.836941263008114,4.627037031429694,3.6675366246957983
97.65326700707915,19.279780443351882,19,5,6.333042878319077,clear,van,4,62.64596966818866,2.2733205958333804,4.641621491742928
22.38778500889964,29.944960617206206,8,6,3.814872811886308,clear,van,2,55.81952251875658,4.220107837883613,1.6444412026254434
11.955626518098184,20.136820683613475,21,4,3.712130236946296,clear,van,5,98.27374808842147,3.758874269742288,1.9894069487153112
31.29381605707445,12.845497768279659,18,5,6.372830676191086,rain,bike,4,81.23193374229018,6.070827634725502,3.7450299702176033
32.33005675342729,41.57245766944122,12,3,2.291428914320452,rain,truck,1,65.08266117172612,9.868619064347099,2.1826103902633744
80.42700960999136,25.966750218978856,20,6,3.947492611189699,clear,van,2,91.40325579118831,2.90864186369182,3.6515027432387983
52.88337391446244,19.409727679900065,14,1,1.22061704994614,clear,van,3,55.38299171059739,2.593465570615091,2.696644518199924
36.07127518375832,29.711463871172867,17,2,4.731086516755641,clear,van,4,65.01728209743702,4.588477884057657,2.647886881759417
87.41285139420668,21.62268920790896,8,1,6.384954302125875,rain,van,3,82.80857349947738,5.207151513368104,4.675060552583121
10.474980000452687,69.8763616680122,7,0,4.533626281096775,clear,van,6,53.26561708419207,6.279410574479079,2.7612107212637054
16.251720397710763,40.59639598499019,14,4,2.7569939516757174,clear,van,1,80.27552309850924,1.108998157896189,1.7530098078402563
12.919518719857175,33.292218987944594,11,0,3.329239954303112,clear,van,5,74.39175270508225,13.351604268048746,2.363296900548723
19.848970810974173,5.4523634377833226,21,1,5.091789348777364,rain,bike,9,78.82114813750226,3.487849207752332,4.092005374912064
9.012847703043802,34.12456492862926,7,5,3.809872102610178,clear,van,3,96.96106276794477,2.7073226112799142,2.0229835239328535
45.06566991617486,33.52122344778618,18,1,7.778762551746645,rain,van,8,76.83303265111886,1.7980298272000401,4.544705080685629
22.696752267175132,9.677889819445578,15,6,2.200710271882654,clear,van,5,71.89060458002821,3.0148720881579543,2.605371874188473
8.359135096581953,5.318762946146474,20,0,5.720597291928023,rain,bike,4,47.53967284419241,1.2580352412117384,1.891059182342584
12.03160256345237,39.4427393958728,21,3,4.440757783460998,storm,van,2,73.15427811197657,8.515579117320224,2.0397289942431196
34.84156525615882,42.92208856539359,19,0,9.066725195651962,clear,van,2,62.800823764654,3.8184893788405794,2.5654969857660657
53.01109622186455,13.834351710872836,11,0,4.966865885088517,clear,van,11,68.15307932810802,2.6083619863244545,4.382824058464252
133.93903226978807,13.307490828610932,17,5,4.786946058158365,rain,van,5,62.89850607364049,7.525298245865557,5.917264397617148
278.9660173544133,25.63372862707107,8,0,6.43458442897369,rain,van,2,77.37268951684321,3.6433227394192493,10.712611780341172
37.77046872469662,16.248796697835775,13,6,1.0,clear,van,7,55.14073091244326,2.5962121166386303,2.9454839416951697
12.284883268501373,5.193370556598129,10,4,6.587827034855752,clear,bike,5,73.18076188344538,10.996195702485084,2.102812254119768
4.9251906050834435,9.57617311337038,10,3,5.339087578799301,storm,truck,3,54.37639542985559,3.09952437141336,1.6766044203996633
33.588010397293026,29.153450367754164,15,6,2.878377715512192,clear,truck,5,43.01895247108843,0.7708447060230825,3.6409873141278006
14.149044902459332,10.083117311183976,8,2,8.378945011933723,storm,bike,5,64.87398454357803,4.208006903351962,2.9023046184870616
19.44741569055345,44.424963853138195,15,2,2.4517066372508634,clear,van,7,76.95839199196303,3.8549024995005357,2.9940764904602535
16.615276790686586,33.13546293779254,12,2,5.023760532401086,clear,van,4,58.34507190573274,2.658991660384408,2.4857625247167983
24.22456717797335,30.01102412309586,9,4,7.392513754714132,storm,van,6,72.04885986075216,2.3708082704206603,2.921299124120515
63.61085835527661,25.233902153113267,14,5,1.2266604553406864,clear,van,7,64.55529670226187,4.446529614160691,3.2879875500352216
30.74227840553262,12.347447217857432,18,3,7.136562093043115,clear,bike,3,54.4686733237711,3.1431017064084155,3.183184557602587
23.88121413411434,36.41817972068361,15,1,4.79968106939128,clear,van,7,78.35944456489979,3.4820353644116757,3.136187206811947
11.839921480736894,12.041862764373622,7,6,3.63884011636397,clear,bike,7,60.23011466994164,5.0626626632058045,2.514178660094267
7.101127996938167,46.14116144944125,14,4,1.8300289175051376,clear,van,3,75.61933489843055,3.3498535802571103,1.640995330851596
18.3743132957617,62.72313014909035,15,5,2.1634047776557304,clear,van,4,48.09720135476187,2.778983507189049,2.3815084941307663
25.970829330669442,25.851985586878033,16,3,4.631742260830685,clear,truck,4,72.0521553539032,6.345292339281169,3.1475173785753805
111.53561209183565,57.258898357760984,12,1,2.6785413448402355,clear,van,4,79.35789628619725,3.1372984148547327,5.734618085664561
30.090804212225763,9.69999427962413,7,6,3.521168485620827,clear,bike,7,75.27658861635673,2.6571850295549106,3.8105831956466765
59.512811506963594,33.40156654849268,8,4,7.422575976877623,storm,truck,4,83.38811446139471,1.5099293223942665,5.458180317734656
18.184389771278923,22.85889283515334,11,2,3.1542040609451645,rain,van,10,79.68240967386558,2.2073776019445406,3.3470246632663496
10.507034517230103,39.91639508997635,16,5,3.945401573141947,clear,van,7,74.48824682617493,1.7211720986063677,2.703894235856336
12.527253991909976,2.9391156486964105,17,0,6.181574912581328,storm,bike,4,82.69016789507239,1.4219351457766274,2.2025516438810664
15.17757710719198,38.27582757773263,16,6,3.030461034083846,clear,van,4,64.39363399991983,2.393866947784274,2.0806088924302215
148.82569455430462,13.385466914075026,10,4,6.8615126271635445,clear,van,5,77.81917544362904,5.159498796557842,6.359690656819876
14.053769570403798,23.72770561007265,13,4,1.0300213686094444,clear,truck,8,70.32670494128703,4.101828859796527,3.0697803521943956
53.026477431677336,82.3034244199283,6,0,1.0,rain,truck,3,97.75922067577703,3.305682959918328,5.059031799542898
13.166270017478295,34.20281766790401,18,1,7.9525534382403675,clear,van,6,74.10242739297232,5.55264620453869,2.576555911023794
57.12594605981599,31.06382808050999,11,5,3.1347206821779277,clear,van,3,50.718097480677635,2.8143062380159276,2.8320150391879237
36.890747446047634,29.264951373780285,14,3,1.200673402053842,storm,van,5,73.79549962215566,4.930196051751558,2.755896260566823
23.91939609438652,49.46943598410693,13,0,1.0,rain,van,8,55.73173431810697,6.192905286455769,3.6363393384592686
26.242755738708098,40.87229613729269,10,4,7.548279995066634,rain,truck,7,80.92733966236244,0.7889953793873934,4.072511728361196
16.057400660690742,29.501531215862336,8,5,5.173361686011106,rain,van,6,81.1974383268076,4.069949608685396,2.763704040125837
38.73942290253046,26.90030934859197,21,1,4.302744894775442,clear,van,6,60.86394164751971,5.366572855791935,2.878076861813351
18.840583042572895,25.593937893649404,7,4,5.811757387919417,clear,van,4,54.43250603322514,5.135183731157564,2.1046000240569973
10.170744256906332,21.910175156428945,21,6,4.247272647506868,rain,van,4,71.99147792345754,4.2195706292459105,1.6511291275534672
9.753731605376037,7.787850104162209,7,3,5.470982877184029,clear,bike,4,56.44055867419139,2.921280504327481,1.7769610934209472
31.12683578773793,33.68420868015092,7,1,3.111598318258647,clear,van,2,57.42322020692178,3.5810078145279083,2.047668327604794
95.8968375807593,14.541435792006062,20,6,4.017997661625692,storm,van,6,62.409057539384754,1.0587784018509367,6.0315176673897435
30.814744435148388,19.909455557780404,21,6,3.923282841147228,clear,van,8,79.36466446262256,8.856541333304396,3.3974491671787725
24.657702815332524,42.80194066385853,20,3,6.57148904163343,clear,van,4,47.74094719220999,0.9734651846136808,2.7091288095379498
34.07830318953161,22.308211916041113,18,2,8.772656654958547,clear,van,7,58.68274043717932,2.4835360219205267,3.8324345475575723
77.07672800951997,20.997122178066107,13,5,1.0,rain,van,4,100.0,4.091378875839002,3.272729787164927
32.314175408508596,25.910185856459023,7,0,4.618439393529179,storm,van,5,99.30705976861094,1.4484432968363292,3.9131286974636734
19.516460063495348,17.954786345007456,15,2,3.6991314898488024,clear,van,9,88.14698070092842,3.4229146459417947,3.358529859882262
65.69553534772257,81.14284112314557,14,3,3.031888855886918,clear,truck,4,70.65685700689477,6.399557080795774,4.797654781161278
38.206480612642615,73.89932623917392,17,4,5.914537491361015,rain,truck,8,81.27991483005691,5.768128275953898,6.134464073034022
92.62923398371464,72.62898555765894,6,4,3.0915685536623005,clear,truck,4,64.22927630921195,4.04354336247049,6.64808269599463
31.393081987704416,29.33575884594339,7,2,3.435035787179582,clear,van,6,30.0,4.545422722343104,3.045782977891372
10.179997592442733,13.774179376579912,15,6,2.091816401012349,clear,bike,7,61.44680910899527,0.45686546515075155,2.320552097332291
9.074539550288522,43.60027323637679,19,4,6.938577879959216,clear,van,9,62.890300734083795,1.8155152389225326,3.2583936893015943
101.56940376894771,18.06580198159302,20,3,5.632957083685797,clear,van,8,70.423423700884,2.6757017114655866,5.880087620517914
107.65509765136412,46.2606366540883,15,6,2.1334034037867573,rain,van,7,77.24459419812479,3.2430068140108155,5.816662293387891
23.48553334793927,13.23312801840355,11,0,3.663831194485008,clear,bike,4,94.76390585178993,6.580114738673098,2.6856661681808034
19.954409432342764,30.88335943549102,13,4,1.5921287219127,rain,van,6,70.47669977331698,11.354601900311504,2.70964854892029
87.28297562395622,50.77905854654971,14,6,1.0,clear,van,7,54.94718250865353,3.5413465680114,4.327616838136493
11.182649824589813,18.87848348719595,15,4,4.4765932138797755,clear,van,5,67.0610857470584,3.446223739420954,2.185881125627712
13.252926352446002,18.824604190958397,9,3,6.599555009908341,rain,van,2,79.66158638295337,4.018824046809347,1.525193316376326
45.36139603588998,5.909376329780827,12,2,2.9494903438356452,clear,bike,4,68.31674514208424,2.342790142106278,3.5888075569067266
19.77297095296303,13.583050067629804,14,1,1.0,clear,bike,5,57.94720855398957,9.533126531719704,2.19434432773938
27.00177235489817,28.920909607982352,19,3,8.859046257725097,clear,van,4,77.86860129166327,2.1420051059619105,2.592537793062148
23.789532694420497,32.16638273314381,18,6,6.352070141533995,rain,van,8,52.85803158794411,2.210896961225015,3.6588511700159874
35.51871139028203,35.58207382835899,18,3,7.417827392090546,rain,van,4,56.821416273147136,2.7829742758579226,3.1512581929093773
83.59514874584552,3.7724554948293885,9,0,6.651892507956591,clear,van,6,76.24138677298271,10.372118505398785,4.332539559796527
29.150379323398695,18.134886782068847,12,3,3.3810457712235054,rain,van,5,58.2218228270092,5.335151544205419,2.511551224699833
45.383610361752844,6.656325392239033,14,0,1.0,clear,bike,3,64.71174691262846,3.9901918289194063,3.0858852181830203
5.258586788037346,27.86948179158216,21,6,2.7702679820871534,clear,van,3,70.23859009320586,3.3066912069257297,1.3270803366053923
26.07625886800078,4.808985545687755,11,3,3.961313522514352,clear,van,3,69.37121132458223,3.813681094890276,1.765850611313427
13.810315097312245,8.701626961985262,20,1,6.1354008021717865,rain,bike,4,55.48481414447059,1.8447102605889678,2.197381651687911
10.226164179781593,40.38822428202144,17,4,8.244142567269765,clear,van,5,74.93321611996079,0.7041251334222494,2.4941590664617945
13.429826699348633,14.937602444610043,16,3,4.017046862305017,clear,bike,5,56.2366716972915,6.963526566480608,1.8969343025917484
20.75321651509955,57.58540269477989,17,3,7.032074589976356,rain,van,6,94.75969373386361,1.5778944157090715,4.311065284915846
56.41426397490498,36.24287123406083,18,4,9.222252775659408,clear,van,3,63.97906135210493,9.286530606507469,3.4168493383142753
9.382871308350127,18.96256029420377,17,6,5.52840566569237,clear,van,3,79.11841376966709,5.444811430664136,1.578483877167596
27.78524693594059,44.86243649407078,16,5,2.8906444539057476,clear,truck,5,80.99717276342712,3.542034432988011,3.600248087653558
18.405774618372494,20.255987851421942,12,1,1.6579278162211046,clear,van,4,64.67690018435077,5.145075857989916,1.8466223326681985
20.86058565142363,38.802363575223104,12,1,3.2818541111820254,clear,van,3,55.493762047229545,4.342716790601449,2.1455543442608027
60.47356093875785,13.018416386312982,15,6,3.642193445415213,clear,van,3,80.94490773014466,3.8587464414445036,3.1161564993442066
41.69963390889964,46.658650409913164,19,4,8.20969742782086,rain,van,7,48.66103948271283,4.0745722887427895,4.2281293537822835
79.03718879594659,5.316305579425635,16,0,5.273880161812444,rain,van,4,50.95320240436885,7.021831597945733,4.088694985293829
23.960232014257162,8.689461725890041,21,3,6.360585954508488,storm,bike,6,79.10473347110297,5.228818192282587,4.053551389700632
15.537336139694972,10.148808677993527,16,0,4.957021066176019,clear,bike,5,66.98826993269294,3.682700557642088,2.5309786199460182
22.6670640165351,14.221168105117899,12,0,1.8050115923755272,clear,bike,7,59.396625029620346,6.284336494958966,3.523700584600562
32.917269636524466,29.67580563674335,15,1,2.9485651955161307,clear,van,5,62.519941868331834,9.969363224528177,2.696172541801246
31.226237494731453,23.229246309557467,15,1,4.003888737929487,clear,van,3,58.067575133391536,3.6412428065748417,2.141394104616573
11.387195725820257,39.113918119911354,19,0,7.573903118639153,clear,van,2,100.0,2.4902695474002416,1.8652873349800678
29.148161057551754,51.25843976851121,10,5,6.00758311019564,clear,van,3,85.27586616799212,6.57034399300811,2.8400939067175037
32.54366298405349,4.702449300571848,9,3,6.946455846097036,clear,bike,5,57.63528283460264,3.6754525115982544,3.1080145261623997
203.15703065425572,55.468110256700015,9,3,7.267483301245218,rain,van,6,65.31026793349471,7.835711736786298,11.069208316650531
121.68986147750765,19.907370448299485,6,6,1.8607483008332721,clear,van,3,78.95223847393206,1.8346279752495973,4.352486794674822
13.700129968664932,71.70320857719614,16,5,3.5573263831876782,storm,truck,5,55.362922305201536,2.966242376351269,3.5544112655657387
21.543912860111554,12.524892010192058,21,5,3.5995805952700475,clear,bike,7,61.619136179007725,11.892814256049302,2.7081833200809364
8.408527744309675,3.295592219989103,15,1,1.6208830419791929,storm,bike,6,65.52822941356298,2.8781423394520425,2.201989115436145
16.902041083858297,36.53084205320985,6,5,1.7880664990434911,clear,van,4,56.779261924830635,7.990227606274434,1.874866299082388
34.899901361009185,34.944164054941155,11,6,2.2586980045934926,clear,van,4,86.44607167236919,2.4268048755020173,2.364122219022522
71.14235692077878,8.910091862101837,20,0,5.914202781246112,clear,van,5,59.284604426026874,6.2711295717549564,3.422411838028106
15.13080799390741,9.77285166205942,6,6,1.5052101173761918,clear,bike,5,68.25346265593106,2.1025126487716466,2.181684826264496
16.065640289406023,41.16342699820554,15,6,3.135630207478514,rain,van,2,71.75019264324922,6.673169707737584,1.7504284378134523
4.865496550017096,30.718255660051888,13,5,2.578049450754179,clear,van,5,93.79217276840541,3.3651208093419385,2.1206920679167847
23.804324445529122,18.36426809920628,20,2,6.688124990623581,rain,van,6,68.70552409885181,2.9465626351023984,3.0606362200875603
11.589140206425466,32.9841639720269,14,1,1.2688318174659408,clear,van,2,100.0,3.4212456655866066,1.663493212051218
17.751117258957446,28.54456187102468,15,5,2.2476654447192193,storm,van,4,64.55959758948784,4.108592325868914,1.884459794589428
13.443710521572264,10.750880985938633,17,4,5.162139146902932,clear,bike,2,66.68819854936555,4.605889336628358,1.61508825685773
25.143262213014435,43.30832252601104,19,5,6.100506852357174,clear,van,6,84.05450975695909,1.692088544663657,3.349652309925491
6.644684999576731,37.673806028103215,14,1,2.800888136221225,rain,van,8,98.80115686496673,4.9342962260387635,2.873772455491555
8.384324266764486,23.632919708421134,17,1,7.033576454659117,clear,van,5,66.03247379483102,1.3913378792962428,2.0677064636353664
148.91827858680006,41.18209688734287,18,6,6.596617445031752,clear,van,5,88.54236875570905,7.284586853145501,6.885395862960592
9.680000326141363,77.62885233403296,14,3,3.289728453649041,clear,truck,5,82.71127920270237,5.162822175660549,3.20620344292482
11.274815676087762,9.66560748334728,17,5,5.1997195066115935,clear,bike,7,58.58833692563098,5.156546523314635,2.813279922635391
117.86392990064236,19.029143969899796,11,6,3.0584162564680066,rain,van,2,69.72853731489126,6.626685242921769,4.419347708699027
277.0100356715723,19.781497089923928,11,3,4.755509000354835,clear,van,5,69.3898152846103,5.27512191736823,9.508518485687656
10.620081573870705,40.558953396742794,6,1,3.401857296526779,rain,van,10,54.52719988059877,10.234313772280029,3.4984334470272835
20.19430905108734,14.073235190943333,16,6,3.0103599522718474,rain,bike,5,72.46271072015786,2.1259854968759067,2.471580356064781
35.63201176702082,38.99867092964905,10,5,5.106204441201328,rain,van,4,71.20018147746866,1.6381765183090018,3.41176334408893
108.08934087960542,15.508658332692903,19,4,7.537476251928261,clear,van,5,75.6209726972071,10.445413982657456,4.5733340214922675
12.311260572359846,8.65092821699922,21,6,1.8227468112940908,clear,bike,4,71.04756556586625,5.287450445818683,2.1207601777318477
22.28196759328748,24.699640467660508,20,1,6.591974860847454,storm,truck,10,59.99099598389435,5.657716744847522,5.357510909038996
50.49478485999064,15.229161584774035,10,2,4.968155547499178,rain,van,2,100.0,1.983412272960908,2.584939073908731
38.390608507843574,26.564684793433784,16,0,4.549701006130531,clear,van,4,73.25437129279938,5.47020263490931,2.7565175596497205
20.06696926162451,31.38734062771968,18,2,6.544681984701682,rain,van,5,89.49850807209523,3.8136751280278154,2.4976974567339294
24.359980159895745,5.093020761689538,14,3,1.7072175408212158,clear,bike,4,76.5710377496613,6.210821340525124,2.1284330594905922
9.025765795480817,16.71875858002014,14,3,1.9360721610492622,rain,van,6,92.60475783788704,4.252995070582118,1.7604181608402638
22.408962822138587,24.7149442099071,13,1,3.160541692606289,clear,van,5,58.359615669283514,3.803159012841755,2.456273727005825
21.90883561052681,41.3038759085416,10,5,4.376206586356531,rain,van,5,68.66631239948225,4.285578386003294,2.674984033194327
32.64644317145125,37.867877889087126,15,3,2.047739820225601,rain,van,5,63.278959717323374,2.6940033475982963,3.130682261236312
17.387268186096044,11.586319133394287,21,3,4.578504381912893,clear,bike,3,61.42052124067463,3.117618501190552,2.09974984046177
39.53675786453943,20.553071477315573,9,6,5.426425420603116,clear,van,2,74.01271268493375,8.224087019883788,1.9695604127514998
60.957241188239074,32.56549364379878,6,3,3.309124864904911,rain,van,5,66.30676729416733,5.552259827766308,4.0263085523030115
30.702480891763802,19.455471790825808,6,6,1.3318371737767238,rain,van,3,48.592670856676094,3.6471444989319752,2.1228251192133833
35.92398314843848,12.60035477008918,15,1,3.0763996888243894,clear,bike,6,65.45911197276352,5.524045449680796,3.438279556985506
28.290449609436813,22.556787463145486,10,5,6.778672071727022,storm,van,3,64.21001346266797,5.013460113128693,2.80295056800042
27.11446947798367,30.401819968645956,13,6,1.5679063338582953,clear,van,6,83.21106014327756,3.1743586228013245,2.7427462345653293
15.222179975648942,10.615008220193385,21,5,3.5790069808149174,clear,bike,7,48.296123033475666,2.695421295886707,2.5701412376394734
34.92473821001322,35.10114088330292,7,6,1.915616962171394,storm,van,7,62.3065349978347,3.1064128284972314,3.596888556058963
25.08250826347055,25.812339142187867,8,5,4.120566377249639,clear,van,2,58.74412011474469,7.4788153417535765,1.7115608133708595
144.68148153955005,36.00119289679188,9,4,7.367781926121965,rain,van,6,81.17437498870648,3.6332974255391504,7.010661188041379
95.45776725512884,22.175311022222335,13,5,1.4954113070839945,rain,van,5,61.81817566755297,8.097092641135157,3.420941721378803
36.917187999690476,70.05601156301736,17,6,5.48346076554225,clear,truck,4,85.69091444962436,2.9275147519232685,4.783699392394525
14.725110477768176,29.980138536308683,8,4,6.343638208191477,clear,van,8,69.29377708929957,2.477472202383299,3.27646353999314
11.134749706986403,38.88064393744836,7,4,3.0011379120496557,rain,van,7,77.34660906384573,3.765806035821794,3.1768858605968653
70.31002293934588,35.00124159822937,7,0,4.867806486851718,clear,van,5,86.58553501329033,4.810891458942081,4.386950319631832
33.45493736838206,20.34523719775133,18,6,5.224193666406597,clear,van,2,51.9679328344386,4.290827138187409,1.9237555809367426
39.809864076991346,28.07359080787064,6,5,1.52940360846241,clear,van,10,66.29234199916823,5.198748291587138,3.8154622753047605
6.714915260225851,14.352480607192241,16,1,4.470709571090893,clear,bike,4,76.31647891575888,5.298694109341203,1.6516300688024441
56.9373069950909,66.74199983830074,15,2,4.16133498951783,clear,van,5,72.96823485440261,6.0445472441578865,4.286923109640435
38.99901036578822,32.3901524800004,7,1,3.252460379049872,clear,van,2,50.54505876542993,2.029467414599549,2.3528059807709996
11.152408153386027,11.962886192783792,14,2,2.40109876517345,rain,bike,3,80.44772327986266,2.7593413903959134,1.71603876687113
18.59290681661915,56.93478759040431,10,6,4.927835009409546,clear,van,7,70.71584699971773,4.455418756896787,3.4401206154706934
33.480854348985275,21.15751999605243,14,3,2.808839184655759,clear,van,6,71.92341540387675,3.183514485718396,3.100725688491153
28.274870407003455,42.707540437040905,8,2,6.950911699297474,clear,van,5,66.67969140938659,3.791568524076329,3.0001496727986514
21.461551917869933,4.945461869471221,16,5,3.1064370997292663,rain,bike,8,30.0,4.097295124758484,3.0003403189657014
24.95837371045169,50.13847512299758,18,2,8.582406419441007,clear,van,4,78.18186699777537,3.5143587116769597,3.033325964245503
22.16286404497209,31.450697718725312,6,6,3.205598508169455,clear,van,5,78.82034724912016,3.147768866086524,2.285236210452211
30.632146896322077,11.142118734371747,14,5,3.2535283050475057,rain,bike,7,63.678457735536774,2.3358001198138107,3.600480606077597
87.98739612732233,31.060986371045338,16,1,4.688660278440819,clear,van,4,47.732189232836745,3.591479760072074,4.295551333535893
3.478750742354887,62.37336534119897,6,4,2.8026259446675463,clear,van,6,61.968787318246186,3.055877792266665,2.820393754754722
22.432701628751467,14.710576214196733,17,3,5.860225417435137,rain,bike,5,84.92491777463184,6.422369885684562,3.1295114069859338
31.22471526321846,14.547899776084478,14,2,1.1157618167181225,clear,bike,4,63.88229958033903,5.662496089698594,2.5294826292643497
34.35663613628419,20.10753728250469,10,6,4.5806558082184745,clear,van,8,70.33780135304721,2.0025308807559328,4.22687087361744
20.135175993546497,24.542387350665994,13,2,2.289032065338419,clear,van,4,64.99651290854081,9.495090478030423,1.912604019673439
6.650038033782081,44.63161501767502,16,0,4.199527796717198,rain,van,3,74.73074965775659,3.125573205828818,1.9825636226378591
35.247562818640716,32.69983932315121,16,2,4.765296032915385,rain,van,5,50.24730530065142,1.605536725710032,2.939505431306136
107.97288937765163,20.094065188308612,18,3,6.609588406905425,clear,van,8,66.96623345439852,2.882221374729938,5.494352331055197
7.947924902703304,28.95278244265228,6,0,2.5310970001535953,storm,van,2,86.44417128198526,1.4278863816319574,1.5466115015994022
54.11234838729321,69.13876730658878,18,5,7.8141572284487655,rain,van,4,56.24393739325359,1.5765128941942115,4.309683447217099
20.84636977347476,36.74194380324739,6,1,3.4731554239872184,clear,van,3,65.87789212936735,15.0,2.050446266598013
25.81460774419224,21.779399997222406,16,0,4.7800737420337,clear,van,2,85.79392033090566,6.25061046292397,1.7364610848259163
11.677701766086855,19.640271387225688,11,3,4.369126492613297,clear,van,5,81.20052257147965,1.8732742705343082,2.0695216469709017
20.747693048601835,27.731065320768106,7,1,3.763215974832931,clear,van,4,76.78581588768799,1.180242858365918,2.093471243617099
76.71027598681098,44.26079354649308,17,5,3.588658195656256,clear,van,8,75.83278083356407,3.7755947525554077,5.3856987509179675
43.21225750692734,13.036897873112647,14,0,2.648654074767408,clear,bike,4,75.59529904640752,1.048485574856773,3.7202412497286037
108.40229759729824,40.22598547311895,16,2,2.328378985631788,clear,van,7,66.5429991367005,3.667000474690786,5.237165076553166
69.5419043513285,21.448751811578713,12,0,2.4250731949204405,clear,van,4,86.53185702047068,5.028274455013873,3.3087821310022325
38.52353461151191,23.90866652569197,10,2,6.000845941329726,clear,van,6,62.97207807233763,5.260058243518139,3.0467855094489655
109.4149593882133,105.68237022302057,15,6,1.9684209181644423,rain,truck,3,55.08566754716443,1.8600019912276746,6.998768558014558
38.5206525366657,37.474756649565826,9,4,8.737111812595934,rain,van,3,49.24132481717379,4.59805783234023,3.4259572538829195
52.5828773686334,15.620759844295197,18,3,9.232401254510696,clear,van,6,60.75046253297342,7.310598046087113,3.4670579285272503
21.38614403172553,31.386240365858367,16,1,5.113371025604934,rain,van,4,60.55935878168357,3.196978325949263,2.406981918713698
28.59513655060384,45.76781921784017,21,2,3.5467669034601164,clear,van,4,59.329167853494894,1.7957569476393949,2.522974262348446
15.518935777394123,37.75866541650145,6,2,4.213808677957803,clear,van,7,52.36585420305194,3.0966930477554144,2.3038945349152486
59.8395699918831,2.656350024006525,15,4,3.402891894171528,rain,van,9,75.6103942794407,2.024023781674974,4.432816651689282
10.56299759868266,23.1773675398631,14,1,1.5293674746353996,storm,van,3,55.80276213456801,15.0,1.733869933906114
50.69768627398124,32.36130762940103,19,6,6.244515090155045,storm,van,7,78.22682681053422,6.582060175582854,4.790150344950596
23.277312039958584,30.5474822099468,12,4,3.452377767841168,clear,van,4,80.81507310771657,5.761872349781704,2.77661068086014
69.19977940114762,16.65560247222936,20,2,5.760786594642952,clear,van,7,100.0,1.1899548485406937,4.269216839716321
49.436805183419786,38.204865887125635,9,0,7.112431408225983,rain,van,5,63.180989384875375,1.4786882360707359,3.6744298736392516
116.3399985614356,50.282621224883705,19,4,8.02610805314169,rain,van,5,67.60485035889144,3.330320018991504,7.607041418994126
48.648440514163916,5.266480011482954,14,3,1.402267841205809,clear,bike,6,58.805038163407616,2.9839371543307665,4.349055113182403
7.708840564112906,4.760460316292698,21,4,4.070954038111697,clear,bike,6,52.42667329774748,2.5851155065059,2.2189336513837117
25.698624310173628,31.19064455746925,9,4,6.179635304453198,clear,van,4,63.69627401107428,7.885123107664443,2.201025084675986
10.61633917487936,40.3859294041855,10,4,6.698707705496966,clear,van,5,58.35993648567633,13.777752065404341,2.1722442607017864
17.91030286127607,14.76202599952711,15,5,1.5997289260282814,clear,bike,6,52.23951910655922,2.5897761516957596,2.307170647035932
90.82937501066226,2.8569403243827822,14,3,2.5163941657429203,clear,van,6,73.55005839441779,0.7803508891951021,4.8108721275948145
45.15166014433118,23.467063453521057,8,5,3.6908251529284835,clear,van,2,53.91967908781339,2.677645460869621,2.160175829070314
15.500242316677019,30.87285863814355,16,2,3.380372132150475,rain,van,6,78.4882557113143,7.657730546339879,2.340221693515174
12.049535444232841,18.87428229045082,12,6,1.202909340671984,clear,van,4,82.83747238794858,6.582155781537002,1.730261121172509
27.833092050338408,46.533729012859595,8,2,5.772027136450138,clear,van,5,57.029164211082104,4.07514733526361,2.9791471368711564
10.244611709607764,29.557095609161493,14,4,2.4272564984141773,clear,van,4,90.97770630217147,5.726484090405663,2.0584800674487242
15.84870475541307,13.487256689282951,17,6,5.2837186332149315,rain,bike,7,76.01783011127591,3.16929557514225,3.0587605771798567
34.79965862970205,14.668097126550261,6,2,1.258888311017204,clear,bike,3,68.90674386516511,2.514329754861498,2.644367224152618
68.3232165406683,23.847753490460928,20,0,6.104978159933065,rain,van,4,43.32043981937367,2.1749792987707326,3.8998057197007103
44.12423499059545,17.8908097944917,15,1,2.3072588953444852,clear,van,3,44.302156297374296,3.9406014100679068,2.1730308384671178
4.336069935839377,4.437180773956667,10,1,6.431116087147797,clear,bike,3,93.58997073651568,2.7291915843183405,1.4132744586661126
34.587535905688505,27.773477056086428,18,0,7.558817961567238,storm,van,4,89.79458280806676,1.9049367965360264,3.424590987979758
28.72095106148826,14.985616137673702,19,3,7.708262146902774,clear,bike,4,93.99439698995964,4.431771247213299,3.464348059724454
37.75478521403057,17.120952782943604,21,1,3.6910691655155703,clear,van,4,97.85925792934488,2.9521865632461353,2.506128264086382
98.78717072105326,9.587379894120204,18,0,9.152645194103048,rain,van,4,90.62065443200554,7.825430564115843,4.512070321069787
5.203905381242732,63.44162861205271,9,0,5.9731418259011875,clear,van,5,73.57570658077663,4.980852505777508,2.989024775250024
16.896681806610022,35.962408683126355,8,1,5.683900067243086,clear,van,8,78.39711236380202,11.37456671777049,3.2719711322640004
43.49843925409181,73.76657909844853,9,2,7.0860841271061235,storm,truck,3,59.735088477478754,5.3176869865785585,5.055783283136186
7.6501440707343775,18.80091061948268,20,6,4.790823363953256,clear,van,2,73.57897887540716,3.731275482864386,1.0376478446292614
88.30168926870292,37.38342658720329,10,4,5.392624506766093,clear,van,12,81.18411965685243,7.069968501930078,6.083432558460168
36.40424141193942,28.123592963568836,11,5,1.7959176449471188,rain,van,4,81.472426296318,10.565938498050999,2.925659935956455
53.37098192784467,13.930400201082364,20,4,5.686682506443392,rain,van,5,68.11823876188993,1.0295752028710772,3.9629015592926846
17.171397624022145,18.65153626953311,9,5,4.832496418389241,clear,van,3,39.55572479012298,7.120171486662809,1.593120793187772
51.98789754493847,35.916343442675675,12,2,4.02889755918109,clear,van,2,47.30131166056859,3.933095884370752,2.973883233871775
63.737765047205656,9.574903455895477,10,0,7.815530035810033,rain,truck,4,77.14003729974128,5.3749583307580515,5.292234210201055
32.66494276499313,46.84315799576103,10,3,5.963139950535108,rain,van,2,62.41957150901449,11.089115181536197,2.494992368530344
32.70476265236201,26.47848979348934,15,0,1.7839113508732685,clear,van,6,79.97828108705852,4.150660335902519,3.176395336449133
33.65880181495339,42.777984477246385,17,1,6.83032828089693,clear,van,7,51.74154892261485,1.8088606488653862,3.968898895963434
13.589858121758159,30.95939194569233,10,5,4.018157441290954,clear,van,5,90.42379105148032,1.3243663612965744,2.504810453953171
24.094342353188118,5.310292454966483,6,3,2.2373395735097064,clear,bike,3,55.93569030953293,10.876812952882554,2.1879348693285054
23.99827551052248,23.190642571358698,16,4,3.7840419897168913,rain,truck,4,92.14779823352409,4.958783292364621,2.650001547354796
36.8448219382662,47.52409946384293,14,3,1.8825466742746413,storm,van,4,46.72745316559167,4.1570686727960435,3.3802763211861397
60.331804200186085,26.19566251716257,16,3,4.003345437470922,clear,van,9,79.0501572435535,10.11674361211928,4.20972814932198
11.62515325273244,23.637395637518296,13,2,1.1483603168938001,storm,van,3,56.02793331388586,2.4068914053116335,1.556793768015775
24.532352968479334,26.17705261305383,18,1,7.211316097102839,rain,van,2,69.86700517204135,2.415361650995896,2.3654236259724364
88.69153388364973,4.061789954254234,15,1,3.723671981403315,rain,van,5,86.14510738029146,12.210385050271077,3.9774402285505737
14.956252157819142,50.821180103808445,18,5,6.191496068845193,storm,van,7,83.52653735540288,2.144885087826984,3.5044223749484504
14.044066398244679,2.027477260046895,17,6,5.0921654702526435,clear,bike,6,57.65350082298152,1.5654071496455038,2.4342033617069467
31.875731539209742,57.91090189976684,13,0,1.0,rain,van,5,60.81148705168326,12.091060380498181,2.72051001020748
53.277182956072814,17.77022972271767,11,3,4.81480751941438,clear,truck,2,46.4084090038874,6.9432024565562775,2.8835149019388533
27.36160749357372,32.498982679495896,15,3,2.359300670982072,clear,van,4,43.120227196079234,3.924695203318433,2.4357690767808484
78.50548322504916,3.67331596527767,16,3,5.186296482157679,clear,van,2,57.492118025142744,15.0,2.877375800583332
53.808701179592546,40.08877826142847,15,1,3.031136426470724,clear,van,4,57.17909313314909,2.8758012113187954,3.147491820581969
53.16796501014067,35.54873051471177,14,0,1.8333084592015483,rain,van,4,47.40556488053552,6.04039573422041,3.2172956935017276
42.236855841596395,34.06687962368578,11,1,2.7143489161543615,clear,van,6,66.92051951686571,5.597443010100307,3.513650706609307
174.5345088034498,3.481643450131288,8,1,7.743564025496664,clear,van,8,69.5138724885864,10.272208505771522,6.5698693011678895
23.008659588269385,12.39861729106257,12,0,3.3281157034485687,clear,bike,6,69.80075193569748,2.37282631296425,2.9763944900231043
5.458544430234372,31.075009746806508,20,2,6.9303491869080025,clear,van,8,58.01534718560911,12.090649395714108,2.653291410822242
97.84684882785518,49.90738472760072,17,4,7.694955160689133,clear,van,9,61.31398002913245,14.748835746687844,7.006720152819706
18.79969140802707,10.850842166491214,18,6,6.397611230927606,clear,truck,4,65.24782674388965,9.14968592053529,2.525093739282211
29.556519792584098,11.119401510233523,17,4,7.321813037432435,storm,bike,2,82.25572896176365,2.5893462405082106,3.3228696098038975
77.29587169464959,29.645980688490347,20,1,5.857029460959336,rain,van,5,59.84830274571502,4.838974506985792,5.0927222552574705
7.524710718357879,99.67714027905346,9,2,7.590068190754315,clear,truck,5,44.819461265723334,5.581765965255258,3.5162045844126166
9.961047419971937,14.13775879355701,17,2,5.735815630387268,clear,bike,6,65.1825303909772,5.452799949840879,2.0759601089164987
7.530622067646837,17.600351272359582,7,1,3.6524744243644136,clear,van,2,63.45706319251774,1.277066880270931,1.0551391916298019
14.363510075525014,15.59013179945094,9,6,5.67760475195362,clear,van,2,45.77400976421125,6.554540188850335,1.4621529343996498
38.54048644829694,21.48681817548813,6,4,1.6627572884176607,clear,van,3,64.010692995649,5.090056301640525,2.2691342867557043
41.237592277072125,52.55344700233311,12,3,2.949057262910406,clear,van,3,56.726358893678224,3.792409513335922,2.637237719497559
33.81888395815806,22.36477014297793,8,3,5.754120691654787,clear,van,9,68.83150627832511,4.0341438406248695,4.144522890917129
8.756421289537112,105.85516277852372,12,2,1.095469378780517,rain,truck,6,76.29707186980015,15.0,4.459937822693968
4.271295814726158,25.507905698909724,8,2,5.637557750947064,clear,van,4,61.95149635613247,9.23466421913845,1.6132631747067463
28.31758156073524,55.93547096023454,6,4,2.400632653862725,clear,van,7,77.66592170987398,1.1221234355223095,3.646905311400693
18.589170372020362,18.655867608189734,13,6,2.441598672956364,clear,van,2,65.40847613646149,3.8193467459088057,1.3661712218107753
39.15423606091912,7.810309726909406,12,3,2.9136762470056836,rain,bike,8,66.03217327151519,8.2076967280529,5.01262601349604
47.53959301393987,22.33686390698992,12,1,3.8434957786291797,storm,van,4,65.36286642812613,9.373385635575275,2.9741059511588976
30.283201282324793,34.423351040606605,11,6,3.661352150576106,clear,van,5,67.09106112554319,5.358544540629893,2.4788246271598378
49.80455612505347,12.494044004655805,12,2,2.2423490288232326,clear,truck,12,49.35247856071494,1.904101460087004,5.733577739644989
32.569266531986315,50.193101454359905,6,0,2.6299889280042157,clear,van,6,42.56417961724864,1.7573435308053753,4.003962601596166
41.431926887482746,16.214209910522403,13,3,1.9207234468279784,clear,truck,9,86.76918730492511,6.469681813900904,4.014338816064091
15.429193392050417,9.590954436579294,19,5,6.6087198460085865,clear,bike,2,73.17340530741818,3.2767297220267597,1.9317281943676774
23.483801108573502,93.22700701143037,8,1,6.0515449775247845,clear,truck,2,61.86059040851967,2.161305438350265,3.362077921323404
31.73502235944581,11.934955008105648,8,1,5.500839552387065,clear,bike,4,85.94888446940499,0.505968622378102,3.431949197783997
52.27000980632882,15.827635115662968,18,2,7.779807403280659,clear,van,3,100.0,1.4023395376171857,3.405768164941918
19.786641973502356,38.435620428072525,14,5,2.1953054943940535,clear,van,6,47.4991453002287,5.000003384511525,2.4873228048039873
41.1380631892391,18.153053480322356,10,6,3.99788140370385,clear,van,5,69.41572169847602,3.61924628943103,2.765984498962755
21.918454790648244,9.911823610449964,18,5,6.471948630460282,rain,bike,6,80.00707948384405,9.976259724512506,2.979153044864341
24.67933530498674,14.57356886974108,11,1,2.7936341156738456,clear,van,5,45.54746677407272,1.6261860436902618,2.471021939946057
52.64731465730123,76.96126949619627,15,5,3.21063034100334,clear,truck,4,47.10101674462764,2.5886114901476462,4.908448511326931
5.504421636450083,35.28304978072284,14,2,2.7046958510553876,rain,van,4,84.29188638494564,2.9447027475374106,1.7795105730531173
9.610172160444364,40.227405040395375,8,6,6.106376236140801,rain,van,5,69.18678513607244,4.679206438255702,2.4472790141087426
8.28338484067837,28.614223156725757,18,6,5.325064469324177,clear,van,6,59.59473067670263,2.958097862651162,2.4666122307477543
4.191703037093142,32.18911549902407,15,5,3.232934649543221,clear,van,2,45.38959500168082,2.3601443341031296,1.1064863000126584
15.75863466705566,17.07799121886979,9,6,6.348628342444703,clear,van,7,74.89436638253947,5.440882982657706,2.8717111706031924
49.38008077908761,26.07746455954132,18,0,7.627141388664335,clear,van,3,48.977388694930475,4.515769079172947,2.9399957550014806
21.587031630184956,3.130058797080692,15,4,2.6064019006686414,clear,bike,2,54.7157970235063,7.090466719820636,1.6710938681555572
31.760775880060613,45.490963204547754,19,0,6.9048101062055345,clear,van,8,55.66399442661708,3.563079641732002,4.222288849314723
64.8044320834365,16.95298048060088,19,4,6.696279193219569,clear,van,7,64.91704621511937,8.803013814554552,4.3933653900249725
78.42548245149042,8.477107344563326,11,2,3.4555931370168818,clear,van,6,53.48347452812589,2.185146177824171,3.4994938634746147
25.653747241142202,27.184361591999767,20,6,3.9872912198030743,clear,van,3,55.75160459894607,6.4501318268882,2.1387850078389046
80.06739453023978,20.312316437137728,6,3,3.953254403257934,clear,van,5,84.17476427519016,7.527033794137777,4.090620742066934
29.186355619034096,44.40070899132105,11,5,2.0436229354610913,clear,van,4,72.51826910194131,0.5958161293072426,2.2511356443384787
13.874899563477767,22.712545372384724,15,2,3.0268329655974426,clear,van,9,70.23066960723554,6.543619247946438,3.097425524966698
16.85217482564855,14.311229778319877,14,0,2.6315153039458927,rain,bike,2,76.54297261701474,3.9113588444540857,1.8460058786073665
8.294318728982814,23.129857786457084,9,5,5.886003677148561,rain,van,6,54.11488814878891,4.745040672000664,2.4075780589902562
13.323014016269717,60.204426936746515,9,1,7.356236252806933,clear,van,4,75.4520583197521,9.838192796916216,2.428936177967157
20.360294364119554,45.40139351731863,18,5,6.975461875104258,clear,van,5,76.40221751247651,4.169651786300024,2.852923803206944
51.56628232069161,35.21910275499027,20,3,5.8831519372074625,storm,van,6,54.644913432201434,2.075545464060743,4.346211869170824
107.40598050545587,46.73676433972387,16,6,3.499737827482988,clear,van,8,78.95044262558221,6.22235083827177,5.447396993705645
8.973311542426947,37.128010200546676,14,2,2.048101992065224,clear,van,5,73.53530174436672,3.711954635166292,1.8619757561311603
37.12393740434042,11.189806649893224,18,2,8.814947499430792,clear,truck,4,73.9348667188009,4.229462700330459,3.5696748273472156
11.793692429412783,40.45090744128473,9,5,7.279897030370099,clear,van,4,94.99355314896262,3.9529662302388826,2.541973002095389
39.63678775643957,50.50269800892609,21,5,2.4744756449253145,clear,van,2,71.8353836521523,6.91830573942882,2.5651448895577014
24.413363808799993,52.41035994130692,7,0,2.430680786668405,rain,truck,6,56.14881711134578,5.412892817877942,3.87138921523873
6.266859420730569,9.161228713257678,15,5,2.7814785217052704,rain,bike,6,71.95455763894236,4.2687185321570205,1.9528819774925796
56.97642542539084,15.865388110738618,11,3,4.912878899983872,clear,van,8,70.19908790126935,5.177383665858213,4.295115263676396
16.709867776727993,13.985265945551701,20,6,6.557493584324203,rain,van,6,53.368964016650224,2.1460858844653865,2.4447043051309705
17.687882653704694,18.513712511452585,9,4,7.590317645461074,rain,van,5,39.640398359781244,6.565756058787576,2.250310494752814
11.521306622964168,32.69068733506275,16,5,4.546322077880584,rain,truck,4,69.02275304071601,5.504746327636552,2.7707938335744675
16.063881691334853,26.685395553701973,8,2,7.331735845855251,clear,van,8,84.14671545596593,10.63784551503409,2.6907795953378204
38.18002039798857,26.691149435454776,8,1,7.175509476858896,clear,van,5,84.28798704528083,2.8048680642963615,2.690542192887054
23.30352244985766,7.007215960686943,12,5,2.853342716139048,storm,bike,6,74.23774415948938,2.8594740075513876,3.5579411243496133
35.26636235437792,15.3837195661206,18,0,6.747159376075829,clear,van,2,93.55067746942356,4.908734247723903,2.0932654303242217
36.21732093059807,54.995507323929004,10,4,5.997083808260905,clear,van,6,72.61756654882936,4.15312483575943,3.351501010737385
77.98600007971575,50.35715413734218,17,6,5.231945292308961,clear,van,7,67.04200144371029,2.080848322155026,5.15959088062403
20.609890445901488,22.42407281743139,15,6,2.246325559935157,clear,van,7,73.06112168470158,1.776238981361795,2.7960654808727496
8.318764502606356,40.526520407593786,21,5,3.3991378867753657,clear,van,7,59.00455120384996,8.532790576479975,2.832849445383969
63.67410297788326,30.639707898800545,10,3,7.257555743881914,clear,van,3,50.990805122240175,2.590617063035195,3.2511529003406707
20.797014907012358,43.59569320414835,9,5,4.994538944639508,storm,van,6,55.31921249038869,3.5744538640425585,3.0567307018405
66.13340273893007,41.74487710517088,20,0,6.879131557450121,clear,van,6,62.80950325931929,1.670812607097369,4.627295814887637
36.84432818644365,23.800454372795848,11,5,3.498417773979629,storm,van,5,82.99254173181907,14.821845647233124,3.412153113153193
24.412370116923388,35.37061335070666,9,1,6.313979453097086,rain,van,9,48.29408825921067,2.7157960133158143,3.9406657719215348
35.83842763084259,32.084082960072905,19,5,5.357060362515188,rain,van,1,55.388900348914035,3.873639591981278,2.137470594196522
129.12876026013257,24.274676810013094,19,2,6.411874892613431,clear,van,4,82.07940123713644,1.2558654643038183,6.184922872182147
142.8199038996019,20.523890467268373,7,5,3.6329107925605095,rain,van,7,64.6474402233168,4.732459736148158,6.392062019467019
28.660071240428152,70.1984939528516,19,4,7.722331100676732,clear,truck,6,67.0100366086851,12.449375181439292,4.1986001139609765
30.81965003354228,24.297215872245715,16,6,2.7690753669493984,clear,van,4,64.37825793734055,1.8208581212678727,2.304988923463525
64.13512116532219,38.830099084959116,10,5,3.302134534796428,storm,van,4,98.9891166686237,4.872257735303889,4.2072978473081095
13.783485515743575,66.73154092362485,14,6,2.1725296834293597,clear,van,3,78.40443775911666,3.153992819592633,2.617387851055811
35.39095567516397,35.32972037238496,9,1,6.861023529607496,rain,van,5,73.7793179183802,4.299139678237515,3.5531849600493794
26.557434349008535,34.236913229338924,8,2,5.432732482073659,clear,van,8,72.96175591494257,3.3411204338871707,3.314804077926952
34.85255919775122,24.40232089671223,8,3,5.23245531983354,clear,van,6,76.14214851808161,1.588563895009988,3.1376909666928836
13.919697943929354,32.49150312769821,8,0,5.81282712881559,rain,van,7,97.72315749342548,5.157951862526554,2.8377181608199047
7.601503109881248,19.219159660780335,15,0,3.283713771703974,clear,van,3,64.39104217735007,7.223096978218395,1.301179442040494
5.163492807650428,114.60838064078743,18,0,7.508940638893567,clear,truck,5,72.53069200368313,3.2397852416298605,3.6504487704237008
11.090542405712508,7.169906016503299,13,5,1.0,rain,bike,5,70.43696378898001,8.48139164654594,2.286750213855914
18.78502053244079,21.51585028210165,6,3,2.630176452357049,clear,van,8,83.55124247679808,8.556182738227507,2.6921139045439966
21.44403955811994,35.73398220883938,12,5,2.984852281810623,clear,van,2,95.57310891399018,7.2294089429070665,2.03892432038059
127.71291966729414,34.258315567861175,17,5,5.024128470056995,clear,van,6,61.176185692888474,2.0058592820543897,6.289749765777888
65.68001515774152,19.193348269886794,19,0,7.827665785232994,clear,truck,7,76.79679675063225,6.127673018279884,4.900469686187543
12.55761314715905,4.815536179790401,17,5,4.731379231639087,clear,bike,4,72.6432381630947,5.7353158722345965,1.9478610549381585
35.80783635177138,8.365834726913159,11,1,3.344849544143622,clear,bike,3,49.109089174656056,2.2953886560221566,3.0019942893089078
19.57664767835502,28.054720826252815,16,2,3.5488037055805504,clear,van,4,84.55237121797414,3.030813453664882,2.1921920831507546
21.596017648515037,3.3764665262559133,7,6,1.914965915199959,storm,bike,5,93.45109959074827,4.330658819006582,2.818522286458193
31.445645620803667,37.49005960557666,12,2,3.6304985541203827,clear,van,5,82.29560117455844,2.9389722537901206,2.9259496077077585
44.49322336220047,53.2035248251953,14,6,2.1963243027885264,rain,van,3,60.51855219401905,3.9047465345887873,3.2089165255825027
20.668136460256,42.135869934345884,6,3,2.742665887787757,clear,van,6,49.64887491713783,10.904244616070853,2.512068928647224
63.50262389255103,47.88889640969377,6,0,2.913142629807351,clear,van,9,79.61643665758196,2.4168792492839293,5.4337449100967
10.874813409561456,3.535793477869328,18,5,6.489965138124431,storm,bike,7,53.80852604434211,2.374195689943461,2.9653129835487477
27.250483113552793,19.792120663944086,9,0,6.412368332283811,clear,van,7,55.30297180919497,8.143110918927714,2.3887177690030827
216.61876849043946,10.430036480343416,8,4,5.74347739611956,clear,van,8,73.13998462912554,4.483254764136328,8.755778386178388
32.40989554101296,5.724979108944131,15,3,2.5283496412064737,rain,bike,8,81.03757516014576,4.8376987703706416,4.6791114120337784
85.33388369017885,16.690645514467082,10,0,8.012912506431594,rain,van,6,64.95780683411719,3.6015268780833405,5.425006138985168
29.172198294910412,65.6608337039805,21,3,5.1031899494828865,clear,truck,5,66.90016021621021,3.633551525160182,3.734332240105942
43.14737909398876,77.58236352442103,21,2,4.421334144178332,rain,truck,4,68.32142782709047,4.020275788376417,4.809081201368192
25.90856073719142,11.676332767425874,19,0,8.865714371501312,storm,bike,6,56.259102958434305,4.854236368368958,3.6168985265319504
23.657352038612537,25.59004337202427,10,3,6.995523888538324,clear,van,2,64.29821717505475,7.17731567761584,1.881816698062712
14.532886017773826,32.16793372027587,20,0,5.1354702211047965,clear,van,4,45.737807546187454,2.1418296265178567,1.954740349196158
38.25373058558954,19.90395983220345,10,3,5.825490668071624,clear,van,1,81.03172500007028,2.5338019799209945,2.059442046305088
13.71884244240639,55.746704795547366,9,1,6.9869458470408805,clear,van,2,100.0,8.241885184332597,2.0059658365896946
46.17636970774386,16.897537279578774,21,5,3.9188450122400678,clear,van,4,70.90123386789108,4.627752060908665,2.611796212091961
64.60098146027946,14.687480505879924,16,6,3.2505031146968717,clear,van,6,87.86589017067902,3.342618234837923,2.9462324787039855
36.35112402518114,12.229038621481322,7,6,3.1656242765311906,clear,bike,6,66.07534056312711,5.277726624853925,3.431965282003274
21.563477199363273,19.794921057555015,20,6,4.622832671892367,clear,van,2,49.80330290396628,2.9898982486923473,1.6209245166280906
38.984824828523614,1.0885294988361272,8,0,6.842835389622289,clear,bike,3,100.0,7.950187145877198,3.5420208638358113
21.18008928214011,20.536865130760173,16,3,3.132449284481079,clear,van,4,57.31517470438512,2.669865993935356,2.457967688343194
57.307855030485015,26.759186625828878,13,1,1.8572780591033413,clear,van,4,84.20612798458865,2.9179268451742164,2.893995967032377
6.264351883439642,28.006980064527596,6,0,1.2017356208685577,clear,van,5,73.2408760980123,3.271629703477785,2.058820711050466
20.7285941195344,9.864712742424373,18,2,6.949215471912043,clear,bike,7,87.80763646655221,5.745112343764719,3.1592690719035432
5.514331353379398,27.618390876224076,16,3,4.540863611761045,clear,van,9,68.99379363477902,8.516625864726798,2.766762223088146
8.198501025718086,27.201340844082896,20,2,6.508813099125317,clear,van,5,52.5423467208838,6.1469661083813945,2.0155143494681327
80.72834750967344,27.64315283819817,15,0,2.6571632294800427,clear,van,5,60.02951416971526,7.193732926801077,3.760106307880923
55.48695708061774,42.693078256774555,18,2,8.67211514334087,clear,van,4,100.0,1.311128845295338,4.720200831745372
15.247503936656368,9.489872365483368,20,1,7.32312397699623,clear,bike,2,74.79517949147265,1.260777737938555,1.8200126350055326
8.149831361248015,20.089960955863454,21,0,4.23164644809404,rain,truck,5,100.0,1.5835781584330717,2.2819958302340364
3.0,4.467531813539938,14,3,2.483297487553177,clear,bike,2,64.48653468106161,4.101317609078522,0.8944024987861315
17.55262644418297,40.02770805051471,6,0,2.31464086260672,clear,van,5,80.70731629558966,3.1128579139135844,2.3239345084171146
187.97932996636607,10.902579925576706,11,6,3.7467746512374656,clear,van,6,50.741321821765254,1.6630773513438304,6.9949641526510815
38.39423880318866,47.22149542144329,15,5,1.3709248824703357,clear,van,3,70.44661160933782,0.27794633182195977,2.9507959376262747
17.328320240025082,48.34471823291952,7,6,4.681117016104911,clear,van,3,100.0,5.998087514976719,2.328685011234073
39.33301205221795,21.643734361207326,7,0,4.967549670934445,clear,van,9,58.24276902723585,9.420028496328511,3.787050960726735
7.7774873056898945,20.780773490771768,12,3,1.726376801857779,storm,van,5,59.64435170609429,7.337733111844717,1.8940017527257857
21.37327500064152,6.55514232596185,20,5,4.360696953324894,clear,truck,7,82.41389961260349,3.9502532082456896,3.2942660250541405
29.358496062722025,24.9793919972235,11,4,4.393579603831166,clear,van,3,71.71919023529925,4.9461026708887115,2.053337634053989
25.30797285107327,42.44021944999313,20,2,5.969288784209902,rain,van,5,98.4419221656303,2.6821530540120877,3.3451726757785596
51.041799616150186,30.176824566176187,18,5,6.654021260121837,storm,van,4,66.38592796871995,4.2494668070141,3.633124067741959
35.720193780830634,60.23394618923345,10,2,5.7162562153187055,clear,truck,3,71.03186875885889,4.0458891834823945,3.346437440461348
46.27772827056505,18.294470142259918,9,6,6.819853698086246,clear,van,3,74.75278619327271,5.533951276929308,2.7241031154991946
15.631719860108955,18.27534350662888,19,0,7.779572545558606,clear,van,7,53.86353593358898,2.5577483848240803,2.7716782133877182
55.603843509078395,11.572992256371935,18,4,9.709371131237644,rain,van,5,50.52077043036671,14.615113945402467,3.7222882481122563
99.79814122053124,87.02160488143662,16,0,4.769261876353787,clear,truck,4,49.15351453056158,1.7845208087519122,6.872032438407156
12.476918086892155,6.493433453841438,21,6,2.350099182455908,clear,bike,4,30.0,4.907255520103044,1.6013736213936343
13.32768532968621,40.3712647288516,7,2,5.724758727530462,clear,van,6,68.72453008079863,6.558243227041499,2.579808731079578
78.93521628791878,43.03975325451005,12,0,3.5644610489070745,clear,van,6,50.489464386351095,1.8938277926556228,4.579014570666275
23.264411992636727,41.79582973809582,15,5,2.6302913665548373,rain,van,6,61.91484236686751,1.1488778984813661,2.9951394967184286
83.35070884945863,12.440209621470396,7,6,3.7617559335602335,clear,van,3,85.30116863165047,6.622713560094824,3.1067636395611737
19.029138896344012,21.634327106362264,21,6,2.478385241360664,clear,van,4,55.8116241801846,14.777412960709155,1.7704115272702037
86.83731807541703,36.456904909600524,15,3,1.4642156948435554,clear,van,4,80.34718726254494,0.8901658110640838,3.9890196315726736
30.119977425450042,14.912917941647564,10,0,5.970373526930506,rain,bike,4,46.297006347267704,14.706310366726864,3.4055257657726736
33.33417205515745,19.356323928062984,9,1,8.103021635807083,clear,van,4,59.72494637177361,6.795221924288826,2.9947137741274346
94.80047476669381,15.130375257280011,6,0,2.9932434910003245,rain,van,5,96.11595932661702,4.176202098764091,4.203776429746249
20.299243473634704,26.257480429729277,15,0,4.275053781039882,clear,van,6,63.582620934720055,7.362898566840552,2.5511040457399354
12.770046651648238,24.999071235197597,21,1,5.34400494287177,clear,van,1,89.31716498127022,8.725715040001157,1.1991518937965635
18.937586171648665,67.40201380053172,6,3,2.6931633818138017,clear,van,3,100.0,3.7531718822053977,2.7584295636243468
38.93397101938761,37.01546870375177,12,5,3.0954198450703094,clear,van,4,63.71720905573012,15.0,2.603792344803309
7.747674565350287,8.08223108600419,16,4,5.505197947347307,clear,bike,3,60.01404449570583,14.435898463497455,1.467668452680767
45.149387872093854,8.714171591853805,12,1,2.6213723081443603,clear,bike,4,37.59616765195399,2.8161565023906387,3.0063513267537676
17.619089517033363,40.865436316371195,16,4,4.116101190227665,clear,van,6,74.37704858091527,5.249184459425859,2.70291542971387
67.91453854035916,24.799832357653038,17,1,6.352253386193627,clear,van,5,75.68892547162804,1.8421750001457817,4.080206862111173
3.99319537427776,83.688469140115,21,3,2.3575020541377656,rain,truck,2,81.56100023287854,1.468639255976161,2.577638060608052
14.450765369695192,83.53339329372072,15,6,2.550518787750728,clear,truck,4,90.87025462408822,3.458026326576366,3.619234679836757
7.034492010061776,11.514684312138513,17,0,6.816243382794884,rain,bike,4,54.61128861278754,5.115784091167312,1.7971785899126709
13.99942737382117,30.509385835258392,10,6,4.918627507477674,rain,van,9,98.06656749681756,2.2733729366388085,3.6836658178942754
33.053673863361226,8.81670215493747,8,1,6.279426795843301,clear,bike,7,65.77335013989662,7.2190238605059465,4.267300066698325
23.49103125640702,40.39183380247954,7,4,4.020780360272261,clear,van,5,75.45503615475052,5.407158361072358,2.6675693683190604
22.138052154492044,73.7964132528069,7,1,2.4579439487884187,clear,truck,5,68.98896181185198,4.453641094766501,3.572112218720977
23.87070805545553,27.51591479412771,19,1,9.103002760120255,rain,van,7,58.42966213462904,2.49913225414124,3.2896030712137447
31.903336362754345,17.786597573771196,6,3,2.382413338464065,clear,van,6,52.017558883821295,2.6942869989541993,2.8374883550173693
12.099585144610039,32.774669876741385,13,2,1.7049457743330738,clear,van,5,73.15456576735036,3.5863669851540014,2.2207343950888228
47.72616178894278,46.220431806592956,15,3,3.994102805874029,clear,van,6,55.537462046690294,2.8458577963270844,3.3707742381948247
46.068654654045,46.4317421862547,16,1,5.070082013432494,clear,van,3,66.69378231827577,3.304015491817023,3.340923465061551
36.893314291739465,17.944552537930388,7,6,3.4629018533821134,clear,van,6,63.81776219703038,2.5214293912333887,2.9836476462775887
42.318602051758475,14.605717778254055,19,4,8.38842272987724,clear,bike,1,64.56615586438282,5.752719281949813,3.9998990300307735
34.368292189747876,29.342126091428838,12,5,1.2244236394561432,clear,truck,7,43.01023078011063,1.705499082101883,3.5939399828859777
138.11112879076558,18.907202723609704,6,5,2.076625633892713,clear,van,5,30.0,7.8519780922886575,4.968624220390483
25.2878656766881,55.760220667868786,8,5,5.838777095209162,clear,van,5,82.58569163339986,2.966548219994175,3.292579679070375
21.20704473569224,18.729179676143776,19,0,7.231213496093428,storm,van,6,86.88242047024748,5.911953381336026,2.865059298328133
14.837799361130598,26.070359105703652,21,4,3.488361672323017,clear,van,5,31.574673566140305,4.3641282743913274,1.9198519160730014
11.87208520698781,32.1970203322787,18,6,6.28122478341387,clear,van,5,76.27280699334429,1.5094244016271958,2.359329275576029
10.018391661202797,6.733356461661607,11,0,4.138226201473541,clear,van,9,73.25858300965335,7.544784221066995,2.5086062628510564
13.315944468434102,15.644858921617361,21,3,4.805085996190033,clear,van,6,50.139061850273684,11.571530259756488,2.1355035767323023
25.62211112910935,81.29724424892386,10,1,4.901251343139875,clear,truck,4,83.46787911693804,3.8384139765425513,3.9187114885138734
35.42564889351201,44.90063852962656,9,5,3.560502875269695,clear,van,9,87.07290943149818,1.0075732729455738,3.7732630353029624
28.244920802952937,18.531651968647232,18,6,6.955327163095613,rain,van,7,85.89058087119045,5.512085638565387,3.0718607089232743
14.69594753748112,40.506207379261944,11,0,3.1901950140315063,rain,van,4,96.17255393711768,4.535289959315189,2.3059442731426443
55.70933076999834,55.14823390577418,14,5,1.338368673005296,clear,van,4,85.00139816150936,2.325712822734735,3.5709879610814204
48.985784209305,20.863489591831257,16,2,2.540533253100358,rain,van,3,57.528096799697074,4.566975189078143,2.7894991712048496
23.86185965865536,43.450627414242845,8,6,5.621279953263808,clear,van,7,70.26058031600783,9.587251095249627,3.2871606734076537
16.081460460238826,39.32522184874516,20,0,6.520160246414823,rain,van,3,75.78157406289846,8.469942659504621,2.3115576728840104
42.04507834584212,8.953078668823677,8,1,6.251842894794961,clear,bike,2,92.78440707622086,3.429107113886082,3.506513466576222
31.51232912313935,20.95261417471659,21,5,3.6723867204060436,clear,van,5,66.23346624273644,3.3815700103361332,3.0200414925664205
8.512180965925797,68.57586403259826,10,5,3.154888911120085,clear,van,6,60.515195629086904,2.1895986530017497,3.017488058741718
25.67751728493443,79.79212365968952,12,0,1.897385094284337,clear,truck,4,45.19083449636916,3.480276727734789,3.1027488382544286
33.43584906430496,45.15224009573924,10,1,5.642391604574634,rain,van,3,83.09645001868192,4.971325521032747,2.8278678152584784
13.20036090900445,15.213570449104997,14,2,1.6839569855287406,clear,van,4,73.1374976032677,4.839641270837827,2.1956138629008155
31.559501933234568,2.3913390873589995,6,0,2.4594671766684755,clear,truck,7,57.002050422571415,5.303016363844114,3.007712880739075
8.466710070614463,13.551652743387203,8,5,4.999909569786398,clear,bike,2,81.55804672421934,5.2685662176885,1.4557335836204217
78.96059100869276,7.8443073276962245,14,4,3.0881018554419613,rain,van,4,64.89755815230586,2.5445949917361377,4.503424364632593
73.57902421580235,71.92217356135521,17,5,3.8077511754290665,clear,truck,3,50.12890505123191,7.474864614893758,4.247579392300075
22.153292533561167,4.347743001496671,21,3,4.279960006879237,clear,bike,2,89.96214677808625,8.318075055858476,2.16740055418458
36.2617501291241,9.186799351792754,19,4,8.342161894536584,clear,bike,6,39.0535558506811,4.508780139347049,4.634655794358733
3.9434754458902215,28.905958032104067,20,4,5.500623131179343,clear,van,7,72.15695677538098,15.0,2.3364746071930598
10.750173261447406,24.669745715082048,18,4,7.618660807416344,clear,truck,5,68.33769739756946,5.6918871721093405,2.233084746001364
21.433966082597113,66.35891196575203,18,3,8.146168718820526,clear,van,7,45.41865765257496,1.7244080547755092,3.7367282547560383
11.499385312555482,37.654136173668086,11,4,4.065547680178918,storm,truck,3,74.88123825577219,3.6019591090360046,2.385212038141306
48.015178808893516,22.14689701188562,20,4,6.7792478756096495,rain,van,5,59.59804018260432,3.4453057531509677,3.4729850412561314
133.9996549032072,56.44526554713856,21,4,4.362786833957696,clear,van,9,95.25374619699615,0.9953485623150147,7.859023607284891
10.577279153037967,18.11456627657646,14,6,1.5768709302188508,clear,truck,5,85.06039678240943,3.719246026013505,2.408375301566742
13.87417608671687,69.93521851393758,7,2,3.1173936568607643,rain,van,3,73.31732899452986,7.286233587515994,2.2457796709475772
32.73218009139672,12.025510022508797,6,6,2.3390759782392823,clear,bike,2,32.624533444131814,8.0906820997071,2.302322000516227
98.38544916651588,23.998231852840206,13,0,2.2791400983511085,rain,van,2,61.6648069123557,12.09813521694901,3.8292719855781083
10.19707128325448,2.894930750319104,16,3,3.4928560164190428,clear,bike,4,60.508640661498866,5.9449568026716975,1.7347009873806722
33.089926405011,46.753246330107544,14,3,2.7485958623140196,rain,van,2,88.1554473152363,6.897690634254599,2.8155737654368065
116.40076188159999,27.725516564304655,20,6,6.006250538797456,clear,truck,8,72.66958235754416,2.8716710337448488,6.664271465251036
7.2325573075803815,70.05848067600314,14,0,1.7548767480666,storm,truck,4,74.75345823115295,6.379509095407,3.2554128017383674
9.729326107244082,20.367226159255964,16,1,3.705015923241156,clear,van,6,85.26053826856771,5.598319517272553,2.142937949470949
19.31949548501468,6.633455846571333,18,3,7.161608180893593,rain,bike,4,94.46012614213902,3.469929001971413,2.7364127375516083
17.877255630104834,34.33784639980767,20,5,3.648982491975632,clear,van,4,91.88232905199925,12.38788763328545,2.405711939346755
51.939575338650215,16.027778473836857,15,3,4.511301932612643,clear,van,3,78.19296567207238,1.7125915532680274,2.607265511890507
32.8952337302893,42.271676051640114,14,4,1.9238428980251931,clear,van,3,65.92253265877127,4.59406054576873,2.363765041254851
6.553703779065751,12.24894024225836,7,1,3.368798118820474,clear,bike,6,76.52406745675441,9.588709708468219,2.1832655207087557
40.94903817857897,61.96786350990948,16,6,2.528277273339344,clear,van,9,69.50513172981738,2.3266287299520263,4.198469377140706
17.081036817444346,26.056637634185947,8,5,4.492575834528177,clear,van,4,81.79002474652002,3.085276288019263,2.164669535988473
75.1553852430975,22.2130100695877,11,0,3.5004130992646525,storm,van,6,61.48332455669246,7.098501002965627,4.404766907865141
16.410641081454383,59.246915119151,14,4,3.433409751846252,rain,van,3,83.55192616845812,7.10210091056353,2.756691946653235
16.292547155350185,47.22553932161252,7,0,3.05657120790082,rain,van,6,70.69770813564645,4.020194709703938,3.066984935977079
41.80037407459364,13.755577502668718,17,3,5.0090656112963625,clear,bike,3,75.79070338248087,5.302102266786921,3.293757827187774
49.91597969537037,46.30080964506711,10,4,6.44520055876152,clear,van,4,52.05594032210713,4.5664138356247355,3.7556931491647534
38.802298755459375,39.97105676366489,14,6,1.7405957649027999,clear,van,4,65.89573404833068,7.605439797766098,2.801180123732101
7.039394416540056,23.18242399184499,11,0,3.8782247235720133,clear,van,6,76.69790027785787,7.805076668274219,1.999621044205294
41.69693195771798,43.7843384945427,11,2,4.504289589638876,clear,van,6,67.26559555176793,10.171336847992578,3.6054368010792293
11.852674741111434,61.78484937122604,12,4,2.794887194846288,rain,van,8,34.79806469775851,10.124361204299538,3.37954230980172
32.72766973175133,23.705969795617477,6,1,2.639222346897211,clear,van,6,51.48940857720693,5.432519442967465,2.4269775073366873
8.6799212120713,23.767320202095828,9,4,5.875488482948837,clear,van,9,75.12722768321113,1.9870197819648474,2.403800199020155
38.74716988996363,22.794887569147516,18,1,6.438450906693184,clear,van,3,92.56421488699553,2.6495521619670814,2.549269897571911
14.221016086285832,13.28642724833603,7,1,3.495218755719426,clear,bike,4,66.51117030044807,2.9466681835881774,1.9778138938243082
9.71714916617332,23.51974909250493,13,3,1.3316699236380685,clear,van,6,62.66602205571856,4.10791343236958,2.2858798128300557
47.99304522123724,21.57485848379376,8,4,6.219051898372752,clear,truck,3,85.7838521514351,4.79261693115837,3.2491328786731675
32.89483377551914,20.616880118113208,14,1,1.0,clear,van,7,70.1634350729484,2.258442724376429,2.7981154114491447
16.59030616602152,20.376611900057437,16,6,3.0719692365826314,clear,van,10,81.14630449247205,0.9132791795219422,3.7977380324794825
86.56911214169529,9.16381702567662,13,6,1.6208696144203492,rain,van,7,65.56422872584565,6.120994168647183,4.773158654818677
19.05783041920591,50.47128956723181,18,0,7.7412028028053514,storm,truck,4,63.907063428580486,4.36930406174319,3.0566999720005987
27.818079169912806,15.624298253234997,10,2,6.322944703099223,clear,van,4,82.32937445636742,12.873638683287398,2.4707920347015846
33.620323767619226,64.09696807546153,14,3,2.021719047645042,clear,van,5,80.08741104525394,2.865516051467402,3.842156030074944
16.514970171531626,11.061517571428627,10,3,5.46977968976324,clear,bike,6,65.18768269497414,11.586571031396208,2.582944284203496
39.52403764217069,73.86272035361,14,1,3.2785353227976417,rain,truck,1,53.13674113728276,2.389468816700334,3.191858802627776
17.694221587012606,18.822810119214942,7,3,3.7995353099151967,clear,van,4,44.96227242741742,4.231973317723321,1.6084049231052588
19.50536083156794,46.68472022979749,10,6,5.938322928388713,clear,van,4,46.938117241810914,4.537957030922097,2.181556127739242
80.64962153233084,27.528436383718248,17,2,5.979791196771554,clear,van,8,60.50146196298016,1.3843001016534988,5.0648665872728325
11.793295098542115,8.017581326409008,18,1,7.759911295814809,storm,bike,3,74.7489046235794,5.160934519565271,2.060058859487689
3.9344682340120016,8.431466399075,10,5,4.69202075634389,clear,bike,4,45.01543444977976,2.6323182309588264,1.398268201694292
98.37134929986838,14.563908086584565,10,3,6.188748179837451,clear,van,5,45.99434482102518,8.784373654953253,4.575496944448406
208.40063608078236,17.98363587523756,10,4,5.667894737014829,clear,van,7,75.66341600926948,6.992032491310424,9.57656788286979
19.6049990569258,24.277584946785108,10,4,6.08068127192819,clear,van,3,93.53092708624504,5.676942981234257,1.8970957542490086
5.7576509336383745,31.973227148164355,21,5,4.654273874330917,clear,van,7,86.33175621053104,3.0734119055520535,2.4410411089862665
21.149427129361307,21.930881395376836,16,5,4.2687787427104675,rain,van,3,42.375471871573396,1.84907707646397,1.9040787111243604
21.563921993191432,30.75458504634581,12,4,3.5301085599062882,clear,van,10,75.87599930802932,11.226860045989046,3.4588294820072267
23.29085809593709,34.4426702087579,13,3,1.1256174188952122,storm,van,4,84.33697109400796,10.674956775206361,2.864952417722793
11.126054014740719,21.185582121158163,14,3,1.3388552490769183,storm,van,7,62.57111200289723,3.013473360515093,2.479112728688305
43.10542735885162,39.5188150452067,14,1,2.4571519406434,clear,van,4,66.44689663558992,7.748245351324233,3.0640158726200646
41.24813502439785,45.76301325767259,12,3,3.3021082253754104,rain,van,4,75.00260023870118,2.300933812073153,4.0309244993182585
8.202799546754928,35.06927230866338,21,4,3.8717198743648575,rain,van,10,77.31709485683567,2.6575492089839434,3.843749461865391
47.434859237371455,36.48816222887024,10,5,4.24495074334031,clear,van,7,75.65684915920224,4.371349333296601,3.745170527751736
140.07079670722527,28.80675459961033,12,5,3.2634887101469006,clear,van,5,80.8642102032385,5.835978120413278,5.405436055646219
31.111211914902523,53.45988072143221,6,2,3.225377749788352,storm,van,5,73.23481148368268,1.7541697238348326,3.3035835369267583
20.70012772092317,24.70109459885727,13,5,2.605718845669375,rain,van,2,60.61274782880069,0.9376838393175886,1.7450827930017037
24.201084070814943,14.784828848188168,19,3,7.4197669046509835,rain,bike,9,63.30607606368259,2.55772267605687,3.791637958949845
44.35411164931612,25.25360397681432,21,2,3.871011846465343,clear,van,9,58.31243037116427,4.078605737635275,4.636696586484283
6.7900799460910255,8.15184958295891,13,1,2.9582743600877386,rain,van,7,63.084107686320856,1.6683457951569325,2.024332037340642
30.92338093627838,7.237527501821717,8,1,5.793506571349483,clear,bike,3,78.4258683697985,3.239258563278845,2.914603474851737
19.83858622366327,45.9123009111868,17,4,5.751207372813402,clear,van,7,58.4085380366149,3.311976523098242,3.2185483906079217
118.8972899037233,64.78597933051981,16,1,3.5565644895553508,clear,van,5,86.04935747813138,14.415234575701346,5.064986922677539
23.586200417892286,19.29047720458889,21,0,3.877992204606353,clear,van,5,55.17520907023496,5.940358648100668,2.4662233025793814
102.95686240438175,46.211738849251105,14,1,2.9830180436047495,clear,van,6,73.0486100701081,5.0103813312681815,5.3153795304714615
11.212255731502816,3.779264461079612,6,6,1.0,clear,bike,5,82.53734617405686,3.6112509026494792,1.8806779185761806
43.37170775317504,35.14723469817687,20,1,6.74313164183194,clear,van,6,76.73200298657025,10.131241817099635,3.5907908208315265
35.00602575267532,24.77598594810385,16,1,3.720546631666604,clear,van,4,42.287815033185154,1.8356138863185176,2.463513960433163
13.528007983036066,71.82307577700237,18,2,7.604686710601092,clear,truck,5,71.99885982260373,6.600540105714956,3.550096683363149
31.246797524328002,22.23116686893148,7,2,3.938564996257979,clear,van,11,58.933067526197384,10.507452236341791,3.6160993215613395
71.52271342014491,10.34264611244852,13,6,1.5827336037759208,clear,van,5,50.1665858598809,7.396548781639305,3.184526683760892
20.925460777657335,6.284767468226144,13,1,1.9694597724248373,clear,bike,4,73.34320905804321,2.7492302893005784,2.3352464690315817
7.003639066849249,25.23898608711597,10,2,5.648288545858633,rain,truck,3,51.26609360244515,1.6938076677760139,1.7164843417154356
26.73436292369847,28.76498005922495,19,2,7.315786812244441,clear,van,2,73.67214689709871,7.633423549397929,2.082200429447524
13.171580605611323,21.203850061741598,9,1,8.055824202060126,rain,van,4,91.83962945181845,6.697644541692565,1.751642374365175
20.61723237305202,46.91562362939424,7,2,4.075600913607806,clear,van,6,74.5335842112406,8.520142827565333,3.251165640315699
25.399507504550975,60.213290916046745,9,1,6.899246729907791,clear,van,4,66.50784138262841,7.066192083116295,2.672405403241962
6.927356113388572,19.12519299745791,21,5,2.9139004751727455,rain,van,3,67.58943955335401,8.940489239369384,1.229339453876143
7.444483799519983,4.59480681679203,7,5,2.9180941116969454,clear,bike,4,83.70978956421311,3.5976445619329964,1.52605904815453
39.871168488295105,30.882929050575143,15,1,2.3947796164234725,storm,van,3,65.41606301730572,4.6275482447988425,2.963389456624158
17.84681468111182,54.17842802851041,8,3,6.615962597085803,clear,truck,4,63.01958946034523,1.950805781967039,3.016587494063322
3.4840817619150335,19.19233044573361,12,1,2.08263861583392,rain,van,5,56.0302743138134,1.642185641756494,1.8497100375778452
50.79892684620062,36.483723404057876,14,6,1.0,clear,van,3,56.58893417310468,5.614608525451971,2.6112889168205187
33.71341415223524,9.670599695780586,6,0,2.7233228463573487,rain,bike,3,83.39864841048669,2.9779869217256842,3.0379954435153236
15.316032273231693,30.34750232618552,9,2,6.7764927024315815,clear,van,5,62.71039356646579,10.723047859564621,2.268755080056401
9.454925580394304,36.95257624005065,15,2,2.4390860096667253,clear,van,7,78.32838719962385,6.643086432611367,3.0838513397616536
52.91285510779587,30.963046293832154,6,2,3.4059213123435965,clear,van,2,79.54003365224399,4.887610660337008,2.606353398565335
35.854909312558185,84.32198484361867,13,6,1.0,rain,truck,5,55.65970768661779,1.3477974757880584,5.358330232264527
182.37806744641938,64.2686745416692,15,3,4.168711835088479,clear,van,4,58.07378200199954,2.2089566649523253,8.925057015708623
37.94549845350185,41.17180013207412,9,2,7.843747572845743,clear,truck,3,78.65896290041255,2.6783139897746366,3.2354532932772124
36.972060767490916,50.80520988995887,8,5,4.300507197087508,clear,van,3,72.10688899588772,3.439805676431518,3.1068811501190847
23.72329924933496,30.195662141353598,13,5,1.3987020837393684,clear,van,4,67.31739484818559,7.960252984314565,2.074107285148181
52.11332601852699,23.96624593557703,17,1,6.643402557497184,rain,van,9,76.92579458944434,1.5700234431142746,4.762300069055702
44.704231474512504,17.615256047096786,6,3,3.101649208258238,clear,van,5,85.1867019569681,14.281835689589773,2.447415029337887
73.80157012983722,9.482382490939978,11,2,3.5494751065380568,clear,truck,4,69.41600920004565,7.238014422761734,3.9947886260458696
17.86675395772316,66.23762357399204,21,3,2.99360691322661,rain,van,5,61.46683511250362,2.000398075354683,3.777449965960299
19.13796429403244,86.46684235415005,11,2,5.747534769556909,clear,truck,4,71.7586008088612,10.263424099328647,3.42640670189081
18.480524785062237,25.690956606180592,11,5,4.010163714024686,clear,van,7,57.92930696317131,6.567884409088594,2.868571976507798
51.04161992846219,26.020360490887956,17,6,5.117396819697107,clear,van,6,72.14093346788661,2.902998337592359,3.6466336552783103
89.90014480742366,38.031644858696325,13,0,2.339782075749248,clear,van,6,70.0287177951851,7.312265611226464,4.275973038201231
18.782537944808848,22.30847677905716,12,5,2.6454679308057463,rain,van,4,57.762128500302516,2.0954815379820144,2.27590133551524
19.3014653474207,10.609973965426358,18,6,6.811192249980525,storm,bike,6,63.928503462833326,4.659643986553252,3.3643702880027195
34.857271928430386,7.922176410494104,6,2,1.0075830743950651,storm,bike,6,65.13659549783618,6.2187178976855,3.9207193789384736
22.273347849519283,84.49459971413383,17,3,5.959195412834771,rain,truck,8,80.99775664137762,2.1654999972764233,5.3684186350036365
58.06963666457694,5.332187725944455,12,0,2.3216539200472015,clear,van,7,56.87319817132639,5.041379806284129,3.6907074297391635
4.475321387146494,31.809564314515285,20,2,6.110741940355213,clear,van,5,57.85840428360862,5.8131660418235045,1.9304627898295272
13.994102102594528,6.078781452066564,17,1,6.856528150840482,clear,bike,7,64.39592361113299,3.3949233989890986,3.3243401299058193
14.498815157773853,23.152756590685744,21,6,1.9975584950885654,clear,truck,7,78.45934200232425,2.7186886937518024,2.8102629665614445
4.236405668746336,19.049224428103262,8,0,4.924373351103501,clear,van,4,80.90975890082704,4.776214322017244,1.526370076217085
12.542078166805311,7.1073975135905725,9,2,6.4546093352592475,storm,bike,3,73.9281569787188,3.763828521940655,2.385477881514584
13.03809044258473,38.95792962573469,20,3,6.3633657683300475,clear,van,4,80.72256430232062,11.269996374851258,2.1296563120157335
23.08345844500659,9.95450180833096,12,6,2.814114798680828,clear,bike,7,87.43355407957071,6.287764672540255,3.1719683521311066
66.04740312092174,6.2111563145419035,19,5,7.523400296766977,rain,van,5,72.36261649355748,3.8403985282265296,3.764952605476971
22.28583955079511,41.96397812440567,16,6,3.2006139510233393,clear,van,3,57.97549963513509,4.394888088261213,1.9547356076282132
11.885854835250157,19.115514821334003,13,2,2.8635466040572,clear,van,4,68.83876948710444,2.8388883077830913,1.700763510005287
25.90500950098236,13.46720650173145,6,1,3.2448063989980396,clear,bike,4,49.57454215578227,8.755972064674506,2.7298495558141167
62.761316046328645,43.747474359711156,7,3,4.488896781607968,storm,van,6,75.9208271973621,6.639424199222172,4.705995874925426
12.419066927937083,9.501501499170548,17,2,6.220468244456472,clear,bike,3,62.62503431530971,11.755144585676558,1.7239843590433843
13.085962527184186,4.732627493253058,7,0,3.735935909999461,clear,bike,5,71.68109554075384,5.028329132215038,2.032501528288286
42.38689216623574,57.566859607480865,6,5,1.2890216686262614,clear,van,5,68.7260381461397,3.949597618543262,3.576952629959312
22.7092222252941,76.90366839713008,9,0,6.09473107159037,clear,truck,4,64.25484807203952,5.143738868522804,3.201905391289616
45.51253363675501,22.68907931279347,20,1,6.517555125955203,clear,van,2,73.3808638380209,11.468100426848011,2.4071423574445636
26.818248408408348,22.459106629511002,16,6,3.386159302705287,clear,van,7,68.12779023500865,3.3441992639606593,2.842387477850082
47.52856593914227,45.4722727166128,17,5,4.659508494789478,clear,van,6,60.54277703491258,3.0792702825706346,3.4929652435226286
11.845375150792266,53.753639842415424,16,4,4.81896853970097,storm,van,4,53.53125134643596,3.633437584623863,2.750134766464518
26.851784467725437,10.506650265395795,15,0,2.7473252494415474,clear,bike,2,75.33937172353065,2.8022128318593102,1.97261221359572
22.90712479316409,19.857019205163777,10,1,5.273229969903408,clear,van,7,51.90433501317116,5.377092896407387,2.852006184628524
10.250097940573768,30.047024746090088,12,1,2.472319429786515,clear,van,4,96.92219330378632,3.3996913832124362,2.081875841810144
7.761826201127983,43.69042570535434,14,4,2.939455080204203,clear,van,3,89.30729471877902,9.898292222636536,1.8803098295654512
46.927282757208104,40.55491205032017,21,3,3.4682177145772837,clear,van,3,46.152483825203305,1.9735335084511516,3.3440828119964925
20.475685196825577,36.15416106021156,20,2,6.407311121186834,clear,van,5,79.41261668037511,6.739155526106711,2.7410079816541595
11.967274204098505,53.66016949188132,17,5,4.947573801546519,clear,van,3,87.07475872210632,9.12135821577477,2.1369866825454573
25.10474445686956,23.939401256260222,19,5,5.609693648022488,clear,truck,4,61.20846174801196,1.9226096384103966,2.9790374977139686
66.84757889270382,66.6378610535907,18,5,5.983659871512924,clear,van,4,75.26664252066054,6.090841620656735,4.229100759828995
4.3728270568309116,16.058379735148588,16,0,3.029775231640599,clear,van,1,68.12232126701238,8.088225435293072,0.808970102010465
8.188158687256378,40.995787608592394,19,4,7.86063910672343,clear,van,4,80.22771947021052,1.3109922353359895,2.3837313641663007
12.957708298696446,17.98591373142243,7,1,2.9637750740339763,clear,van,5,63.30449484084059,2.472802175883154,2.0826201483060567
87.26444388805957,22.943171407951542,6,1,3.5346261901636713,rain,van,3,85.20942187200684,8.755427154254958,4.300425984518342
33.99010953728225,25.744206374347783,13,6,1.6857515626584192,clear,van,7,67.84898163702827,8.773699923110172,2.4719882801409576
50.091623192722395,17.184858141686558,6,2,2.21922549113002,rain,van,3,65.24381385915139,4.279165083460851,2.752453018769773
10.89028671301689,55.23920111954429,11,5,4.173711936521407,clear,van,8,79.72708061440336,5.148946305663295,3.7727183953491017
11.071467459663765,18.688102429790597,9,1,6.174526289107934,storm,van,5,83.51071462811494,6.5496996412629755,2.0059826957463507
38.79343275370413,24.770955793858672,21,6,2.831476328386144,clear,van,9,34.9552313896006,7.918070932717981,3.584937079131171
28.40654182943278,37.72644257234016,16,1,2.823724309038206,clear,van,6,30.0,4.852065182417761,2.767894235391548
42.05553703219091,108.60605996242117,6,1,3.724281459851661,clear,truck,4,75.12509270583907,7.919524346104948,5.080110973525628
23.332872594988647,38.69115263663716,15,2,4.406009140387124,clear,van,4,60.06994167733112,0.8986077282130047,2.3728322645213615
33.86950260014563,26.419289176556138,17,1,4.901017813773386,clear,van,8,50.18473403531162,3.917653149617128,3.65766404595542
30.768617799263936,3.9031997068753697,11,4,3.4039626401019727,clear,bike,6,64.39053849502487,6.45619605190763,3.1203564270060014
50.51215049831901,22.481481615726334,20,1,6.29574053236324,storm,van,6,100.0,5.594704625703081,5.418289656932929
51.707695809653174,14.813197613337776,21,1,3.874473006711096,rain,van,3,50.04888290672086,10.444322835760625,2.728691799596737
7.419431258818177,19.65228853331047,21,4,4.2619763114037,clear,van,5,83.2847928728345,2.456450141745022,2.327854649405563
4.491492966497026,17.689122428140767,7,0,3.961483107383618,rain,van,5,58.57880414854017,2.310798587669711,1.8655964431697603
60.4246006846199,37.46353242705809,13,3,2.525203364499856,clear,van,2,48.2172009189749,11.215696751673292,2.615043378344115
70.11803768816107,22.1196924421401,18,4,7.00415463126749,clear,van,6,60.820724453507864,1.4440781715329283,4.392209300226384
11.983151054922764,12.023652678306853,13,3,2.3532895965526075,clear,bike,6,48.67924479812453,7.192165430789156,2.36892885080079
6.123486811736063,46.777330979906196,13,0,1.306259938029854,clear,van,4,46.479104034323264,6.743091572637969,1.64176844397268
29.348101425513633,8.613332210095852,11,1,3.727094259770047,rain,bike,7,59.12636823353799,3.2301775333081064,4.069514393657159
57.092375627367815,25.531881923982546,12,6,1.0,rain,van,5,53.6462838627656,11.016046647492434,3.213351443832666
114.21419830941066,22.60460756430241,17,5,4.668275843900371,rain,van,6,67.80940066451178,4.444364698472293,6.1188958866685494
40.97811147490608,32.47588913150247,6,2,2.2184863500590595,clear,van,4,72.52898778960413,4.730695349414039,2.8924876437961533
20.138363801049326,54.03695436426966,18,6,6.973205106535447,clear,truck,3,58.16422667345287,2.49920497372409,2.5990091083576967
13.269862714438826,119.3484541781409,17,0,6.192484938471352,rain,truck,2,79.44348069479959,2.7493706188875757,3.69588352102139
27.362159899579012,26.40648875898521,8,0,6.101689846037256,clear,van,3,60.03770235210347,2.2162332780623983,2.2339282280313157
21.340106508593912,14.614969222858207,18,6,6.200379998346772,rain,bike,9,67.69664885368648,6.169321894405894,3.5657623204234086
12.036523777785593,13.475111029372739,14,4,1.0,clear,bike,8,37.46114350466763,6.011018330580207,3.039548399361346
139.63118040022047,13.42276874571526,11,4,2.459023584457971,rain,van,7,71.2317312407618,0.867024408051345,7.526703834196709
113.08443155999149,31.632622702257233,13,2,1.9442197696525687,rain,van,6,100.0,8.467109296192112,5.1583990934457455
67.27838066925462,2.957387920084382,14,5,2.049208952489291,clear,van,4,81.9247174045138,4.117695637223946,3.0321523230431855
12.978831469390181,8.133586987818951,9,4,6.81211321031166,clear,bike,2,67.41161923999856,1.4008458882431998,1.6583037640297205
53.732361737779144,31.653660220533276,15,3,2.2164694031658065,clear,van,5,52.62883107225623,10.566529255900683,3.009960331022579
45.22731088997312,48.36848330131698,16,2,4.094871143170961,clear,van,1,94.48147209499177,3.5879287403828464,2.6478882254250187
38.63028287635928,48.56337125377151,11,2,3.79491216535979,rain,van,7,67.58506335421396,3.5760166514254386,3.5272452714867484
73.6800605419945,27.331935394367395,13,4,2.822364475463111,clear,van,4,59.898272246101705,4.314603729760257,3.6469141975878734
45.073609241329706,44.207710672231784,15,4,3.4861325686052114,clear,van,4,60.27421216935894,8.020392767211073,2.881657061981646
49.00936435040197,54.6709677907946,14,5,1.3836293398353372,clear,truck,3,100.0,3.191889173116566,3.9638908049002737
45.12899870542824,18.467403149125477,12,2,2.6455784819312935,clear,van,5,68.22747659658873,9.432195470605862,2.6577215082951002
35.6102360634607,50.98246411344965,21,1,4.5079877452719455,clear,van,11,76.75855619686962,2.2142189011252356,4.26298382984115
6.508513546182971,5.712085899337661,20,3,6.579605183509344,rain,truck,5,66.95327524378818,3.428205822547112,2.021681224889801
28.988432234055175,7.919052390416356,12,4,4.007596357643016,rain,bike,3,69.02172318235493,0.6675128294835907,3.0436866276687686
17.375243972251393,19.349859030017893,17,1,6.21737489125374,rain,van,3,63.6264304829831,3.6418537410699705,1.8106954849941579
9.738890835273804,4.980221304935559,18,0,8.707922869795862,clear,bike,5,91.33485260856574,1.6535298729077523,1.9924453596681049
104.11054792758257,37.8928323494014,7,2,3.127494998636982,clear,van,7,70.66080669659948,1.8859191503035853,6.138841599118968
108.11508619825398,16.34317573646959,15,0,2.3975775234719983,clear,van,8,48.88250719783428,1.7125466895142085,4.644855886036015
80.42913452320533,22.787704263097645,18,0,6.064267492821558,clear,van,7,75.91180904720957,4.420046481750802,5.274536599355941
33.25385610581431,23.433621434701745,6,6,2.26238636511614,clear,van,6,68.27864295181185,4.331372453769292,3.087443035590166
79.8779701323665,18.968951829174866,11,5,3.763283637963311,clear,van,2,75.71688934566805,7.069273146148788,3.4074476651125436
27.375338257028574,13.350676689688,18,0,5.728618938633501,clear,van,3,65.02613299905815,3.508497662187894,2.106018085082421
31.888256956063028,36.62733537066836,20,2,6.390518761229472,clear,van,4,61.88409121697233,6.255142043257647,2.561083542705365
11.304749008051212,16.063407696710772,21,1,4.770396594103494,clear,van,5,83.412216390411,4.762370965890124,1.892626049875169
37.24780599392845,23.199187280004764,15,6,2.763963343560805,clear,van,6,97.8870704289527,2.97945269728928,3.5652265823343616
28.454568929491145,32.70906422520525,6,3,1.7199875203577217,rain,van,4,42.11667784946662,8.221478156086958,2.561489877113562
9.562778343369992,54.367460251955784,6,1,3.2951723948592377,clear,van,8,71.23058980304664,2.6350193009526284,3.3640187050205648
26.024601717636724,51.51333347557851,18,4,7.780370624338966,rain,van,7,61.89772024667535,1.2233928850157578,3.562517522324392
25.43729359362979,17.244010217888462,17,3,6.712723091460245,clear,truck,5,56.321782813281004,0.730585132096106,2.8858749047820105
114.21115058625317,12.76761934971923,9,1,6.899319051810127,clear,van,5,37.65219180705325,3.1083800089535245,4.882192921742572
55.44384256474677,61.865632859104174,8,2,6.308517153198571,clear,van,6,75.41183405884398,3.9095696603958054,4.239018318858247
27.362031788512862,15.99188753124181,8,0,6.891075899586824,clear,van,5,62.748186334494505,3.9521355297281646,2.45648824475347
33.08334051048789,35.59854223119532,20,4,6.076672023874867,clear,van,5,61.854919836479624,0.662582275614003,3.0879892678314445
28.088771408673466,4.69794429485359,18,6,6.445625468261885,rain,bike,7,88.0405379502617,5.548678925900455,4.2353788409070345
23.050070134823546,2.8603402924424297,21,5,4.429437609259847,rain,van,3,63.40884481096416,3.481770013730786,2.0377721213062703
11.40507283658876,26.387289437786034,7,2,3.9489773289040575,clear,van,3,62.772669234933765,6.810953602382511,1.8547358416029909
24.026526670475,20.86451372547068,17,3,5.339576063992753,clear,van,3,49.960305078377736,4.399435629741018,1.7545502748860557
14.926249803160557,42.16873701598104,20,0,6.780724166481594,clear,van,8,56.381874789348004,6.1175334940912585,2.9743390747474097
9.971664978339964,13.484024928167443,14,2,3.4308532909253078,storm,bike,5,91.99627639391316,1.5178032716145677,2.2386621391387824
40.812052885242885,30.966448403102,18,0,8.803953836684697,clear,van,3,79.17378063169203,6.823054787236528,3.1525739202404743
37.077552327980115,40.62598290576534,15,5,2.898163479553152,clear,van,7,89.31420180109245,5.282172035484826,3.7941072589528533
6.492411224439325,13.945751340247242,6,6,1.0,clear,bike,4,57.391286384165596,2.6996914815428545,1.572416647531312
24.5780136688494,19.332406632402826,12,1,2.1768517034136123,rain,van,5,75.41765877760312,10.406323621245267,2.3333100369854187
60.13314029118266,9.44484537345753,10,4,5.5360929028045485,clear,van,6,85.71731714690031,14.943423918529882,3.516106728865626
63.267956915507206,43.217256983095005,7,4,4.091456174214359,clear,van,2,78.6897422541229,2.7504546382249195,3.5000353947699976
61.6004683939337,36.95939508936788,15,2,4.258328450665104,clear,van,4,93.7048747094954,7.157667575333338,3.9524792210072106
27.969945690907885,38.91129740481986,20,5,4.127478426879683,rain,van,6,76.03021213742461,4.206729101125759,3.2597284681114598
13.790276434621141,20.798438493410927,6,4,4.470438087262584,clear,van,6,69.9725022127981,5.9548379823521955,2.2833914897357603
11.393476310243884,36.51741592138643,11,1,3.750718221975912,storm,van,5,34.68410495488911,4.984387287764203,2.3839874069340037
35.71904156638829,22.2472574007997,16,5,2.816176260152062,rain,van,6,76.25202471820823,7.012913798930302,2.9766234916071723
36.723762587844305,68.91251916209976,11,4,4.732744362444736,clear,van,7,78.96459160841064,0.8638138198816521,4.360088190167387
75.9340263754035,24.838143136216953,7,2,4.795004874211164,storm,van,7,87.21326656313073,5.837242225988546,5.417545762161532
65.36478908446993,49.52066459359582,9,5,6.119961820409187,rain,van,1,58.08147385637302,5.163046739372722,4.012676747903849
24.391069830989604,20.88858409141244,6,4,2.0611120429406355,clear,van,9,69.49632001711595,4.5334195738245855,3.5644100318048353
10.02052307022329,59.52126767067731,21,0,4.688650818509276,rain,van,4,46.149927824468676,8.865443535513531,2.3129251126298955
21.004038366270542,12.739442041325908,13,1,1.3723156812366861,clear,bike,3,45.80204114114471,1.9324826225588563,2.4708959639901655
32.25860908044903,33.81002875226982,21,2,3.6492316251338517,clear,van,1,77.69447630034793,6.789316498129177,1.9810237643851776
23.065394107611034,14.9451061582949,16,0,4.211225507380117,clear,bike,6,88.99798723588074,2.5357298513347937,3.2912907650306362
17.076183476495213,30.011523822517315,11,2,3.4006097126744237,rain,truck,6,89.52406443101397,3.067584641551669,3.7357455288094528
33.19196577725177,16.055475432299797,21,3,5.129226914620924,rain,van,3,76.57699767638294,2.743512347505092,2.804606697232306
18.116693515086588,24.76492199963678,10,5,4.340484608817595,clear,van,5,100.0,4.486385693768625,2.6299793288614763
16.404359669679074,17.989323033036698,8,1,5.827322284929323,clear,van,5,64.112406803188,6.862787616625574,2.1936359992348087
34.784165450626965,39.63179517486373,18,3,7.068768401091434,clear,van,6,83.47368742701214,4.2243478634297,3.3835939038590075
19.65645800345789,34.81683577744593,14,4,3.113039051575141,rain,truck,6,50.23207743813997,7.567900746722122,3.393015254795039
32.959631052485875,14.512510167029863,12,3,2.1526163055309073,clear,bike,4,30.0,3.3543506353239563,3.079119822643027
33.735922469276936,14.170743688743247,15,6,3.2397821486858565,clear,van,4,62.779560030780104,1.3268585595215474,2.401369413153846
10.896665218050062,11.811960637291216,21,2,5.14186318454382,clear,bike,2,68.19038719549302,4.958028560877974,1.4753460817914135
18.448943406525537,9.872133444662415,10,2,5.647020532175391,clear,bike,3,73.51838068903808,3.7458312061655397,2.057008759237928
85.6459169188413,41.49751117013048,20,0,6.263623913765611,clear,van,2,67.20758147245614,10.256635649620554,3.9722029616297885
10.700991383212692,11.23889488088277,20,2,5.860922485902438,clear,bike,5,75.42057366939866,2.121556040808028,2.0982813452675892
4.9862116887246,31.844803573288566,18,0,8.20950462263623,clear,van,4,96.10457970228137,5.497147218470807,1.6965835057031033
6.113649396225912,16.780091898863276,8,6,4.647372758580241,rain,van,1,81.06812428660719,4.239177798761879,0.9096409566548949
27.75144628634952,48.55538385110022,7,1,3.7215769297336525,clear,van,5,58.51554666010736,1.4228175556808895,2.8508918474903537
27.79160015735486,79.9917903112471,7,5,3.2813924991935286,clear,truck,6,32.31143994546169,1.0575083500290596,3.9123700478407164
24.677979200984684,0.637759565502492,17,0,4.974120385506331,rain,bike,6,53.87038095985825,1.1162483367556224,3.322526812429057
71.61838846589445,12.60201420061661,12,1,2.624839289166599,clear,truck,3,90.1450909193362,6.853096078028251,3.291190636594784
3.1954644771323446,16.55894077316228,21,0,4.806717892429522,rain,van,6,62.446243550451165,4.1616824463081645,1.7638756049352726
37.216309757813086,21.357316571658192,6,2,2.787119920594375,rain,van,6,80.17982049145101,6.0269282363528305,3.391611009644344
94.55205802969276,20.357577836621253,11,4,4.817905845175198,clear,van,3,79.60448804175071,6.21231235472134,4.323925502151474
10.998681347215575,7.811586591138826,10,2,5.70193482264297,clear,bike,4,69.16483146019739,0.7440844039075726,1.9848268253795498
20.008452125739577,81.05974746322585,20,4,5.872457097295796,clear,truck,7,68.69807214928275,11.279532563710822,4.991501235233092
14.845346753580206,20.937825954551826,7,5,2.3505939654205585,clear,van,3,60.0353565843889,7.8605738954207816,1.503432885222252
13.256966172438158,34.707423894049086,12,0,2.360921962171681,clear,van,6,100.0,4.133759077405543,2.77900576027332
20.884147868291723,35.46285956842811,19,2,9.345641051369059,clear,van,4,55.660423223552755,5.77278924585728,2.3926194705251707
84.94366116808834,6.192147005947927,21,4,4.50746300846718,clear,van,4,86.81425458699606,1.778321200722042,4.322298262130149
117.9085519327691,18.8133182091631,20,3,5.771460694518223,clear,van,5,82.46174596772427,1.5314567547094289,5.655776692620216
20.723091708026804,41.49578137203918,16,1,3.48220808820987,clear,van,6,79.22695300507566,3.8050266596483415,2.700909393391891
124.46793981931957,62.06704605962036,8,1,4.724862678941465,clear,van,6,68.20184290959253,2.622527544772027,7.171750164167412
27.895382730120936,19.127879027258786,7,2,3.3912466052260095,clear,van,4,47.80321125562298,4.338778410553101,2.08810304105906
110.27230660680412,7.3988278276097255,12,4,3.2928726918415743,clear,van,3,52.77919078889547,3.0954386008865877,3.7091176609988485
25.162658255293163,15.437625941684805,13,6,1.4177040824921996,rain,truck,8,58.378392553141815,7.490225375128517,4.187311892228921
30.109666333164736,18.48485557738274,14,2,1.5164138039237511,rain,van,6,75.54633846866831,5.682668494065459,2.8636431916653966
36.32040040773139,17.93601992310679,6,3,1.9981293891580467,rain,van,5,83.35932183015994,2.7374566994301968,2.5782223786954046
344.84082835919554,11.823197901534218,16,2,4.806706278615469,clear,van,3,74.71008493250218,6.258751874135745,10.978843946261074
53.57210266285175,6.643533955380476,12,0,2.6205074247053592,clear,van,4,73.89564154169906,1.824015663574077,2.6699593137758133
15.397241593005143,9.361170192194956,7,2,3.5537979293837765,clear,bike,7,85.63669922121791,4.0627023326954514,2.5884553512183395
58.86215157335152,15.547620990665925,20,2,5.993178971513141,clear,van,8,38.650706061832764,7.60091086592539,3.6941075915075525
20.298235687655477,41.02050052436965,11,1,5.821287093033248,storm,van,6,36.89613434462388,0.8733096144669558,3.077355353045192
18.32378336862228,52.14280753859425,9,4,7.975703823852264,clear,van,4,46.78440774452501,9.109185323978739,2.6950639999817043
56.085711768959996,26.82449363668809,13,1,3.3740621400930904,clear,van,4,83.88311427756476,3.1867485967613263,3.4166677664622442
27.795342486860374,9.608718911904388,21,1,2.8853451598142463,clear,bike,2,39.85979023091906,7.6931486416864,2.0333098797549702
33.88121502043732,16.284545353720716,19,2,7.652045129128011,storm,van,8,69.85226130821472,3.1914909884092406,4.261700583617234
27.417683199960447,3.0295938853857014,7,6,2.728617889280785,clear,bike,8,56.34419935241308,1.2095177686329726,3.9238804342719718
35.490551328157025,62.858859276778865,16,4,4.7221937953305995,rain,van,9,72.32782136071069,2.8420077923587814,4.266848244272599
38.09079751613965,14.274331575576124,16,2,5.134967141425283,rain,bike,7,67.87507779502559,8.594871004209073,4.6406850514922615
5.757057271738338,32.67005985152152,20,5,5.253052704061471,storm,van,6,73.75491017213818,4.717119537318666,2.3901731228042578
46.21286094991172,49.69909715875032,21,0,3.589052282190451,clear,truck,8,64.01252904427491,7.797304350093653,4.872128098518361
12.35899903016658,74.54924330300352,17,2,5.711082325929244,storm,truck,2,80.61076360014289,3.2547844056460167,2.9190028882882695
8.551961668565724,44.17266940567815,16,3,4.783578331569807,rain,van,4,91.95223421450956,2.364381677130767,2.4376499150656414
25.874838367854426,17.846820422261427,11,3,4.632639131162847,rain,van,3,88.97093869465793,7.503356553002522,1.8785935107726228
28.996780386023477,35.84203077065661,20,4,6.352651565106722,storm,van,5,64.56397326351876,4.119179449852058,3.2954952757434994
15.567650391769861,72.75357189584844,21,4,4.390861051829675,clear,truck,5,57.02425575390657,5.212791154873432,3.372508714358893
52.71106977439311,14.161169439203814,21,3,4.327126344932858,rain,van,3,72.9341351565337,5.483902744781552,2.8734844721162376
9.265148307579526,6.309555976285629,21,6,3.644899899252199,clear,bike,2,99.630926074608,0.8190944140201056,1.3214765752268782
19.578754044406647,11.905331049318836,16,6,4.002466091068269,rain,bike,5,69.20223837226413,6.412888865842069,2.5604835694534227
16.98109543500688,34.16819050191928,21,3,4.791160882107242,rain,van,5,82.58112002390222,1.8407433526919736,2.998560193208453
26.120754338738525,18.214864360531294,18,6,6.237209968251252,rain,truck,7,81.7567389295795,1.0470380522262417,3.1866183408817355
33.88903218654881,23.054831421966366,9,4,6.96076583062588,clear,van,6,81.58059956704446,2.93224416034165,3.2803427720239138
12.105811666385154,38.30892690579208,6,0,2.606837769129634,rain,truck,3,89.09271611501146,3.6958370693733085,2.4457861236207
48.396434418274936,11.674178941864772,21,0,3.6627638009582073,rain,bike,3,50.247797502513116,9.702350732858108,3.7965428624765543
28.514191042614815,22.195862448126867,12,0,2.0510953655452626,clear,van,3,55.551577519139684,6.643955232327991,1.9780100408744068
5.9681858132842835,16.054036866353936,19,1,8.208091971240052,clear,van,7,70.71331346829616,0.9895459155790332,2.3889314086633187
5.658318977626437,70.83978359534319,10,2,5.433478183815939,rain,truck,5,88.45541273471108,5.176847021752636,3.2043262692977073
26.846744492617773,43.22906991853394,11,0,4.7077276869257245,rain,van,6,88.42095854881109,4.089234220011476,3.213502042758915
22.719558143872828,18.31542155106174,19,4,7.731852782569062,clear,truck,7,69.30979796003459,2.0792297697132094,3.556915439496453
24.95973456776244,17.50469134398046,14,2,2.938627409185939,clear,van,4,84.97258424261793,6.193238956708422,2.181312496671654
26.51243941595844,76.1657002191406,16,4,4.796688681507368,clear,truck,6,63.67629465393396,9.673916596224887,4.394549464454482
32.47426311980715,72.11117676082227,11,3,4.730924532412968,clear,truck,3,57.60371788532285,4.361208535994995,3.220907129839949
57.86540370112884,34.00792415856022,15,1,2.5266239779110693,clear,truck,5,50.06501183517961,3.235140822652675,4.141849699964526
11.146394465242055,23.875187054866036,13,4,2.526281436740446,clear,van,3,67.94121498008188,4.522225616135876,1.51414017055332
10.616641529925841,7.951575182733285,20,6,5.582222125364131,rain,bike,4,64.8009911983638,5.188951534396347,1.8086604680202576
11.306083160876502,11.998430778337156,13,2,1.0,storm,bike,4,85.0511753434161,12.94500864064937,1.949918452490171
34.162663381890304,7.377374714419581,7,2,5.416916218790952,clear,bike,4,78.44207381299742,2.513454576472887,3.0315338652840715
73.40249324192091,51.04952070874008,17,3,8.052655433218291,rain,truck,5,70.81345701721452,2.5952691034517694,5.518759941536889
19.200348874362962,8.072130424788732,21,5,4.187453288652665,clear,truck,4,70.87416459672875,7.388043707393197,2.235405860164665
3.6643102728169117,17.32472585972443,20,3,6.884594276860792,clear,van,7,63.71267625988929,3.024081538085829,2.3513812761558053
6.936558165384072,3.777647926525948,7,5,3.715456046569106,rain,bike,7,43.31277014159688,0.7668553369863688,2.196304403655577
13.92339643293997,5.680607577887972,21,0,4.028281642968638,clear,bike,3,52.26390098095137,9.747091297461687,1.779146036433282
17.353893492451768,39.53940755742778,11,0,3.968444423580491,clear,van,5,81.80021875650894,9.42402820825304,2.687774133401955
19.556135982724125,30.370598734287032,19,2,8.544450867685986,storm,van,4,67.92297410812141,1.6138807393310732,2.508615185833066
27.962515982488338,24.531124505052794,16,1,3.508547882770385,clear,van,6,50.32204512906406,4.37034617364858,2.5250330954426246
21.128079448765252,17.584556990436617,21,0,3.4384547858147183,clear,van,5,90.50601525732819,1.0298445633371491,2.051594297876199
62.76965075530033,4.9344669998847825,11,1,3.7387172416013073,clear,van,8,95.47265921731669,6.982610331936726,3.8755727110158795
15.786989563301656,15.727412427857693,15,1,3.4327191230289738,clear,van,6,88.0676747997243,6.785447016783642,2.3787094809000284
13.601031458727057,21.177040677129966,16,6,2.736948384311458,clear,van,7,76.35983765140796,4.1565847919267975,2.518394640667389
39.76950572547507,37.683709998617424,8,5,4.622616954109476,clear,van,3,74.29302131191294,8.07499592115363,2.509644345187552
7.936610889782398,49.15511677589423,18,2,7.687586543189039,clear,van,6,69.6311889323674,1.1281752482860932,2.6795019798206177
37.03092462585128,40.40692698697508,8,6,3.9934544167357964,clear,van,3,72.45157140529001,4.8883375791863335,2.805574953186252
29.430823602293735,30.238595339643776,19,5,4.266527227689475,clear,van,6,79.43068335863387,0.769199393003912,3.157872735677265
24.096003769770885,24.2483008067219,8,1,5.182477228019159,storm,van,2,80.6114463783264,2.0398338680942962,2.315994832130075
96.60407124458024,28.099746665657378,8,3,6.212396473407557,clear,van,4,76.81177402339353,1.010088845315704,5.003575475442367
16.4814258994652,14.868915762579233,13,6,2.1482442757077487,rain,bike,9,30.0,10.629173225730602,3.5337130060302466
140.92650825106608,25.84008657702389,8,3,6.399177646643326,storm,van,6,87.26779705486848,7.869238314668694,7.657228488837505
22.638564381595373,21.08267106938507,7,2,4.543219376626375,clear,van,6,72.9924145694906,0.8308205213155142,2.502332988944458
9.760921813053432,96.5922201531407,6,6,1.640225212678395,clear,truck,5,49.63816423504664,5.091860999099172,3.290069837565554
28.672419417179384,28.625437240757925,10,4,5.331285992941841,clear,van,6,72.97049688900223,0.8393880383539787,2.890077290244612
11.461617446264333,2.7276878711366637,13,3,2.499208280237897,rain,bike,4,74.53745020906905,6.4185134265938775,2.0162412083250825
14.858845162225615,16.835031323690167,6,6,1.9719410769187988,clear,van,2,46.43782224796525,7.329790365820673,1.18747137415247
37.24905740763532,19.312873583552797,8,5,5.528612705680244,clear,truck,3,60.361420141731266,6.479877882749525,2.650695666291665
42.28640632463431,44.23543735279534,15,2,3.2128154345826063,clear,van,4,53.41167139830968,5.074595758821705,2.5725210858568732
16.481949951747914,31.327149828277044,11,2,5.083637042861615,rain,van,6,55.39727666115706,3.686872164092821,2.7597391736422607
59.73535857641871,30.194604362149246,18,0,7.400497982970171,clear,van,8,78.55557251924846,4.858910266230878,4.536336917945753
68.44333703732299,58.32239325971974,19,0,8.62695435148384,clear,van,5,60.66718686411078,2.1030677323049316,5.3991739459173544
85.54490179217396,72.3321642526434,6,6,3.7690818508190063,clear,truck,6,71.39918836703937,5.094247133793197,6.985693476731325
41.41034486984191,39.498796347719725,21,0,4.33002236560412,storm,truck,8,81.06427873595112,3.3143975275089974,5.079341454754192
80.70035462826652,17.896873170028677,16,5,3.829142652483433,clear,van,4,63.49162466665156,1.0230916451969128,3.7801589218635043
6.021649695762741,18.33302908199247,19,1,7.028504320438773,clear,van,5,81.66295470167677,1.8448845288087796,2.0818949015314994
21.02421273862303,53.37997142609173,13,3,2.914407097063083,rain,van,4,90.32697076166103,7.30488932389445,2.607762515560879
13.550125305770074,18.288414987636887,6,5,3.044587668727792,clear,van,7,82.69333422952474,1.1157978163639666,2.7041067421091363
29.826005743334573,23.017960757418322,20,6,4.596349186472151,rain,van,4,78.9985100348206,4.586249280316105,2.0796822844327028
17.164454122766276,16.541708502450184,15,2,3.3766442399724372,clear,van,3,82.81694019481814,3.163745263940305,1.6752654434367917
23.73791897773674,9.454607563052413,6,6,2.3657193241840355,clear,van,5,75.92426112984597,1.831511387637349,2.034171142209906
122.20988117690385,91.72623697165177,8,3,6.316315491774883,clear,truck,4,82.73277025801202,8.187507368981604,8.375124358235002
23.670372553057696,23.1375330694801,9,6,6.249620084202418,clear,van,6,52.3938235793265,9.067693583555991,2.520939397171717
37.75182631583339,63.92896347196557,12,0,3.100637492210247,rain,truck,5,68.88249557247089,1.2271438110987531,4.662072642515086
22.51506264373098,18.487495467008266,13,1,2.087971615418938,clear,van,7,75.88205501994702,4.672128125420526,2.7872268705471823
28.805623553801233,14.26746270409767,12,4,3.3521549693547716,clear,bike,5,68.87578386983827,3.4960632535616627,2.920598000925259
27.243455969172732,37.19089231984023,19,4,8.662411823017255,rain,van,6,100.0,4.5485243580536885,3.6852679851422114
38.809274546885554,49.01211616467568,21,5,2.986267105838417,clear,van,6,67.12861440380894,15.0,3.4887875092643545
68.87174648828811,51.168881017857146,16,2,4.2856823370262624,clear,van,5,43.2622701568087,3.187599871646207,3.648396768633915
101.28265759034582,20.95722395980392,16,4,2.872167394486802,clear,van,5,70.82671605745477,2.330177603340453,4.68076272785556
34.733202210946686,39.9350073169468,19,4,8.239805389422534,storm,van,5,82.42464641218817,3.9120842347795306,3.714400116927389
43.45115826717512,15.599712497548374,10,6,5.78151269535669,clear,van,4,56.90701540375732,5.323057630127644,2.7860539426560393
10.797432697220094,25.59362338419856,14,0,2.0771150204463993,rain,van,5,69.44953201167989,3.0690141733388403,2.1361077834868714
25.272038983801465,19.405427346515992,16,0,4.393870564931278,rain,van,5,68.90191897994166,15.0,2.63421594242163
57.52568662166027,17.141515185983657,10,4,5.827616704976439,clear,van,4,69.10608384034593,2.205565330831848,3.5239725120956003
54.205095163490974,26.393454860405733,21,0,3.9799113372173274,clear,van,8,61.02639691239989,6.511011934615454,3.67089966238398
32.11386236317682,9.22415469308861,9,1,7.185742393965025,clear,truck,2,86.45409325751564,10.171408246391827,2.1294759391296014
55.09809641028495,46.306191620468134,6,3,2.0492823851632123,clear,van,3,100.0,0.4482122384830296,3.2618943470554997
40.14963571276434,17.198321923849516,11,1,3.8683590434405595,storm,truck,4,57.40729796070182,5.634133039468967,4.015856858920611
70.82733449356964,44.818468942157125,19,1,7.049286208912859,clear,van,2,50.39602455133882,2.2845272975123407,3.6732598553223985
34.174758826361206,11.093309175905596,11,2,4.527841861275046,clear,bike,4,63.437360178341585,1.8555709699764562,3.3590312511093297
20.3980916018071,17.149647358305195,9,4,7.191395860701911,clear,van,5,91.10530151908077,3.693951594657711,2.5404602839647223
35.469494086516704,9.195173425196433,19,2,7.427936617489624,clear,bike,6,66.12975614604457,9.745822748929799,3.804006576988725
3.0,8.875598849250677,8,5,4.832612804141278,clear,bike,3,75.49367567115964,7.531223655377208,1.3876607966283607
36.82984747443458,12.432911155506087,8,1,5.827107054933124,rain,bike,2,56.3151664691749,1.008322677490594,3.3731780612446682
3.0,11.24702888694695,20,0,7.155005803614906,rain,bike,8,96.75711870123862,7.498438222610936,2.5461997720264327
6.829348452446114,9.267383807278518,11,1,3.703770740320562,rain,bike,3,65.56911329858414,2.24528646306459,1.5176179762040125
38.91636595375956,24.301658311722264,6,6,2.649377105453859,clear,van,4,73.74113118506479,8.764491763554359,2.5189917300240534
39.72669857365686,36.68292561236639,12,1,2.121352056764027,clear,van,4,58.060541413749874,0.64825624893955,2.3397583734834364
10.698001794899863,38.03400811666743,17,0,6.891283716630952,rain,van,5,56.61727310464822,5.92419663528475,2.2808550556652567
15.337769274566222,4.534500050251908,18,2,8.602771506433534,clear,bike,5,69.94566896174072,2.0334833210439713,2.1601904892308106
81.16083399906343,19.308220951805986,7,4,4.923166494827498,clear,van,5,71.56108736987662,7.453076120377901,3.8178590583659386
18.407825898121207,17.821042134204646,10,2,7.180586805842549,clear,van,3,82.9416497222823,11.37893954220507,1.7743908510694262
163.0955540027815,59.018234959823374,15,2,3.141672583175787,rain,truck,3,44.68400224529659,3.7416003710302337,10.05936368588531
27.07102905401057,19.898543285465237,16,0,5.277478999994116,clear,van,3,55.73562836635158,2.742234144558503,2.1667863282129
37.57838212261717,22.792015444590984,15,4,4.207060544968907,clear,van,4,59.691439692459326,3.3760888953956116,2.3683264142779556
98.83971708854553,6.460509472474557,11,1,3.1589387014877026,clear,van,4,71.80154834608568,3.9707286821838514,3.982407888049971
30.108926611516527,12.151025097703112,19,0,7.290336437987001,clear,truck,7,53.056793870964924,5.80023775206893,3.8493263174082726
12.159670941589908,6.063714077997505,7,5,2.047888600987794,clear,bike,7,68.5685186024455,1.104593103070916,2.5062006881257544
24.834108193279725,25.484693979207258,19,6,7.067256860897868,clear,van,4,60.344554539418944,1.6701470097120048,2.3843724377293753
26.351136659710978,60.2725114489241,21,4,3.080202502407344,rain,van,4,67.96660554065242,4.470326790492956,2.8385049593630836
9.099383629790324,12.519849799563866,16,6,2.0058234385462606,storm,truck,5,58.38004567581409,4.057174154351438,2.4010495577368203
22.094624484185847,20.023733749241494,12,2,1.8076037402945329,rain,van,6,54.826449625208966,1.5803287826604588,2.5715123891849214
14.972966245602619,11.309407328179656,12,3,1.2948682765911168,rain,bike,6,74.27613354377549,8.50457546039866,2.631128618834589
56.79715325663734,14.592585930206356,12,2,2.903244308871007,storm,van,4,86.69472186097721,2.482740487159212,3.9190097696270483
27.87386466232737,25.883714307879146,8,3,5.1360531432454275,rain,van,3,82.20141223614081,12.871238329674425,2.4053171028236346
21.623126228743327,79.52497998276661,9,6,4.24777796198717,clear,truck,6,86.69044664995178,5.654921024837899,4.334629219619387
24.90464806935109,58.301940083603185,16,4,4.253622982579386,rain,van,3,88.45048399386314,7.073135687087249,2.7656088651349746
32.41099168246302,69.8900551672871,14,0,2.2966408251954458,clear,van,7,67.59154250645312,4.871498921705984,4.037006971132732
44.40940892672083,45.09224993250336,13,4,1.0,clear,van,6,98.06374463319975,2.761805764238498,3.3216782839114827
12.185298901561566,19.817072176383732,13,2,1.628200937580793,clear,van,4,81.34185016371933,4.755943466793578,1.4590785393317338
11.783849339490542,17.74442644727897,7,3,3.9958504591734654,clear,van,5,55.752001711284386,3.6146934351532507,1.6859824985008316
65.61100049223745,12.585228423908642,19,3,7.487468332621654,rain,van,3,59.970001125825746,1.2982086328779066,3.2417111595372594
19.494463501115572,19.571030628065454,21,4,4.023441734675828,clear,van,7,72.26339676234957,1.328865763218527,2.8172066771380386
8.727913395904698,60.84287697674029,9,6,6.5434338745790885,clear,truck,4,83.20802012084492,3.1984224352117714,2.955855485822017
38.66946101693724,60.38374096679036,11,6,4.9625003079351035,clear,van,2,66.56720085101108,5.904730570545022,3.0176258360257004
39.27922860100529,99.01872055844163,16,6,3.1790585221453767,rain,truck,7,55.433800922241474,3.1943854327374335,5.710784524022722
7.967954374664135,27.322360173675186,6,4,1.6191711903216361,rain,van,4,81.85722827653134,3.2699066228563334,2.0097534963136123
32.576311149287505,7.943791710178844,7,1,3.8678949818608124,clear,bike,5,53.246786343096495,6.031947915397588,3.44133766406572
48.835937887293575,34.99957188841715,20,1,6.395324149892417,clear,van,4,74.55828632495529,3.1641803495572915,3.598836846700301
36.58027502418965,80.08869208842059,8,5,4.760326971827488,clear,truck,6,70.64722468619203,15.0,5.02771726469773
44.95154747944901,66.19161914801916,15,6,2.8147261610695686,rain,van,6,49.86319637736216,2.478776726161866,4.55643046984631
8.816145192929675,16.15072571714508,20,0,8.00941706731377,clear,van,3,96.65942744186921,7.393588756695597,1.791493538535309
35.33352125603903,8.677146359672038,17,1,4.8693963106627765,rain,bike,2,70.25094886692445,4.438290612135297,3.1435442482732956
21.282905513117594,8.450348515893218,10,4,5.598109559304548,clear,bike,7,52.21042876271028,15.0,3.4189343578933067
18.4260951214034,13.285013967991866,8,1,7.236601801443408,storm,bike,5,70.7282422297193,2.9988562945074495,3.1521529912634465
54.40437032739917,15.034746587317935,17,0,5.822256548114365,clear,van,5,44.04818269110753,6.65537878599228,3.0376200499853265
88.53691720025128,18.67088539215747,12,6,2.780009112468068,rain,van,4,75.41635452324911,4.015520208631417,4.754290830132035
113.91995397822284,38.314025155000756,21,0,4.791748874196145,rain,van,8,82.91639337724055,0.5784035168212819,6.8921093477055635
77.6216433309045,18.165460916646666,16,1,5.276625524114565,rain,van,7,100.0,4.291948092303692,4.267974345358168
24.833974488074762,24.73585772673563,6,6,3.672012928435975,rain,van,6,71.46787729856621,2.981828207559073,2.5406243096473298
35.951691352617566,5.637819722368389,10,0,6.27023145861201,clear,bike,4,60.11611132250503,5.04529326133543,3.1569767270219122
50.071816126189304,12.599139274140637,17,5,3.595250568725703,clear,van,5,73.10064242473499,2.3717758611625324,2.7191173684987464
29.8726205267531,12.104239128045268,17,3,5.679567255315737,clear,van,3,91.60523431499048,0.41426705319239643,2.2163992818094185
30.102594086865352,4.684712658336534,17,3,7.988735289601924,clear,truck,3,77.51358767200882,10.850142785857553,2.226954581203084
52.405026143750284,17.803950867804552,9,5,4.46864604408222,clear,van,3,82.49018911554894,2.616735386372476,2.735497366177819
25.8568067415192,5.680567056030604,9,0,7.397450619840208,clear,bike,6,81.40083186725518,7.204463176898351,3.093699847327074
15.128349756518553,16.809560319621113,9,0,4.988397985233199,rain,van,6,77.594972151931,3.807710977888444,2.1342788978197444
19.461176792939728,26.18748525026686,17,1,5.158911250815425,clear,van,6,48.972378126738434,4.990271212648104,2.2673953204077155
45.02096644158563,61.53197226473694,6,3,3.38622624150537,clear,van,5,48.155398095207865,4.696758127146578,3.7713887427920403
27.17764153709095,11.574467772391658,19,6,6.247110297381856,clear,bike,6,46.310313834308246,3.1660144894313045,3.479130411404384
35.59367599523248,25.647315025607384,10,0,5.702619832620968,rain,van,6,52.037632874254754,4.31250361148454,2.48695879746243
46.34268199387268,14.07728943739664,13,2,1.5476770568732823,clear,truck,5,53.7645216043084,6.939397760539236,3.1239267384516447
20.08808452699915,5.359255087890257,9,3,5.402771332779675,rain,bike,3,97.89586379620803,4.438844983635721,2.540094480928758
49.65000697148922,62.00686233077734,12,1,3.240242593991972,clear,van,4,59.397186203131525,7.853253557426937,3.5650687439065676
36.71091354918708,27.07766233320039,18,2,7.54640913070459,clear,van,4,71.49790314912683,2.973326857992964,3.387091106063161
10.096103228815842,33.73960871944749,9,1,5.782513224876826,clear,truck,8,66.34161062926812,4.012726217100026,3.5190022631556954
85.95671305342084,68.78457579400335,15,0,2.931867894720794,rain,van,9,72.90253983491232,1.6929237309444276,6.382985415861767
18.163320529415135,16.742852610648814,6,3,3.141674828713542,rain,van,6,71.05095838996047,5.283035766343181,2.2323554646897525
7.213279667354964,7.558910782137836,8,6,4.642410855543063,clear,bike,10,51.16038629012658,3.7907404616313416,2.591241383199298
11.751313626379202,11.429004972766545,16,2,4.37991578531346,clear,bike,4,78.96613176602048,4.63660441434966,2.0259157253552558
11.979104873107973,6.8980033608171665,15,4,2.93821803550252,clear,bike,9,59.80259856642931,10.444500240302094,2.774991243938034
28.26823270588766,50.9076617267901,15,4,2.342280736210026,clear,van,3,59.299411098360316,3.8465385127440834,3.0445424062265123
21.778420529381336,82.12247120037526,9,5,5.643411982230065,clear,truck,4,65.4029978570758,9.680202701983305,3.4291733138428135
20.70829668249096,25.977512050047434,9,5,6.188177836649353,rain,van,6,82.13448397094277,2.203642337129509,2.726911147255122
44.51212270394915,39.07166946709925,12,6,2.9761292466689953,clear,van,7,60.63160037590335,2.393951172742635,3.667324506937336
35.584149108874406,46.4007723849487,8,5,5.4355332785148365,rain,van,2,71.37671755136982,2.270710854246617,2.9998151212585618
34.91226836485423,71.82226321837184,20,6,4.451833308736709,clear,truck,8,76.04270671162344,1.5243719800061095,5.612299742921276
37.632301568506485,79.9000603099127,10,6,5.3119886756011,clear,truck,5,73.85245289353911,4.455707698161982,4.0028414482057855
44.3852734071828,3.5482018922244145,17,5,5.364287538930863,storm,bike,7,73.0311212183643,5.858201581396343,6.102574829590374
5.021041220196618,14.415986226220642,8,3,5.435920225598046,clear,bike,3,48.9464038215489,13.34991766490966,1.3385912783780838
20.255966622730828,23.820953814202312,16,2,3.9156714486319735,clear,van,6,71.9030391157787,3.731332038632648,2.0539888096970986
4.7390275119793115,12.970761416552952,9,3,7.543759846605782,clear,bike,8,56.279201545435456,10.172130790073696,2.460633059543109
27.90617363078535,19.049826850012238,10,5,5.904545156590427,clear,van,6,43.60038929733655,1.7698434922105728,2.5097507063425413
27.012335234720364,32.19369704142692,12,5,1.0,rain,van,1,63.060251179983794,2.4741810465999916,1.9169583696116137
62.57875351837927,31.567984189411675,7,3,5.3676104514473,rain,van,8,62.217291960080445,3.60663940273293,4.870459678190052
70.1129500775915,45.373023361861705,7,0,4.986889201478402,rain,van,5,100.0,1.8512980215075114,5.204695723379266
31.887689894899694,24.226261831947596,18,1,7.932221826563474,storm,van,5,84.6429979342998,4.801247723995005,3.7168352433415186
18.16889630912567,1.627591495181323,11,4,3.864007293908907,clear,bike,8,81.76452873392968,1.433030671416574,2.9392165620623802
39.96998870101651,17.804011017126008,15,2,3.2200633424878813,clear,van,4,63.88406618856301,4.192051828599292,2.541654758575786
17.772741197904466,29.95987324430535,16,3,3.774669350136347,clear,van,4,67.22104295837488,4.000845858911184,2.3226106180204202
27.082448976827557,47.60457627886691,15,2,2.765560567155231,clear,van,7,100.0,5.285275881457569,3.5126957218761716
59.67475421969262,43.010131262135914,16,0,3.1071000775123396,clear,van,3,60.461054527807654,9.636485740086274,2.8783760662147553
17.353304046313543,21.789548012206875,21,3,2.8938099506633295,clear,van,5,73.8238627630539,2.520126568294236,2.4605821510241146
51.652722844302296,13.632313258567397,16,3,6.15296694642823,storm,truck,7,97.61956244607225,11.928790668640156,5.307247753893525
46.614940202558046,22.579834679356214,11,5,3.295724648802875,clear,van,4,59.14464386025104,7.891654982098044,2.5081347636816327
12.631157086452562,4.207785647703246,10,0,6.166724509733484,clear,bike,4,72.24685289070126,5.245139414977735,2.2547264554619875
59.09316714438767,14.780424354953002,18,3,7.748340791941948,clear,van,4,69.72779312715642,1.4677778540381796,2.989617555415394
47.41094343914332,53.67701339007709,12,5,1.486195092423816,clear,van,2,56.668258329791854,4.72870327713668,2.5522015063680197
29.416057828946386,22.526994677886155,14,1,2.037301514627195,clear,van,3,81.62428809503251,1.701934388520588,1.9951804834523792
14.733756674673678,30.891725827410376,19,2,7.845877906572244,clear,van,3,53.27020080114143,6.216635794016296,1.9935667075825432
13.63493412731968,6.609236220365681,9,0,6.842694742446177,clear,bike,5,81.63793626025577,3.023632968070357,2.264772731492551
17.634724451566765,47.3833765128982,9,4,6.398243182332166,rain,truck,5,76.44322032439871,8.953368896816475,3.154757469509097
41.84932093477416,20.93624531273729,6,5,2.5249321676875875,clear,van,5,83.46909361358999,9.17435476447905,2.973847225269586
12.622738950326214,30.136858233453204,7,3,4.206253214246379,rain,van,5,67.08695986202333,6.552379310129919,2.388680230160102
38.47504306012652,35.019061011002435,15,2,3.2220428005075217,rain,van,4,75.84179210519814,1.9190932679812909,2.92439063106337
10.040185366553546,46.1976241540933,14,5,2.3903968115661156,rain,van,5,85.39270374627748,3.3536255724833044,2.5574185140053673
23.028789082570142,26.860760997541302,10,3,5.867354163092976,rain,van,7,48.8664337459433,9.204893795944917,2.679993910734835
29.598337779617736,21.32026558196971,9,2,6.864895012262567,clear,van,9,51.87318279658413,15.0,3.3510973709270084
191.7330645825201,8.157478786611234,17,5,6.177876446863271,clear,van,4,78.72630913490157,2.8678349078451433,7.473914936251969
9.008309918242045,6.005620219465789,7,1,3.3003492936245684,clear,bike,3,82.3447614993015,4.7588929126823265,1.3272076457625022
88.0241891307257,26.463157990476557,17,5,3.493008998482133,clear,van,4,72.03257189693838,2.924753287674828,3.5621251766663122
30.565561414185645,30.279581378220982,20,1,6.684320628802783,rain,truck,3,83.7993374646342,2.016540736563032,3.072240772659127
37.672769325530346,33.96680287686911,13,3,1.6956818004577965,clear,van,9,64.56697553677897,2.3562107988780925,4.07555213514838
29.805064558852578,11.638395977772557,13,1,1.3372811105224534,clear,bike,9,89.00709834215377,4.096550526603893,4.014164490896633
38.697749835360504,14.895476643134643,14,4,2.9911416161117446,clear,bike,6,68.91067460154802,1.0708999396980472,3.7106038828626864
23.975966109852607,26.110985386297777,7,3,3.939746753744538,rain,van,5,58.318995528934124,8.123753953901337,3.050709423351486
86.76819566789676,16.488084695322254,16,1,3.2762703925580485,clear,van,3,91.37304195272087,3.5335908163649203,3.3269247459084177
18.818173616339713,104.33896756303241,11,5,4.793221369283888,clear,truck,3,82.40302477713566,4.999311304205137,3.9249397889799944
67.07340775443087,14.631705488051733,13,6,1.0,rain,van,6,63.24561314749781,4.890088110733624,3.4545287699491034
16.191822062629235,31.799844781556345,6,0,2.6073337025165597,rain,van,8,63.54590590295816,3.586705238537585,3.3200874692032403
25.836766170415334,42.118244959056156,20,3,4.728468247279047,clear,van,6,79.01315458398822,2.807573703209606,3.0768338879283395
11.500953651723318,43.92187106625278,11,5,3.4617910611580265,clear,van,8,54.99176597155912,2.574821641420847,2.955301301624793
39.01783995485007,16.25295988034194,7,5,2.731562208433154,clear,van,2,74.80793308370659,7.825904702260673,2.088845079899955
86.15093064619857,35.14052448537016,18,1,8.428346878694143,clear,van,5,67.46913753754544,1.4743240355820413,5.050870936852007
25.48563744774518,32.109803805876986,21,0,4.273119207272651,storm,van,4,73.22141982245924,6.5245315379775555,2.872648077769312
23.16150054637934,36.21886587986853,14,3,3.363437425643272,rain,truck,8,39.68021544712354,6.767418409834904,3.9738731244724232
11.1151209555275,25.85428096574312,6,4,2.3329052824623,clear,van,4,56.394613374144356,2.533255735604916,1.4665261414834079
22.5687425774671,42.32758908275303,21,2,3.003392831401284,clear,van,5,73.80504544247874,3.119079183895943,3.210121108203501
7.581905795210549,28.180215183442733,9,2,7.190018206909242,storm,van,7,85.78924182001136,5.17731997052921,2.7833567943246704
13.061874071752129,7.237874086154889,9,3,6.797959380120393,clear,bike,4,68.03270446946117,4.915330769877029,1.9862419652735586
32.50613487438058,27.563696424909626,17,3,4.7844850912250685,clear,van,6,80.8383286038499,7.798588143494571,3.3149158042698366
77.88322256109913,29.984066584757084,11,3,3.2122763717267375,rain,van,5,47.77647766992176,6.8880609009780205,3.8080838562531287
256.5615736409092,40.296456422632865,7,4,3.4658555043706727,clear,van,6,63.27108324586119,2.3498775225067825,8.872818909049721
16.95786828876787,26.486712354879554,16,6,4.674004023251405,clear,van,3,74.19784059991252,8.987521645095008,1.6278194313003276
85.47638383358658,72.96960915246163,10,5,5.368975274001256,clear,truck,6,69.06451506855467,3.035146856663585,6.4943265605292435
32.9503533370283,21.90171752169534,19,0,7.494738821163375,clear,van,10,81.43926131267396,1.4277745655551648,3.800944281656882
24.02276404316508,15.572238594571136,8,2,6.380383043451993,clear,van,3,66.14692629063025,1.1186416985344654,1.9139768955156877
38.32397047490647,58.41928850568378,20,0,4.608321763268762,rain,van,3,66.29319367761424,6.379391753577761,2.793708780335546
28.48943130066502,21.443814256786247,17,6,4.5399895081432255,clear,van,6,79.80441980289062,14.217993867625902,2.5594558992400076
29.616054039139375,24.692710306974668,9,4,7.32080166769444,clear,van,2,61.939115670471324,2.227851084138097,2.179411809920447
19.55700373789363,29.993230154638745,15,1,3.040017628228941,clear,van,7,56.385082488484045,0.9900339436989355,3.1209322870176135
8.859694402109659,28.19615964408894,21,5,2.998137736331528,clear,van,7,76.97279428969405,5.988741430610337,2.520227491020039
7.886085189187252,36.01526870873976,7,3,4.024914955047064,clear,van,6,55.544425728828585,1.8508674550968147,2.259902152454553
45.72274637765302,38.66548808740186,19,0,8.043413755167178,storm,van,4,91.27810041268137,7.278010896536378,4.275695776079017
21.728829516024085,14.439302752931745,13,1,2.1916765482224223,rain,bike,9,42.368638082693394,3.6111354002459715,3.992620419179117
16.829425636778655,8.8256640998104,21,5,4.118425818593193,clear,bike,2,65.52621907417944,2.359653001494967,1.923568298728684
27.29775601005188,9.835551509679588,9,2,7.254967052397863,clear,bike,1,94.39940434534915,3.72234577562162,2.524393151270958
51.21056212798558,54.17305145537031,17,3,6.648885372670776,storm,truck,2,99.63757575095207,10.262387971204355,4.379688945143151
31.321073771315625,20.095371325434655,21,6,4.800466483638481,rain,van,8,68.63128909865601,0.9253787735244872,3.444757318118911
16.041130029715514,41.85791058702346,11,2,4.718585658967358,rain,van,3,86.55959450797029,7.474857254805422,2.2507568742285113
72.31520161402842,39.3992364849551,7,0,5.448328217856642,clear,van,6,81.62673694645223,7.931262723802575,3.596891411610225
95.90406821184519,24.688808933111446,12,0,2.1479863920345177,clear,van,6,62.62690591879647,3.0547421775882944,4.4687948301211
40.27155241405553,11.485722559402413,15,6,1.0522421682136145,clear,bike,3,77.00810305424432,6.217958713562568,3.3033591219284455
59.082265844875366,40.065675287167196,16,4,4.174897006094797,clear,van,4,57.07620787324827,5.158954580368396,3.2569068281937175
73.22727767980841,24.060678990941764,13,2,2.0186847870153066,clear,van,3,46.56967977785581,7.879816536170401,2.585556722401732
66.95893045260449,8.305370767810752,20,0,7.407420989068283,rain,truck,6,77.5639985741206,3.7415032822366574,5.1434753999554
44.31305556692058,16.600568144137302,15,4,2.0036810369870954,clear,van,8,78.44724626727049,1.358206515937397,3.2809287760406467
43.7581393444991,5.509740302089747,16,0,4.22401847029557,clear,bike,5,52.217892729773354,9.324427042667907,3.940487869028292
41.08850746498534,17.243426857113768,21,0,4.611171809152328,rain,van,6,67.8589955037773,2.4598421703055853,4.0389887122010375
11.269836950320842,25.654466932442187,21,4,4.367110319505505,storm,van,3,52.208319510544534,3.0078351566474963,1.7844035262544211
47.49281922906405,22.168586753654726,11,4,3.9193568748043486,clear,van,5,63.08024186980326,3.4789278324246533,2.855246884156454
9.164605380157836,20.181089729519428,10,3,6.290628055496667,clear,van,4,63.45293674987507,8.590365524728941,1.5538739103007235
14.35818892015513,25.457255499669216,17,6,5.855192501791207,rain,van,6,81.11292116840463,12.870179041744354,2.7073019842530774
76.92662567615388,34.50412204079111,14,1,3.511547579415938,storm,van,7,62.498640009046625,3.247531162764074,5.813457918537868
53.09995762130328,44.17505645983939,13,3,2.2254076423220797,clear,van,3,51.073131657437195,3.339591855756789,3.2505294078995512
89.11419451747258,48.28784419826342,17,2,5.587216393451381,clear,van,5,95.73592365405125,5.026754922757347,4.816125177450952
21.816367548306197,13.102060587497249,16,2,5.514748913938215,clear,bike,4,77.42361884764401,1.9683725124193798,3.0532804265508524
10.785481530126965,51.52653270976956,20,1,5.377782909768406,rain,van,7,83.44039772952628,6.024588202424251,3.1490631650413903
22.368422228891788,24.08899600172735,11,5,4.677727548568351,clear,van,3,79.12287000711119,6.0610043384473915,1.8639706193876897
29.418538527757267,18.479756300958915,18,4,8.848235318365631,clear,van,8,84.11571045791578,5.119780172841593,2.8743705051634185
28.881203138349026,10.11112523810527,9,4,8.191524397630845,rain,bike,4,76.54820148037558,1.468611010540916,3.46728976651459
67.15103814944996,32.825175396729165,20,0,6.788202351935268,rain,van,5,76.97690611086936,12.572623885986301,4.054429079307853
20.307365647126556,31.93191389515473,7,0,2.365569428641612,clear,van,4,71.9098520451382,6.371370473696162,1.9996299208688804
35.931975353364976,15.394742756207664,18,5,5.3870449562840825,rain,van,1,63.413454558136216,11.511573944276238,1.915186659097318
12.293839465596545,15.769410988755201,7,4,4.301072037306311,clear,van,5,83.30006645976712,1.654004127183367,1.8912650077963615
38.87120800395242,21.551397101970963,20,0,5.699372068316053,clear,van,7,66.03094981275466,2.1940587087197247,3.132818365534217
27.18014762654631,18.228017806203802,21,4,4.034804413647708,clear,van,4,71.76602658427214,2.5896729439209354,2.065599542009795
14.881953871784352,12.596539679391057,19,6,6.708588105778792,clear,bike,9,75.55121519373171,12.95949795253141,2.92603181651374
22.45103039045838,9.120148592118515,18,5,6.082362193121608,storm,bike,1,76.81817396214169,4.8738355272795015,2.4531437839936845
23.398207170609293,51.913936743477095,13,1,1.2239453928977402,clear,van,8,54.784827957959564,4.190119624445147,3.237723862476651
21.842899357509324,16.532024265852435,9,2,7.708532334998601,rain,van,2,73.01796589413628,0.548861597515987,1.834893002394484
111.8404155231277,31.80352807745364,21,5,3.841544873177396,clear,van,7,54.68805973333842,3.317589870571341,5.646217427050653
25.059254443156192,36.3303305249419,14,2,2.083754448054157,rain,van,5,72.67880628727302,3.761731632992888,3.0650685938474456
22.306611444520907,32.93930896425937,19,5,6.78735450840179,storm,van,6,81.6966937377015,5.262951494241032,3.4786729635653475
5.063405263417403,37.71214293903946,17,6,5.0679520475396975,storm,truck,5,96.99793726293021,13.08696804581212,2.4185912920785215
13.258437184417868,32.678981415289165,17,2,7.304981950259229,rain,truck,5,78.66537223867039,10.100829604086833,3.117651458276907
21.96699853266747,14.213165190587503,11,4,4.177546901041313,clear,bike,4,82.95934533898328,3.6027685097814115,2.833730489926201
15.663260257977536,19.048704905666604,12,3,3.744660018275205,clear,van,9,53.683689415302,2.1264922183522894,3.13407363964534
81.88911489017869,50.97941176188861,13,3,1.0,clear,van,2,78.07258927188033,3.5579471259341573,3.446340881412185
23.761099761531813,16.144932409242706,15,0,3.27509180168203,clear,van,6,53.26843917543834,4.5791335318459465,2.7359497646051305
76.00167651527977,24.114878038267964,17,6,4.673624959716955,clear,van,3,88.03666124763996,6.217315651982062,3.289852698283509
28.4846033294235,34.610997710663796,9,3,6.312764573812946,clear,van,4,54.006596516125406,0.2568672188035516,2.856688126191001
27.9322593261786,63.69630244842843,9,1,7.92680582801185,clear,van,8,55.342942830515995,3.598133406347484,4.334946269240587
25.253451560127704,47.95671361749205,6,4,3.3879463618864953,rain,van,4,81.32098970770454,3.7906630276346336,2.9199749713744287
27.19510520194638,11.08512448806267,14,2,1.0,clear,truck,7,95.19656396217141,3.52766176625106,2.9212654473198127
107.2364277955921,31.085695138424747,16,5,4.00209381918399,clear,van,4,85.86776057824738,13.028894525181762,4.553719692770754
4.23893228772353,28.567498334922597,9,5,6.075322728714947,clear,van,4,64.6902948423954,3.94029634689273,1.8391902321725728
5.46718251630597,19.178360795601407,17,2,5.661435791000906,clear,van,5,55.15976460755451,4.323774880445115,1.796815156474096
17.557186181876798,24.6452120422836,6,4,2.0084332588149074,rain,van,6,63.58235579909527,12.095892678943361,2.404891580892854
27.429588569558508,14.097379746511333,19,0,6.500466771718838,clear,bike,5,71.88582490381664,10.004090503424374,3.022349803759717
47.09107722224109,21.2549480590772,17,6,4.721888879272055,rain,van,8,68.8390448178735,9.133163961365366,3.673264380852951
39.5857719070529,16.266406122231604,16,3,4.14513160801827,clear,van,4,54.56690383477066,5.110476673560886,2.4547924193449027
19.93751772744558,26.039509408204893,17,4,6.877490420613842,clear,van,4,89.29247329669083,3.163676945877409,2.517804021841437
61.26660744265517,18.63080758998224,11,4,4.272084884195752,rain,van,9,89.61887079112614,2.082138732735071,4.431398947939072
61.81563478540683,66.90284723778274,21,2,3.4391018240745526,clear,van,2,98.27425810792222,7.92220509368188,3.74186906476957
31.4137679015471,26.676295034740885,17,4,6.430992456282909,rain,van,5,45.092820394634074,11.456002229453865,2.2351280438247807
58.56434463013902,23.049306655139855,8,2,5.800450924031072,storm,van,5,57.87056816052,6.224196288787529,4.092851479272878
33.72084562768138,20.396683034619542,20,4,5.492028696225242,clear,van,4,73.7627152087627,1.8253745078562285,2.699797134502713
17.301852532490408,18.6701014751284,17,0,4.96828720130913,rain,van,7,70.07254607195502,4.858546038106258,2.9053049252482537
47.38252411683086,8.307254499767808,10,1,6.503615960951997,clear,bike,6,63.25664192296909,8.958669624703377,4.014355711662164
29.621205239313788,41.78981075308878,21,6,3.7867403726379885,clear,van,3,57.15710030358412,2.246676035818822,2.4773449719513474
27.14171592637738,58.47519090750551,9,5,6.045419514214925,clear,van,7,55.03412981559184,2.3319871360554965,3.8226190321297926
88.09033814556177,16.068002674396126,16,0,3.704526091870112,clear,van,6,100.0,5.934412077422464,4.027937344896247
3.816379877215349,50.80195660770462,16,1,4.423985528344934,storm,van,4,48.59515944369193,6.282560389976048,1.7856561617557805
8.722035711881441,103.66823567415642,21,3,3.1867369986642196,clear,truck,5,46.6373459878627,5.764253933635755,3.242956040243636
10.489173803341703,80.23972051677275,15,0,2.1184503336310625,rain,truck,8,52.177157611815204,9.652159499870104,3.737437595765346
20.27505843148823,56.7689627000727,21,2,4.3140140761166865,clear,van,5,72.88310675328655,4.271730668470961,3.092301883010064
22.116268395023873,9.298004537101544,10,2,6.213655717189334,clear,bike,4,65.90448700322851,2.986755936113373,2.6541456614062895
8.118451887772578,9.20019022888875,18,0,6.469872709679157,clear,bike,4,76.20443389910851,7.537776506338792,1.6877684008476705
12.32800586977548,37.58563228731876,9,2,6.153969593045638,rain,van,1,59.39986322409399,14.72285012571761,1.3673241598046073
13.617104102889988,24.29265294676982,21,2,3.9947140474514296,rain,van,6,71.32113541389423,3.133003109449805,2.6473507827006686
193.62809316930412,3.2889001712092165,18,0,8.539742012758882,storm,van,5,71.27142445863919,6.897420915766068,10.760618770324724
114.59378356750719,17.575456912943256,16,4,3.6366394363705474,clear,van,7,93.62167881123699,10.414583975154587,5.160704011168052
19.503627342843235,36.44609620433655,7,1,4.1680216869879265,clear,van,2,96.68511045945324,5.379471570671765,1.8181070814169575
20.269825826529832,21.488996331042312,13,0,2.3954759888644768,clear,van,7,67.73581999198223,1.8836586988465662,2.4358358940734215
10.811785641630747,24.3811582275429,8,0,5.803933798975423,rain,van,5,82.82401594741685,5.474533770353482,2.3497343233461976
5.891411835826381,9.187740298589357,20,6,5.206327764252987,clear,bike,12,72.43552043103072,6.067171807457641,3.3768901593833283
24.692408565645213,17.397642452210327,12,0,1.609584441359664,clear,van,7,81.56135360573401,3.68041644385836,2.746128208539178
12.203446519051774,37.69546585734308,19,6,5.693711802268491,rain,van,3,75.7728820292076,3.6037669897478612,2.0593879382187916
25.33329591734929,16.7321846068594,20,1,7.387377553131915,clear,truck,8,81.03889916487759,1.513974078729622,4.37301014766349
7.537083630291555,53.543947214576704,7,0,5.259373382349952,clear,van,5,82.79607982166932,2.6354578353567772,2.813378479827443
14.737870910526308,24.792374433723054,18,3,8.44726362265217,storm,van,3,76.36863928657887,2.8903622458998726,1.9273580898875602
30.535858337697118,32.738795343191526,10,6,5.683332386308191,clear,van,4,72.05167243198538,2.3330337929058773,2.606691958385889
36.341766721461056,37.11064540461965,7,0,2.594832775920054,clear,van,3,85.6423050613836,4.1129137587601825,2.34986888105625
37.86312059570265,36.09484673961995,10,2,5.244816584696735,storm,van,1,67.98028504140011,8.252127482529572,2.668264606053217
9.427291301254998,10.810386582262353,14,5,1.5774797062077572,rain,bike,5,61.35853727714394,2.8053733595120387,1.9544210618557647
53.71802380934713,12.519284740902188,19,0,9.705440492528796,clear,van,6,46.68699966298356,10.92309813865571,3.4486475514008696
14.293868123031306,3.217035736683966,17,1,5.9894258167218775,rain,bike,6,76.3795062319532,5.853979117043504,2.5236501433695717
44.983076069434844,18.997222000691288,9,2,7.595928804186288,clear,van,5,80.3845338396597,15.0,3.004603839384467
26.88286402976587,11.73443687459624,10,5,5.10571625694915,rain,bike,6,44.14136608532948,6.950873891411898,4.162471415148927
9.015001298902577,16.33778360832679,10,5,5.08791740293024,clear,van,3,60.79334073989907,1.2732786218365133,1.2254346544775272
21.052974074228185,20.532332855879424,17,4,6.2210684974972645,clear,van,3,81.26511720790656,9.753165968558326,1.860812293533553
36.31718312705877,27.202287506084186,14,4,1.3229249382569104,rain,van,6,67.8448669816855,0.8456783545833572,2.733878803501915
44.27288019521765,21.732840131627746,6,0,1.0,clear,van,5,70.8287406310618,1.0827391332153717,2.8490674004104606
24.22074947332651,21.43321192502211,7,1,5.0810354463804455,rain,van,6,83.68963697207279,8.25099218315094,2.4463005687171537
92.33498564957301,30.940132648370255,7,6,2.7512509395954603,rain,van,5,68.3781102430903,13.645820592523327,4.395030420377556
60.703940694445386,23.60006292758839,21,5,1.9359320970775689,storm,van,3,75.76453340914539,13.675898421333157,3.1425027883291556
22.080099039428493,43.88149062579184,14,1,2.633320019240152,clear,van,4,53.78633594528924,5.490229801846639,2.5815287416995956
49.4072635944283,23.65563572467402,13,4,2.5341934036124414,clear,van,4,75.2732282117867,3.567119588884744,2.521531935417662
127.36217355124501,63.95346924753542,18,5,6.832655470329611,clear,van,5,49.91739485030284,4.2151154775904285,5.8467391174765595
130.11096725578233,10.436205606617856,9,5,6.492576853028897,clear,van,2,50.548652304181715,4.26841058869265,4.58132531220373
10.151282938093658,18.737263441662346,6,6,1.4061520376846572,clear,van,4,62.44850481234167,4.773829930509792,1.7062118005673972
12.919961404397768,14.30866557304061,10,3,5.303787927596917,clear,bike,8,78.2324332811129,2.5383767467478813,3.0716901560819134
88.93760259275695,27.964198373732923,9,0,6.745042749769771,clear,truck,4,70.78721014051179,4.6280917830289985,5.3630187259251025
11.627525315580728,10.430289019897524,18,5,6.875653768388648,storm,bike,7,58.16098814776465,3.1467883923219815,3.157234526603869
9.411827032573857,6.670858775110994,19,0,6.090815756347655,clear,bike,4,83.16224571423838,2.3318414760992248,1.521655615370739
18.37598585147711,12.206030812495849,16,4,4.389686707536528,clear,bike,5,74.7812603206219,11.157666550013722,2.421431895227734
37.946655376251705,7.134745690711958,20,5,5.737609193309975,rain,bike,7,85.67582965550805,6.25842235532752,4.41685470573849
24.980178108376958,20.73870035527808,13,0,2.911847033971724,clear,van,9,56.63889796515942,6.199936314530548,3.220100403921462
16.111754579040607,27.145983911126805,9,5,6.1668535594600655,rain,van,2,91.51431604398772,4.852036774807654,1.798588910506315
15.809800469557475,5.739516081965593,11,5,4.095664890272678,rain,bike,6,93.72880517510298,2.5439432040170518,2.749563728413698
15.334885768532445,17.849603902456412,8,4,3.805941094341644,rain,van,5,83.67445648653643,4.5507725118103455,2.238871948198714
13.415252381388433,47.8702369496057,20,2,7.530664618814618,clear,van,7,77.31805415963673,13.363832097745933,3.562465350691718
168.22566158757544,57.26525770567743,15,1,3.172040545971267,rain,van,5,77.44653546556758,6.2693755511301745,7.89902032733064
34.398358903523295,39.75496524265234,18,4,8.84064804377305,storm,van,4,74.95999507018783,4.094484247720092,3.209501311266165
55.11419158508953,1.9272843050649289,10,1,5.064065711400891,clear,van,5,49.40261094197983,5.720877234710775,3.1564360931907487
18.333647366598683,25.40495092619143,17,4,4.836831520656113,clear,van,3,61.0201502916504,3.5264490014479217,1.8291983689038096
23.36489443947625,51.620537871941224,11,1,5.485682740599818,rain,van,7,68.43949754141705,3.3995255141380993,3.340511537908289
15.319964007100545,16.47610447848144,13,2,1.4579444086616,clear,van,4,54.54427271347083,8.52681440101655,1.5165233949487649
3.249929591862397,8.438683066282387,16,3,4.038442514957051,clear,bike,3,91.52299058236707,4.869166438981846,1.2099767946423732
9.003312620156075,49.072911333344734,21,1,4.70899202868801,clear,van,4,77.50527859357474,6.450641033886186,2.2915257550245154
6.369398613959317,53.9205144707407,14,5,2.4446702901810595,clear,truck,4,96.73522221116444,4.692883187023211,2.8796049447081704
4.482464369383667,23.47347502287113,17,4,7.102626032218462,clear,van,5,81.8521044576243,7.334112884748119,1.7463937713542435
10.419851872795084,8.51072870620374,15,0,3.0864255170252086,rain,bike,7,49.049315433908305,3.367332922930486,2.4187402897624897
78.25435974860311,5.033118606453267,12,5,1.304966929561299,clear,van,5,89.6046427080537,3.7772010991909606,3.220311602957655
26.165743777184275,30.001237034667312,20,5,5.557217839728816,clear,van,3,63.24019722054985,12.606910541828105,2.0238702696251503
76.13065506635847,14.407130508701082,21,5,4.007667498174522,rain,truck,6,90.46798737118816,1.0768865474904876,4.918612874798482
37.66706335436918,22.398210625938322,10,4,4.5517453799826155,rain,van,10,92.6212947508206,7.210192743883076,3.752780706219865
50.706142675816984,20.655043916999343,20,4,7.374837540479481,clear,van,4,90.27536250750178,5.17651502101096,3.1258434432554894
13.187671339971283,11.66496563580432,13,2,1.0,clear,bike,8,86.10094482798183,3.911439394994984,2.9623170322986008
41.229778044472,4.754955435971617,17,1,7.067425505602111,clear,bike,4,76.50077517983354,2.6095667169290406,3.8088277816536174
48.56831615109047,16.821342665737514,14,1,1.775663227991549,rain,van,8,69.8451533166124,9.44650475019117,3.2306558880439264
17.093224658859135,26.130472955294934,18,2,8.337334611457479,clear,van,7,98.27648365282901,13.564848742485104,2.793023594549827
42.42052377809196,27.020316390509965,19,2,8.181082315636925,rain,van,6,74.08571233763371,3.7414684301724166,3.3942613064691516
42.646713215783954,13.668246365317097,12,5,2.118716268883942,rain,bike,1,64.22080048996,6.775157327368708,3.1466982131898065
17.467777589627637,53.19623356103096,17,3,6.600762307831288,clear,van,6,76.62871338708744,6.610140888591024,3.444645228138035
11.042873129007196,9.297855399246869,14,2,2.213792278106591,clear,bike,8,87.23248155924296,6.928895383549023,2.7107437877764378
10.513890992297592,45.369375971676305,18,5,6.7895022824006155,storm,van,5,86.68016494883886,1.7822257490575737,2.864385665562086
29.055402356719377,25.53001873116912,9,5,7.348221701282504,rain,van,8,53.70850077604304,8.866576702115934,3.230711159771733
35.21978135362933,16.937558340028595,17,6,3.9189232045537263,clear,van,5,86.20461549204956,1.3427881801608663,2.7505580028675083
14.382027483357566,32.79371341773392,15,2,1.0,clear,van,9,80.3400665796012,6.5564201667674915,3.125954021881855
27.69545369145818,19.73572324577485,13,1,1.8666224628004806,clear,truck,5,64.81796248267554,10.084946917739062,3.0609455816785833
42.795357578420806,6.588478599922372,11,0,3.669359872664083,clear,bike,4,57.633463514292586,3.2230801577478045,3.34750143326817
44.458340036691666,8.702150625215433,17,1,5.937838456008653,clear,bike,5,91.45130303095601,5.097177510530429,4.108499931390529
93.83182611809143,18.776891970476957,11,4,3.315429429453216,clear,van,5,92.93253541302744,7.44196033309816,3.7871237143267007
75.30787159213513,15.228559628498388,6,5,2.8392884684696247,rain,van,8,93.54657252590408,3.8633728600724773,4.851818182303536
12.169914162801863,44.67148236580321,21,4,3.181964751612668,clear,van,5,50.38118768760402,2.423851766522169,2.2311638150023176
104.25803870961084,14.673844416528615,13,6,2.1199495856630968,clear,truck,4,66.85575626480168,6.8931447958347425,4.685645625244549
17.729302803963158,13.95495940092138,8,4,6.514459753839837,clear,bike,4,70.8543974459382,2.064312808055144,2.3023078139200277
62.54574756087324,12.51205932855955,9,6,5.853177017222689,clear,van,5,92.53717883241448,0.9028742505487162,3.583652374906483
28.62811568496601,11.642785600114234,19,1,8.162641572058302,clear,bike,3,82.1138165023023,4.930273538404598,3.1631163894491396
19.497387792442588,11.964062784651446,11,2,4.815994397177276,clear,bike,6,66.64237415155849,3.877974482736204,2.9281633994123815
6.384304217824014,7.554076348830071,10,5,4.845870860150792,clear,bike,2,72.42988395896221,6.958068130374752,1.2617861325502189
23.635466265993124,26.312911946650033,13,4,1.92196458537669,clear,van,4,80.70692436684352,5.181675572582978,2.063359150454448
7.7872938492402755,21.00888294184996,6,3,3.0657727672853308,clear,van,5,81.2152589841549,14.906210216457144,1.9028766634486842
58.78221767506659,20.35700063450776,14,6,2.3066539520398397,clear,van,7,95.20777589027736,9.659112427671678,3.899349120912992
91.23459220992115,5.346975152977631,6,5,2.853085950083354,clear,van,2,91.84784881698874,5.567603092819831,2.9298350936225206
14.331661899495044,30.843894942020235,19,2,6.4030127434851805,clear,van,7,88.70601790420287,8.955222021118345,3.062805136721789
34.52130238823052,33.02585191515594,12,4,2.5386926684630153,clear,van,8,58.536944661556944,10.57191904136931,3.7589669004689577
15.175568245313308,61.94293279428494,9,2,6.14771073454853,rain,van,11,59.45674837843113,10.571687615912921,3.8034942188965557
16.398866488564817,31.796861520063093,13,2,2.647933737646832,clear,van,5,55.138776972627895,2.2288502682115996,2.752029737158515
50.38007517547151,70.2226093113685,8,5,5.384317144713572,clear,truck,7,76.34735506001354,2.6064287118932383,5.414744369447972
26.289493969257794,13.40672546991949,11,4,3.8370504476696397,clear,bike,6,62.95646275655434,11.739105737187732,2.6534492892470247
109.04039757763302,64.13915932311897,8,0,5.4202728739874555,clear,van,5,78.9352505988494,5.0380555065408155,5.302892155835175
18.434317647584518,32.517176612034014,16,4,4.764692466604399,clear,van,7,81.10061055982453,5.2499141510262355,2.8631976270589776
60.30825938906032,29.715012451171706,21,4,4.180434462723651,clear,van,5,73.69667719746346,6.387091854588858,3.405198556270632
29.310057906165966,19.96866593853782,13,3,3.3403352060558547,clear,van,3,83.60577514298019,4.291812900250918,1.9375649670608641
51.245223198691356,16.884843595944364,7,2,5.473923904071455,rain,truck,3,60.76454847961933,12.445180857302741,3.0960883684498484
18.958907505258345,14.250375223707014,7,4,4.8561302996597755,clear,truck,3,48.278201362164424,5.87334145499118,1.7849231995356687
26.058732427137347,65.57314475936003,19,6,6.404467485956534,clear,van,2,59.86154254602391,8.396449893165054,2.8826590488370045
24.71970988707446,19.4908077981085,11,0,5.517040501541422,clear,van,7,83.01850092378977,3.653659817886302,2.9790184881929873
13.889793753881603,32.924904882551026,10,4,6.196349525395431,storm,van,4,98.06071209636512,4.043690418897209,2.6191745467548717
46.04712035163656,38.0327341704507,7,6,2.861094056269007,clear,van,5,92.65915588332892,2.5424569526708165,3.0926636273436316
45.61329378756647,37.66403469142807,16,2,3.7468492895146666,clear,van,4,67.49439762072856,7.7459444433552775,2.8608184504121956
43.59069699546865,26.399590666446556,7,2,3.49276021079097,clear,van,4,84.91542457706525,4.493526617682572,2.5858447100049684
92.71891741711494,63.36314225688858,20,1,6.234793869288752,storm,van,6,49.71469093656749,7.754958413178132,6.3130929862500675
86.44218776793032,31.14456109269159,9,1,7.3704748174175645,rain,van,3,93.7657726440831,7.285696397093184,5.106118148448923
20.086425690112588,13.959215198795885,7,2,2.9234359091631297,clear,bike,3,78.45111891517675,2.363084466595861,2.1214204793518094
36.541253482259464,17.504363303267546,17,5,4.632773655007496,clear,van,8,82.45220741362564,4.149801607646841,3.358358534501624
16.463066015569535,5.656032253775447,11,1,4.226861403753222,rain,bike,5,41.924336803851325,2.159641204666162,2.3212510031112634
27.62398046442331,28.483353745440876,17,1,6.754794011655738,clear,van,7,77.57256310621474,2.397863739079679,3.4130970495443207
16.78021377295462,34.856094806146324,6,6,2.1206029314444943,clear,van,3,98.32112862818964,2.010202735435337,1.9483961175772333
99.09274673736523,36.94940192811914,19,6,6.413948068180724,clear,van,3,75.11331769518813,2.7039440886852497,5.328732593990902
36.26882367342461,32.51760435681461,10,1,5.012955367339154,clear,van,7,69.32948244794504,3.0764297135483876,3.336902388668853
22.773024453973,20.021105152177512,18,2,7.043497636288627,clear,van,4,66.87773632987899,15.0,2.588503425118181
70.44940957091622,22.9303802309589,20,2,6.1912001973295405,clear,van,6,59.91026730588656,3.851972778456542,4.600811959016271
4.775542939917984,22.979797361569005,14,2,2.691392094589804,rain,van,10,72.07551487687358,8.046453227399338,2.954567513628079
5.412536971718474,44.77725754558895,11,1,4.241623226340794,clear,van,5,52.48661546166427,6.68515080833114,2.190148664068309
51.247709491747884,3.647627375713905,11,0,3.3775210833456644,clear,van,4,77.49540898253767,5.846650503980878,2.8458038636860366
28.45644744132903,15.997176066411559,16,4,4.097872043824967,clear,van,3,87.39380659765861,8.680993287144961,2.0113110707083957
33.127277617560026,9.800230192249956,6,0,3.886147090686886,rain,bike,5,64.30195814928234,5.573420412331099,3.6729863726319962
9.382845895223008,80.38363490253444,8,4,6.439093845631452,clear,truck,5,76.50364334060173,2.547078920972027,4.225649653866144
26.613351642903336,50.78258952882283,16,0,4.157095203978399,clear,truck,7,69.79140724013067,6.27472326302362,4.196856801538359
134.66733179075095,16.53400431406866,6,1,1.856007007009722,clear,van,7,76.67372060572576,7.272150304559856,4.475116235907238
52.4237480560773,6.832764987696949,10,0,5.433076399219529,clear,van,5,84.4052781984024,2.121385166033726,3.1741264678971106
31.05516801120262,8.725011210098454,16,2,4.292393928450782,clear,bike,3,76.9696776849571,5.5204125990885515,2.997552494905698
19.082217337325286,44.37081938571675,10,2,6.224530971811596,clear,van,3,83.65598203434162,8.420200270665566,2.351404848920986
19.773481434233915,5.488790307608762,20,2,6.692340423238046,clear,bike,9,78.57682046685875,0.6271661112396637,3.2963860020633966
4.936426498879054,23.20524787551621,21,2,4.59741678382907,clear,van,5,83.69877986714725,4.747665594746731,1.8988596043328598
33.318484622144084,39.59768878135082,6,6,1.8451520432934037,rain,van,2,75.49442485339368,13.860603273357782,2.5397152175829776
53.32399869537782,7.9700241426596525,8,3,5.594803340040138,clear,van,5,75.7196843022734,3.178904405095711,2.814043085780322
7.6867997400891,23.02227401884264,20,5,6.629502839557174,clear,van,6,81.12566820191739,3.9311891587827392,1.942317978168762
15.972467937796997,16.75063957679071,6,1,2.231502558843132,rain,van,6,69.66441138791201,6.451131264527847,2.14235827298915
10.740571438325109,15.074296111082738,13,3,1.1657989201188943,storm,van,4,77.49851254212612,3.3481234693116124,1.9320999616816286
12.524904775067299,13.090894402620407,21,0,2.9760543338760685,clear,bike,3,57.37938221443438,3.2906650756096285,1.4758345153969619
28.29783504248982,41.836058862850315,15,1,2.6251654734087975,clear,van,7,43.56046783304774,10.057847554191266,3.089047048962216
5.1165392153831375,57.99412287337833,10,0,6.7557603494650555,clear,van,5,72.12885849363327,3.971983769442766,2.6235652230079074
44.319127270083136,18.839067660516406,6,0,2.2159182649124842,clear,van,5,58.759072365297406,8.469121070627772,2.6878129616895
49.555044207454124,29.805841707727964,12,1,3.86752951856527,clear,van,4,99.69280263347686,2.3193569234231837,2.817796516336808
22.178379758020128,23.414852286820587,14,1,2.277125966326963,clear,van,4,58.71552930017465,3.905507120112927,2.077659081036933
3.7263648671612195,4.195662690044643,7,2,4.943207914149259,clear,bike,1,82.17134419615556,3.789245962275922,0.6829083086591636
12.217448063956681,18.273341134127964,14,5,1.2201840559281951,clear,van,6,60.0288123429755,3.983118180169812,2.158956609632968
72.69855784569735,3.3524025867934606,12,1,2.0917445026748283,clear,van,1,70.3203920036044,2.328621428671513,2.2483909412067695
3.0,15.664305094149782,11,4,4.129417155259284,rain,van,12,53.91381966483168,3.6153089457676018,3.285662653154093
20.53193071585052,22.555092273594365,21,2,4.6730720493939355,clear,van,8,52.519294548104696,4.710639556249961,2.919240826113578
10.548665691943656,37.46522013251601,20,2,6.096723873104036,clear,van,2,74.94733427274566,1.1737282671375269,1.5285995154964398
51.606944216293044,27.9384706679392,17,6,5.225886757606255,clear,van,8,64.70241063305627,3.2339495116604158,4.234474817255695
15.798402673134122,42.56754192602065,15,3,3.3785053458727528,clear,van,3,81.79403433612484,6.408800951938439,2.0770064260770824
37.45586163179616,11.387672307845133,13,1,1.0627573325385187,rain,bike,3,89.37227240247836,2.869821437082861,3.211129579809553
42.621905525890355,53.238822806896145,7,1,3.782811501400552,rain,van,2,46.74002999107338,5.401671584427428,2.8758572489887393
117.79910479013874,58.03446121162771,10,1,5.588827269683786,clear,van,7,86.39114581249532,2.7245328216607905,7.168544177798387
23.049554577276684,3.1609326372057254,6,5,1.7652434070116567,clear,van,5,55.58036562829736,4.451980613388192,2.0240482511724083
36.628824888426344,5.169979878188004,11,4,4.382082775409985,clear,bike,4,65.00407527905224,0.8911928584761618,3.439958817413659
8.264387465737288,22.162447622890255,13,1,1.7953303278914015,storm,van,5,48.97191672058579,6.296403568320177,1.6682829254148477
70.26900817622816,14.744343634102481,15,3,1.3036544741430989,clear,van,6,49.420088885830936,3.2926279878204956,3.370083288387908
14.755161024377461,16.635252285583668,11,3,3.8673656711278452,clear,van,7,40.822092569504704,7.880861049345897,1.9257763549118307
17.311944014220487,27.757767492177386,10,0,5.152248467924941,clear,van,5,63.932742350114474,4.144195164499289,2.052919009003741
26.634350746538914,43.71238476622915,17,6,5.388979982007664,clear,van,4,70.91844171472948,3.496123667968552,2.936357804193728
7.765513028191763,10.879809424336742,8,5,5.447507401126338,clear,bike,2,64.42784069334563,2.9784514648214553,1.247154102330627
32.55776913063509,48.649961329497216,8,3,4.263824171535509,storm,van,1,43.14040354497121,3.272373874277393,2.7698594500639815
58.79007324802604,12.897162816591322,17,5,4.3725287410293685,clear,van,10,40.64563182450225,3.1878311180584302,4.023948890977976
34.27262939503692,87.43902631164639,15,0,3.1904150018479327,clear,truck,7,70.15173231927349,2.687302818604407,4.9385199483412014
7.605578176479593,53.49251657412057,19,6,5.0912414529568,clear,van,6,81.83542052464561,2.8548931091163476,2.7842584534406942
24.555910149048803,14.009554299459628,17,4,6.866021698071201,clear,bike,5,73.71681999685296,13.311624310738997,3.3380585760224273
49.08841806654574,6.981678786372835,20,6,5.8313649616152174,storm,bike,7,98.01859452186478,4.224253736832931,6.644652652264657
6.0351999590229655,13.746865718079405,16,6,3.3000848038162296,rain,van,4,69.42822997886292,1.1926526607598409,1.4659779099581365
11.47518857021543,12.23468220080973,19,4,7.153797671782824,rain,bike,4,74.73147890859026,1.1981894772778154,2.102923382298459
54.66561402143379,34.335354060535664,8,2,4.155233159173952,rain,van,8,69.68482257425676,13.51486621357469,4.249172647946799
33.6521298185364,3.2548190903738092,14,4,2.934171438246689,clear,truck,4,58.27707950911816,4.114747752008995,3.096230130131272
37.69687748534719,5.236354037937461,21,3,5.889057899259102,clear,bike,7,67.53640457977522,1.9929331639738521,4.185405302317432
120.012493048265,33.663662590451295,18,2,9.20944798509877,clear,van,4,82.5775943596695,8.440719757860895,5.425245739908719
39.44243324975815,11.799127312694244,12,4,2.5295390710182577,clear,bike,7,83.16352923038264,2.9101433818101965,3.7389387647317
45.892899419029085,15.826162569782841,20,6,4.117771079551121,rain,van,5,75.36346607335382,4.596596020348223,3.047266127598709
237.12713259789714,39.475762390720824,11,1,4.726679973657812,clear,truck,6,93.73402856904006,5.081782314565245,11.587176804816691
22.85011964719519,45.02863418546313,6,3,2.5751813954638187,clear,truck,7,76.8623033444308,2.1118478990313116,3.609632955374591
14.32052451644695,51.798724157641516,18,5,6.600847000059252,clear,van,5,74.90131378265735,2.9595282374733176,2.9254138340505387
38.1771480719784,37.249723867645635,12,2,2.9277192476482177,clear,van,4,92.53300794205725,6.9180381729874485,2.6612197315128983
38.520586917578775,19.514701337129374,6,2,2.7510791877292853,clear,van,5,59.27454620777248,10.132010584669798,2.8241187090350275
17.789843177665716,18.290898287080736,9,0,7.822816407273774,clear,van,1,91.42047405234257,7.364555298384343,1.4159144799283392
11.870809273555146,16.679093295619786,7,2,4.908095915976359,clear,truck,3,55.39081492669619,5.613757399210739,1.747755111223222
172.06555495710168,7.998276774459494,21,4,3.8688781685487683,clear,van,3,66.00967004158633,3.4808918764067975,4.712972876936589
35.215093253424335,10.502197864613779,19,6,5.479851584008911,rain,bike,6,42.453779658843814,6.074862024732789,3.847805990911173
15.09210402613806,47.38016775470242,20,3,4.240596995516648,rain,van,3,73.76862710391177,6.777334822886514,2.1997789090316386
56.41551683334229,12.820878185968898,8,2,5.726758171474367,clear,van,4,89.88411451391711,9.967897682905436,2.958593448888676
24.845679611888134,8.045619489421028,18,5,5.343681494335451,clear,bike,4,55.932877755589544,4.459542990259363,2.777454772150958
22.14684044933508,50.02444922116615,15,1,3.243074118310238,clear,van,2,65.75777108734748,15.0,1.9934026257614696
42.51335651639507,26.555139273153074,10,1,5.735079745055247,clear,van,5,66.6752450020926,8.053576186746392,3.1534046778475666
9.645526043549165,66.50594703759823,16,3,4.105178718425687,clear,van,9,66.77367742788417,4.169263010651015,3.352286570083723
35.94901782226933,61.940016473451934,21,5,4.0791955296559195,rain,van,12,54.28216632849717,8.987000209861193,5.33375989386652
125.25652647414205,8.710579254227406,13,1,2.516965620384208,rain,van,6,70.56256876639995,3.5808353790853946,5.943867159164445
39.367560112069754,21.08375788155464,6,0,2.583324368436114,clear,van,9,93.55012920589459,2.928218907949305,3.770997627941885
20.066069758964414,9.82726712003393,19,5,7.567482101866259,rain,bike,7,62.48663441236971,1.222467779739687,3.697469511287455
18.071132501419726,9.751374289619088,9,4,7.590524497554177,clear,truck,5,73.4532761837467,13.147529054889999,2.5162500391080522
19.5256311675055,16.300034071946616,8,4,5.670998576558889,rain,van,6,73.33312561036719,3.498576988502765,2.494905681226598
22.127692038787046,35.03242251213831,15,2,2.610713970350863,clear,van,2,64.06527160575979,6.722187813636016,1.7720290603141793
20.040490937450798,35.17622721323515,18,0,8.403630781233876,rain,van,3,74.17396372497083,8.123879764729345,2.5189826641378863
56.43272116978771,32.216981226403185,18,2,7.935203585134237,clear,van,8,64.28740317661956,3.591344784194801,4.556618427570024
6.776310077417344,19.468778728176147,19,3,6.875999183130381,clear,van,5,76.26445834976967,3.8286284766948766,1.7830566405254922
54.033273910541936,36.484613528583395,20,3,6.955659938979255,clear,van,8,68.94242091147633,1.197180970594595,4.45603039057986
20.010372815592085,7.934722870485561,8,6,5.8087355678008645,clear,bike,5,48.913577639112404,2.2029407729017367,2.551932606964322
36.655307312437046,26.863400833699494,10,1,6.948884387336267,rain,van,7,43.0141889021111,1.5237044838358416,3.6417545140600964
11.005659845034945,23.095146549566838,17,2,7.474092197538604,clear,van,6,37.930721980119095,15.0,2.156451768601499
78.48479042589523,18.582481307683764,12,1,4.3408763886562545,rain,van,6,63.847699451479706,4.011036690832535,4.007658791714264
73.44288050733634,27.614982288707125,17,3,7.6238602245853535,clear,van,6,82.46024322898081,2.849648526888384,4.234198007774497
58.420825108902655,9.998788733295456,13,5,2.0318589264935474,rain,van,7,59.049055061074554,3.3861241422198494,3.528684522944656
8.07034457281839,33.10844307226047,13,6,1.5925872008529902,rain,van,4,66.29641102627255,4.559801875610176,2.110555707074788
52.63055564348204,22.65217548378976,6,1,1.2129950587837293,clear,van,3,60.19251024078589,2.556628557666635,2.200844142252262
37.48287155543064,5.752496575959263,15,3,2.9164108594646025,clear,bike,4,57.47539625828262,6.59633764963556,3.1170471839391496
7.506602767869142,22.267259090448242,19,5,6.633650408247613,clear,van,5,100.0,8.128190870518885,2.294012659360072
26.590714954310368,14.864835046455445,19,0,7.807769275739447,clear,bike,10,58.02899568469599,4.066867481749834,4.7647769635249055
36.29309820960438,48.17876773229529,11,4,2.5460037936573725,clear,van,4,49.71654785854188,3.0346563337278107,2.8155694786078036
42.30309363928819,8.482442609238017,16,0,4.057824559665864,rain,bike,6,56.575783378860116,3.548939633024164,4.276575163108845
31.243429358891103,8.763976893812124,9,0,7.516271003573094,rain,bike,3,71.12136568192624,2.2661377176033635,3.6251020136381187
34.225984403990346,30.176983485441244,16,0,3.4663896106923935,clear,van,3,61.39797080717711,3.860133646540034,2.6352643083041705
88.13670841927777,20.069189114455064,12,6,2.28096730419829,storm,van,5,74.28889534945998,7.018683304165478,5.127834137195204
72.3002168109496,19.339552352266313,20,4,6.5851912678602,rain,van,1,59.04559177567669,11.459287752650376,3.258897838623791
3.0,87.76519114046582,17,5,5.886288509882222,clear,truck,9,61.18040340390176,5.606759602490075,4.966324141175319
21.03208557312032,35.87050558855006,7,4,5.425645774987083,storm,van,6,59.389688328202894,6.91953251965775,3.0716480453505888
23.7665511422359,17.490763005031113,19,5,5.916080711029518,rain,van,3,68.62899085641354,4.120009847998013,2.0630798177238976
6.674679190736336,5.0357559560203615,17,3,6.386898901759594,clear,truck,4,80.70322370329541,8.649343209743787,1.8631412892385464
29.234410188603192,16.723086428418398,9,5,5.772059629636216,storm,van,3,82.28780806357756,2.6542841118663736,2.436119594403006
73.62658854694585,7.699031814686504,10,0,6.523273180442285,clear,van,4,91.11297547049422,1.795400364354497,4.769188857984366
11.367355697443266,10.57062334739715,8,4,6.433609728067279,clear,truck,6,50.31216822730372,3.9854121273269922,2.659007565871738
35.485378945449526,10.88316707791547,10,5,5.94302308258509,clear,bike,4,54.402146980581925,6.020107752701653,3.2910876772889255
13.031131405267594,45.627036625276986,21,6,1.5645852688777442,clear,van,8,56.22054457529572,1.7052297001281953,3.2678100810579305
15.838922832199447,6.246886264032593,20,2,6.5743065297351935,storm,bike,4,69.94986662620445,12.684171162048386,2.735251859231595
88.40379577350116,42.57747243553772,14,1,2.6728800096571956,clear,van,4,53.842951443297046,2.3121997888614487,3.9668273575468356
17.565798491304488,31.16018625907163,11,5,3.057081088052272,clear,van,6,59.66405501771616,3.3198465039011995,2.2108446773155053
39.24287861508617,30.83487523253599,11,0,2.2453727985988374,clear,van,5,80.2668554530318,6.030302172826485,2.806420043877746
6.067978432333089,10.199460698493944,21,5,3.3808257644355075,rain,bike,4,86.05119273281746,5.489974926258632,1.7070490612756783
120.28381185334827,38.786867151241815,9,4,6.4315567543357695,clear,van,6,80.39531285117289,8.822020638179437,5.530877469865141
43.909116209121066,9.168330363925026,18,4,9.115291354369626,clear,bike,5,74.80780501553623,7.142016289336444,4.399894369486329
23.429598726263066,58.64544185077101,21,2,4.587261412180317,clear,van,3,60.06084228465483,2.3645723516810673,2.5402425370257213
42.96720747959675,46.354521433667486,19,0,7.136539089402156,clear,van,4,70.31899321873415,3.4072394629246414,2.95927495202132
8.777085955616144,65.39074643139581,17,4,4.597776992490916,storm,van,1,87.11052943731463,6.3747926871547,2.1716246884981656
69.827268062522,23.185171127281343,20,2,6.712383812931499,storm,van,6,79.92333615117525,4.1009233176801025,5.696850047404911
20.922228944030504,20.058270858990547,9,2,7.556924719482666,clear,van,6,83.26971111376851,2.3238943302164192,2.7049544886807095
23.028771937927033,16.363365746281403,21,1,4.114406835395186,rain,van,7,84.25979190751382,0.891637100624261,2.9730818065215456
18.295872867156998,86.54595256970974,7,2,4.5385018464763505,rain,truck,7,65.08046816807287,10.088213980914182,4.268341647008085
17.038557734136404,34.81383099235927,6,5,1.8627247103376998,clear,van,2,79.50610422872175,3.2901062164288977,1.7280524280923217
47.263413124370025,7.781334557636463,9,6,6.453776511724729,clear,truck,8,64.30352116251807,6.329615509137506,4.827145585867927
33.2723086871621,54.205102896298634,15,2,3.701864451728991,clear,van,3,78.92751229033384,2.4519704030695597,2.548030399922008
45.66803102266432,19.47424931464059,9,0,5.688865067365411,clear,van,7,88.40079788366432,5.639187194009131,3.263505881812368
26.922550619480187,1.320449730146951,16,0,3.1709681635106333,clear,bike,2,93.30740647415607,1.0578594114482043,1.9455868173078628
40.87668488768688,12.19767917125885,7,1,5.680586839186687,clear,bike,4,78.9205449565504,2.423923827494239,4.387824752255946
19.393171214685065,46.33352965659287,17,0,6.985650076348705,rain,van,5,75.90866011994083,3.648333667896361,2.8468451907244914
161.38381518243725,31.235470267275012,9,4,5.9901005604649,clear,van,5,90.81617600541388,2.6579087363819824,8.05327361578149
7.734227952726899,35.719339285865274,14,4,1.0266471716994832,clear,van,7,57.03147275742706,2.9481038118566474,2.512348830875864
74.34748596745803,53.84997979814858,7,5,3.4106668210895883,clear,van,2,91.68753427995688,7.31391076171892,4.242221783304104
80.99002189288592,4.163532553064296,21,2,3.373176002819398,clear,van,2,71.96062627042133,3.2702744397282606,3.3137302889797406
13.712021848335652,12.324553946607889,12,5,1.8950483976686499,rain,bike,4,72.07019896704146,2.1017529144017133,1.9949791799940086
161.32466519013283,23.57639662308474,15,1,2.869893231431961,rain,van,2,63.236374580564274,3.3132304300435806,6.15197555417035
60.12298572180247,47.2698686690237,13,1,2.12681116526544,clear,van,3,52.40186275335227,0.8609504109336712,3.0002858814386935
58.96306349833984,9.121286528323575,15,6,3.2274038919160475,clear,van,5,92.07368393116884,3.7530787761335778,3.313807263390281
27.727307270253913,17.407911471765622,13,6,3.227134492386173,clear,van,5,76.06013251410525,3.5493901503366274,2.623844405457538
22.787657995862297,22.466419546775544,7,4,3.672427178486137,clear,van,7,64.46237020274083,3.7391950148191504,3.235395143706773
22.930615483820826,11.809331955828554,19,4,6.868399620354971,storm,bike,6,75.25006767981851,1.5668852342320783,4.402934247057613
37.055784894438304,22.27436226313263,16,4,4.598198562650383,clear,van,6,64.95000135637497,5.118003864244049,3.100200361971653
83.17518282904625,19.982577807099148,10,5,6.108202725899449,rain,van,8,44.4280557485843,3.9475181872493352,5.476728449641582
31.344893726938775,14.56810189143097,7,1,3.732989335680149,clear,van,3,67.32867029120398,9.900809527214435,1.8944248260487493
13.076871055737723,38.71853454535806,20,0,6.92017678076817,clear,van,3,48.89555080324395,7.682433415742854,2.179798980959642
52.43328763832517,34.01320036972673,11,1,3.3868721185680104,clear,truck,3,73.56759906986613,2.475884128524154,3.3304667762994558
56.651620759393566,39.91674204505822,20,2,6.256906761636897,rain,van,5,93.78848813335043,2.410993199334172,3.9317919186860886
45.774520838855516,42.3596601590198,18,1,6.843373200590522,clear,van,4,60.37986472927057,7.837255007140271,2.954668352534317
49.22487697185512,5.530174785565688,21,3,4.295693964701416,rain,bike,1,81.86388028747922,2.1643101527064594,4.133124791576424
21.82939586991839,6.188508941930649,16,0,4.193957655691043,rain,bike,7,60.40135964289737,2.2847028566571965,3.542731939444797
12.894600608863142,36.466487871715,8,4,6.490185578883864,clear,van,2,69.69365699653947,5.378078548144173,1.773071379871963
13.537251496562986,15.693057926214319,6,4,4.099125703337059,clear,van,6,56.83060099940781,2.9325269240514125,2.2384088448867567
7.3274634185060235,14.117910628212044,9,0,6.688889027760275,clear,bike,5,79.28985134220456,5.408387665901228,1.8535941459343181
32.7714886610703,12.40457285890946,13,2,1.0,clear,bike,8,90.19711949581126,1.1322047346136173,3.8889049269039284
25.36172057839306,40.88095155893986,15,3,2.7460334717689054,clear,van,1,72.88668519570791,3.2957155172255828,2.048618391080105
19.067967566001297,82.98309475330204,20,0,6.479343765947542,clear,truck,6,78.03308021248823,8.323919200127866,3.902429286958961
3.0,42.20664804470655,8,4,6.165207330159593,clear,van,6,78.005072457791,2.3637813514220123,2.191693496151946
9.995610276271963,15.122197723020724,16,5,3.3037590627026137,clear,van,3,66.27124267955811,3.021047903092362,1.4534310700634923
66.46480245321801,39.46130654814299,7,2,5.245733413388946,clear,van,4,89.61076104086652,3.690856700010763,4.167638722622122
15.931514633120187,5.996551225475781,13,0,2.3081335082514642,clear,bike,5,62.2348094280401,3.12912514535139,2.365150483686242
36.17880109275286,18.91379607743632,7,3,3.9717244486562904,rain,van,6,46.414190728723646,1.1335778888747943,3.36905731609036
8.912472106408627,4.169932157748974,11,6,2.6230995726114674,rain,bike,11,56.17910781515842,7.9212133050125235,3.221957741567779
85.70956124962683,15.716962223186878,15,2,1.5103480332396098,storm,van,6,79.23609385835815,3.887403745407979,4.30788292792145
24.16192076952232,25.5285488262858,17,5,5.255299946115977,clear,van,9,64.19592708984644,5.672275704442848,3.4928941704198113
34.19338885972094,93.08843662679075,18,6,6.414675941038403,clear,truck,4,71.3921195589382,8.661419889575436,4.770770597672023
174.27313912464368,49.856301067507815,14,1,1.4354867744952702,clear,van,2,66.42180720533328,3.000884208481281,5.595076373636849
91.20886355596905,4.26525412218043,10,4,5.968275405290137,rain,van,5,72.71335161566752,5.177195164148079,4.613576700620082
21.215827917019674,4.730792771819809,20,0,6.124808520335108,clear,bike,3,86.40028553653787,0.32330061864518195,1.980313703852212
16.868093047845456,11.879039673389396,20,3,5.740289247629458,clear,bike,6,92.88303352064148,0.6002629025598609,2.7955231870763195
20.89613034318415,70.87583514470793,21,6,2.7949740825350275,clear,truck,5,55.45999551360149,4.236630823805093,4.043777080605746
40.76886179699248,4.486262477751792,18,6,6.542406958028402,clear,bike,3,83.98041907860323,1.3936058150386046,3.496720675993455
24.92373824746595,12.486490981438012,18,1,7.592277665190367,clear,bike,6,72.9507585093734,5.752578864232107,3.079454824792494
19.76286524326061,12.429632775022602,7,4,3.5827665876096573,clear,bike,3,51.65204166937177,6.448912374427197,2.429707952864322
87.68448734640917,30.137171869630542,15,0,2.218378962523045,clear,van,9,77.41364219364482,2.619137328078073,5.328689788369148
24.745213752535903,40.161111263922905,12,1,2.581529832400633,rain,van,5,97.72716227024154,6.167034105910006,2.9810241716300148
170.65965890585386,34.250872247937615,10,5,5.5426054894410886,clear,van,3,58.928894649750625,3.4774278403379593,6.87221074862541
29.154056160859582,27.149375577013593,7,4,4.220873520122651,clear,van,7,66.5693070974963,9.541067431594346,2.8400713953856846
113.0980017959986,5.746702636929515,9,2,6.81030774690804,rain,van,5,45.91133963963651,1.6718189538090908,5.7224258505523515
36.084215940801485,24.103907852461802,20,6,5.238704073380176,rain,van,7,68.248477305824,3.869365807670636,3.941618273279423
58.57854238370917,54.88469269894823,20,5,6.08341974545952,clear,van,5,72.40283046115013,4.969656067606204,3.9181081480341864
15.185046470546029,67.44557969940277,17,0,6.6322242244711385,clear,van,3,99.60725712001263,7.051065707688564,3.044870087333209
13.694477124131788,29.555472430687267,7,0,4.2637222460101505,clear,van,5,55.985464027928224,6.706345848277772,2.235374994638861
39.164266571462946,4.311253116115509,16,4,4.797945242071431,clear,van,3,84.45882427211144,3.1917316217458764,2.223507576935324
59.79024938935977,29.92147158449793,8,6,4.676538818425493,rain,van,8,74.51007897291838,3.5682609916010612,4.00599416644453
28.00001935991135,19.93399077458427,16,1,4.434375895279141,clear,van,5,100.0,2.307155003798966,2.6817227652236157
9.687974091244289,5.089166780289458,6,3,2.2855120772819633,rain,bike,6,72.62832545675232,8.904911646055018,2.131208315813871
9.13207833738063,8.633441088163742,10,5,3.562575977276848,clear,bike,6,69.22847275199926,11.257618224713747,1.873404172351994
8.656330285908584,10.195131220930131,7,6,3.5187178505113668,rain,bike,7,82.69917168712638,0.9763106051842616,2.5265943990251425
6.592300055165171,36.555585903645344,20,4,6.517233734705228,clear,van,4,77.33329234742361,7.750937762527596,1.908061489467459
29.594492728733847,65.56283336827089,15,6,2.096002899873849,rain,van,5,84.03521129609373,6.456524833333676,3.4736248849278213
66.68867426414126,32.69315035611171,20,6,5.820568588606853,clear,van,5,78.41879793830932,0.5178252840170663,3.8696803505460076
26.823204983191644,37.378717514577616,6,5,1.5640584764190453,clear,van,3,47.86798375592759,7.361312434516656,1.9176511359121864
4.444503633069677,21.040007299741752,17,4,4.822785466835283,clear,van,4,77.83193656350598,9.835469835602229,1.624274824562656
23.275274846071596,13.933079618634352,13,6,1.2016368244016127,clear,bike,3,77.4829665465138,6.918255096594972,2.1014570061774545
23.80179035132842,33.33696482686655,13,0,1.0,clear,van,6,58.904890789892875,2.182841857649212,2.601379614694324
145.0094626839211,27.414973815999545,19,0,8.043356035790104,clear,van,3,74.3436788292086,12.457272900528842,5.408714393720508
8.451041343255211,11.060394799636045,6,3,2.075014120620943,clear,bike,5,42.46193667805504,8.044345615766105,1.8411411099043464
19.835195652499475,26.078486251440523,21,4,5.074779670314641,clear,van,5,73.82954337623589,2.283468602751127,2.5356681403655252
106.13184526247099,22.11568667633197,6,6,2.9123801751559197,clear,van,5,80.2713980893435,5.870406969970812,4.612100585307777
38.860669529679605,17.29853903787813,11,4,3.3166013180048015,rain,van,4,84.3925450185917,5.644399588961517,2.5621602945115574
42.548749209808676,13.52296508046143,8,1,5.357201768949951,clear,bike,5,80.511287953661,1.6262790214710952,3.660552156908629
29.71546298709306,29.53566146550601,14,6,2.2539126840971684,clear,van,5,56.706462539958494,4.629621905463567,2.388888397743838
35.30253699578761,14.280167480994285,15,0,3.691588408270959,clear,bike,4,48.01929240417465,5.45536062734273,2.975756755622589
50.50577187086781,83.0555349744761,16,0,2.6770251493650203,clear,truck,4,84.11793600355625,3.082027910131682,4.996310911305961
14.188204421813596,31.909032449617982,18,5,6.443678317168164,rain,van,7,76.07373039313579,10.513429732695595,3.0094898492700226
54.7319078099892,29.89710281246828,18,6,4.460269146869906,clear,truck,7,77.39761018793276,3.712071688720466,4.988743224400143
9.03944326241518,19.32480096711891,21,3,3.848215428399009,storm,van,4,95.21907742312592,6.182915082261974,1.8127459856178778
35.25806785061967,16.094963988839453,13,0,3.074087322674197,rain,van,3,45.89159728351848,4.479827573642362,2.4444754219504254
31.280433385899304,3.2561374857924568,8,0,8.411503366289692,rain,bike,2,97.04603525425802,2.6026031868341346,3.4154666662355604
16.559592305919782,11.72374571056251,8,6,4.6118907403241876,clear,bike,4,61.56748031627774,5.202603163062509,1.8702016861264987
26.62503077079369,4.204849719856755,10,1,5.0060805902355545,clear,bike,6,82.37396696058087,4.141928173520154,3.590121312831951
16.477039689717916,4.140614692719378,15,4,2.4969228435805135,storm,bike,5,69.80258609407218,12.326744290898448,2.4450558273386913
11.503357376116579,7.444656079115932,6,2,2.729532166817683,rain,bike,11,64.81500630348145,7.811081106348929,3.6603395206022307
20.4321207007395,51.04485413942764,21,1,3.7508353246869177,rain,van,2,47.366235772909974,1.2807002902258906,2.218043978208445
11.210032000320203,50.876637604547106,21,4,3.5471693755341747,rain,van,9,59.91373122878642,2.52692885113997,3.078229863473822
35.101293135997444,11.967013099513956,8,5,4.461469802465487,rain,truck,3,77.00529353721542,2.2551705852165282,2.745077582116523
10.804163884393539,5.6043688484051915,18,3,8.08938883941084,rain,bike,7,75.32553439193343,0.5066207146494824,2.352269125804027
47.92233206368821,15.504343888984806,15,3,2.77218943186749,clear,truck,5,84.28034060729746,6.550692519475818,3.3297907134531965
10.53619788074961,36.29440637821425,13,3,1.4938796362827862,clear,truck,2,59.62569984805485,5.764642704654868,1.750738074190173
17.23537689162715,44.09311897744624,17,4,5.703842996578397,clear,van,10,81.2018069762391,1.919610490434412,3.8253128108827115
16.44986504831458,25.800501615128933,15,5,1.9950864267537074,rain,van,8,70.99234784685733,1.9785005605744246,2.782033235836654
78.26632102727532,29.265404842363488,11,4,3.257039474527932,clear,van,4,79.49208048524187,0.8053033090340995,3.8292019935564374
35.31232158710301,27.218020497732372,14,1,1.7172352053275965,clear,van,4,77.69759718162416,2.3872013705353954,2.5338324151125096
22.88800462833573,4.549240938012528,8,1,6.518596060037194,storm,bike,8,62.927508596106854,5.592323657553121,4.287221793754217
40.40588945193849,6.1942142195203544,10,4,5.819516523951198,clear,bike,6,73.78299034423725,13.214491666819466,3.6634951910085642
5.024098938457239,67.3683665002942,21,4,2.8842387490508035,clear,van,7,76.91359322473552,1.3227682073109206,3.0933068765968956
26.193024327820698,25.709671968062292,8,2,6.823646218806182,rain,van,6,81.79725054931724,5.269210462453825,2.717767379376818
134.02298863895402,2.3629768886584035,15,5,2.659549122318111,clear,van,8,92.57722592094166,14.372103237243046,4.77665651971694
30.140723728071997,30.56108188790433,10,2,4.8972669219338325,clear,van,6,60.484185753260824,3.900425471596385,3.2317192557733803
28.626433388710044,9.756953421102317,13,2,1.906858671466095,clear,truck,5,52.50422203279211,3.835162028433549,3.119154868523475
42.035004166782485,46.561365612140435,9,3,6.366326301241518,storm,van,4,89.29984529295413,4.408245793127937,4.035661316508415
55.505615435462325,43.18580807061866,15,1,3.4492411503762725,clear,van,7,50.704724728865,4.052556979354297,3.8729192038499147
5.485052392755864,34.879803127081004,14,4,1.9856294215996846,clear,van,6,85.50376716360184,6.763265482952311,2.259553896269832
7.057838298231274,25.489738682569605,15,6,2.267954599381284,clear,van,3,56.36227592114924,15.0,1.6017022760227897
32.080008015849955,54.42937218553115,10,6,4.6516630984714675,clear,van,9,60.55537516122751,2.5948770208791623,2.989682017170433
15.30376307057123,58.21519285694895,15,3,1.7236089593322526,clear,van,6,68.81389573832092,1.5365196110454766,3.5467072317291946
77.44904294952921,9.991612934947328,17,1,7.364209930692757,clear,van,4,48.229349297609986,2.0251411959366297,3.9719992938621047
21.070216185118543,34.60906043435703,17,3,6.769757042073849,rain,van,5,55.44967418404273,7.0976679449675295,2.1490357726318794
5.768288473238895,13.652557913142484,15,0,2.3098097022726725,storm,bike,5,44.901855317260086,4.925834408045747,2.333803385937735
9.831473945648412,8.701226477449191,10,4,6.157262829727864,clear,bike,7,80.03829111809785,7.867887033566042,2.057864654564844
3.00494475751443,58.181084241391126,14,3,3.0622455343157187,clear,van,7,69.82610038410252,0.9804636597485906,2.3947392640104717
22.481653355728472,38.62469596674252,14,0,2.327544012643882,rain,van,8,70.21636247931752,3.731026519939645,3.105614193482945
23.31956477604999,27.084665131917994,21,3,5.53243166565249,clear,van,3,69.08362186249138,6.616813806358231,2.021920686745216
19.306268427626087,10.89183135396008,12,5,4.482694981542774,rain,bike,6,69.73482947090358,0.954291197346789,3.344577422365801
64.2706601745857,59.339858113716204,11,1,3.955683203866199,clear,van,4,62.769589614807664,5.237224284716292,3.797093283263726
70.72618479694317,9.626682728639478,17,2,5.773869201894341,clear,van,4,84.34541514615137,3.827207126248708,3.303730475484216
23.657714619799304,7.706123680586654,16,6,2.638169909314239,clear,bike,4,43.55259811631251,11.285587758047313,2.2203100460778646
4.9147705358978815,22.16684001265868,12,4,1.0,clear,van,1,48.36048898599714,1.422867904901744,0.870546701232788
44.42601691557482,36.28950773006112,6,5,3.139857174268067,rain,van,4,90.37340172640222,8.287253577473045,3.4979348082739614
42.2789016561745,16.78942180937522,17,3,5.957097948276407,clear,van,10,74.00615746682398,3.152864031399147,4.4435180416425375
34.726853235372594,25.181560000693857,17,3,6.940177594303085,rain,van,4,39.62999960203099,0.9234168639403659,2.7106985505838943
59.45286415060333,13.603945175319847,20,3,7.101051403867855,rain,van,4,74.79120155408712,2.7118327912369247,3.587116061908176
10.67748717737321,14.943365483921996,14,3,1.4181750184929913,clear,bike,4,46.156988351046095,7.66129311177412,1.536454870861699
135.2336886463766,72.47958292421988,14,1,1.5382998466416566,storm,truck,3,89.50592088836814,7.243272004394674,8.648809387876858
12.584398059992601,20.57872365742883,9,0,8.395754876048095,rain,van,8,83.80101817714488,6.155706195635573,2.8634214869344197
49.3717472100332,56.81209920810343,13,5,1.7032773812508886,clear,van,5,100.0,2.0287708007084526,3.8804065626565736
7.029544039473885,3.97211860936314,6,3,2.1484463866904764,rain,bike,7,65.51533202205766,11.469482299338019,2.296513107923573
12.881449461611911,47.21439804849367,14,3,1.4468125665144356,rain,van,6,51.74519789877914,4.378903864559466,2.9975624413712763
91.20364992439346,11.37805486519729,17,4,6.126728372006143,clear,van,2,61.89162523446138,3.722501118623675,3.6584856245685455
22.00522976280403,39.28568269207033,18,2,8.979242563213269,clear,van,4,62.23478797228233,4.353632110616446,2.567869624886985
53.087318890542754,11.293309330133651,16,6,3.9780476963413194,clear,van,4,75.78314014714137,1.572364378667845,3.2731165625505994
32.77166633999824,15.851176954393706,18,3,7.9183369034792825,storm,van,5,42.526652813776955,0.9812953787828108,3.224217731313423
24.92904214957491,8.457846441329709,16,3,5.557938393536362,rain,bike,5,69.91978462326249,3.8884131213517876,3.150399227765658
80.72757866422411,39.819062516214515,18,3,8.889547158407053,rain,van,3,54.783369137004605,0.747216537828954,6.253122917147442
22.436137502417633,44.2919734748903,12,1,2.952815653588681,rain,van,6,62.30545383556964,7.4488362499962815,2.9324646199373063
6.523490033571038,11.71100373347426,15,1,5.128612309141475,clear,bike,5,90.74481106083888,10.172381246821367,2.1930858827424697
14.259280051487178,5.212632557934934,16,1,4.089183114188716,storm,bike,4,85.0403861940737,15.0,2.142628815233098
42.138144809863114,56.26227739393118,15,1,3.7861393808399213,clear,van,5,80.9464772649957,2.523301695827946,3.4634498482747724
37.203665266320726,12.97896708168301,15,1,2.593319299078865,rain,bike,7,79.54673474148211,7.2531396712033045,3.454318486684666
7.7396262615290805,19.73898836918673,18,1,8.495205775566184,clear,van,6,66.03321799684787,0.4319957819190487,2.277913816042869
15.188308959016206,9.910510147520297,9,6,5.401294544738378,clear,bike,3,69.27255569256715,7.006981176576198,2.016990187789779
17.023979698534067,37.147308803202904,11,2,4.4256752453289225,clear,van,1,46.41137170421142,3.9652883406409885,1.5101918571690356
20.23926085455332,37.810973636048764,14,5,3.738469689856288,clear,truck,5,51.49204311580485,5.918807836804399,3.107283516972439
9.018419789733297,62.64428754831253,16,2,5.048603079768543,clear,van,5,71.90076486575559,9.25592636806046,2.8788695319725557
16.400357174147306,48.17192740462453,14,5,2.207833852102128,clear,van,4,53.202882604385444,3.3399068375969563,2.038027611313308
15.136538843363713,45.90365506752874,9,5,4.980242057847486,clear,van,5,80.34631001094294,6.299183182664773,2.6310679771662877
50.26085823171236,21.201376721676922,19,5,6.368924524720632,rain,van,5,69.25451629314962,5.810175654429245,4.005206314051238
51.79517761997246,19.199264582967768,14,2,1.4765492011781949,clear,van,2,65.53661622417005,5.070961228428475,2.1935680230593935
24.12748467252295,36.77964244701601,12,0,3.395098963600287,clear,van,10,60.89717098784114,2.2874851321157146,3.33049756143002
19.813591929969707,20.279147597601014,20,2,6.929391778908672,clear,van,7,76.76153317488463,1.9269969572000476,3.0694277422055927
30.32399913386267,49.31209748922508,12,4,2.5418095282797895,clear,van,5,80.16730106213174,3.3667942865038802,3.0820643442592366
14.107970396674807,9.34050737135065,8,4,7.33451284906117,clear,bike,5,56.79628554646207,7.509194157055829,2.3174619148170237
10.83232082796839,3.8795843456268733,21,4,5.505345171814012,storm,bike,3,62.13429069544758,5.091999212738962,1.792191024955587
12.779253464175346,33.75121482297508,12,6,2.268131586765292,clear,van,5,67.17669100305488,6.2124827910644,2.3931669004744305
16.316052984134526,14.414375724967208,20,1,6.692298564480377,clear,truck,6,74.81469509378333,5.909302789761622,2.8003107108389673
10.689061834701038,8.054283616865577,14,3,1.812185428084927,rain,bike,8,74.62422810914917,15.0,2.9913095067009667
30.865765196183162,89.36993506851832,9,3,6.7822609426504785,clear,truck,7,68.46667365917227,7.030528965945069,5.112586003484088
48.60724233422711,22.767933145656336,12,1,1.8231117138398036,clear,van,4,80.62297116601076,2.282523332350842,3.026672755094649
7.616533609912394,6.35827242220356,20,4,5.857220075380001,storm,bike,4,67.963505382817,3.9066272402760096,2.014552556192118
27.663198863042755,12.988832028853885,21,0,4.203517224913371,clear,bike,6,49.0500400574071,7.942539555574219,2.8745352802878927
22.738314470533986,17.918522683100306,8,6,3.4746560103193245,clear,van,3,90.05799651687587,0.8458370102239792,1.9830653089470178
35.630675865170936,33.247573814549135,21,0,4.748479496314916,clear,van,8,84.69937157915776,4.252190260928765,3.599101072522997
26.833443075470434,13.04709916884891,19,0,8.590629567818583,rain,bike,4,49.34375161916964,3.2356152511164953,3.6092170727922728
8.47499934562986,19.97548287448281,16,1,4.280787450736064,rain,van,4,72.677712480447,2.0512554427084626,1.7423940094896186
9.875812253408448,27.78768449606553,8,6,2.645156160892557,clear,van,3,89.50858204478311,1.9574631112291383,1.4644003164410506
27.758410086795134,31.736969161385154,15,6,2.1237790549579754,clear,truck,4,65.4364987282885,6.84621973762981,2.9869593538534933
61.745724595819425,21.144058313654867,12,6,1.0337053381145451,clear,van,5,81.57453717294233,7.487399265898318,2.6120735686060645
4.611946965804443,71.71422024156085,7,5,2.75675394257209,clear,truck,6,86.65828920627605,3.3053898449418977,3.5886127207028284
35.75110807774177,37.42951486717701,21,6,4.591171693557234,rain,van,4,74.0228914980262,3.5096092120083613,3.4913465587637456
70.2245246654242,35.9639855407512,15,3,1.0,clear,van,4,100.0,4.021967483816929,3.9491473395623737
23.988613950222245,35.027551673147826,7,0,3.4024714408419774,rain,van,6,79.74787185808458,0.426910512407664,3.099792339627896
42.10481045799851,49.57467733592259,11,3,4.72023628207922,rain,van,4,71.53093784029473,12.550518308365202,3.152233657762674
15.449007090348685,26.416064499281287,19,1,7.211386055758635,clear,van,5,67.4942207616747,6.583083551310406,2.264584845434638
24.64334885069319,9.197255539055362,13,1,1.576417734619672,rain,bike,6,69.29132733799253,7.929766912051166,3.2206425680557818
7.41325182150678,30.63841084562299,13,4,3.825086811243234,rain,van,5,61.5331531474818,3.3412457146082026,1.9475251579835142
4.155884797392749,33.524701264100415,8,1,6.306397174282622,clear,van,5,53.29770099702978,6.52435068744697,2.044449627987202
57.63976193858212,54.94614509523354,7,2,4.803003389577444,clear,van,5,56.51266948404853,1.6251645657860168,3.7399265924400864
12.329614578166955,8.347092699204756,21,2,4.682764090617393,rain,van,3,67.86255120860349,6.306009205488262,1.3973700548753294
18.832379910794874,10.382046840488666,21,0,4.416386229597041,clear,bike,2,82.04962056509294,4.438017564675294,1.8400410971894945
8.942777268592762,23.342917575033397,7,4,5.066781388729563,rain,van,5,74.89790085451293,1.6698242714491207,2.1379743752699
8.776030843832498,35.74714506998862,14,5,3.3506382455240757,clear,truck,5,72.53554091801797,11.080534391240704,2.7477724492986706
23.59252300295719,6.9283776168071824,16,3,2.940308098975007,rain,bike,7,100.0,6.723523089949875,3.8796457827409956
15.124837267590921,8.56715035725409,20,0,6.2116357822071615,rain,bike,6,95.24285749936823,15.0,2.6648080357071815
36.68532452537567,41.9595210735535,14,5,1.7918019632315045,clear,van,6,56.311988402386554,2.2587426086690896,3.2514315603567736
38.940340151716455,7.216438304378771,19,3,7.429505163147765,clear,bike,3,80.56627505693609,3.8009911432710775,3.911815110023439
35.046638991603885,10.514314848000987,7,1,4.840409964330615,clear,bike,9,52.19089375481583,6.8057578572690005,4.258781267005867
32.814832801998065,43.83785449595403,6,6,2.3468512791235976,rain,van,3,74.01659665842422,0.7053833656454452,2.725835309842782
95.79539011611797,35.37359916991602,13,6,3.2997077926399934,clear,van,2,49.40370191469669,5.1898541430675795,3.982239036516462
11.54122011581138,13.165189470356108,10,3,6.883986420368473,rain,bike,5,60.89546093296222,6.87384313604774,2.211847938640476
25.94689909348553,32.498455809444565,18,3,8.864688976661705,clear,van,12,79.35833336271284,1.9989494902748068,4.508665957024975
67.09784024935088,28.109087445721674,11,6,2.2859330980872574,rain,van,5,63.183128913211036,4.5336591580781,3.541386192565899
74.56206363261859,20.49995876213946,12,1,2.040649145797019,clear,van,6,53.81672630893661,2.6109924200008545,3.711649407113617
8.69361701998019,16.44588815263165,14,2,1.70399803854199,rain,van,5,59.68692885662201,5.576817275864223,2.172533415150181
21.11778648312635,31.573820266615993,21,3,5.345523358118378,clear,van,4,55.84351023195612,6.429708562998394,2.204473366137266
80.35841987653016,7.856325698841633,7,2,3.281820431846417,clear,van,8,76.18637678268439,4.390037194986899,4.403669284231967
40.70957342837697,31.310680165434654,14,2,1.532603723069199,storm,van,5,88.04111606589825,7.407724696155616,2.6846251527089273
31.69663187327298,26.19790950344714,12,0,1.788433551090217,clear,van,7,67.04485251954861,1.6215938847975457,3.1495256837639034
22.779300373916954,27.62744712372185,6,1,4.879098191488442,clear,van,7,85.44262416769799,7.573173010808012,3.444393834169202
19.944616542640635,10.098393312806545,19,2,7.659141423664664,clear,van,5,61.40105594185012,12.528370348753176,1.9642733833145911
34.14360309035695,55.88736624660669,20,5,5.41582214697269,clear,van,3,68.48277468309492,1.8352865657123871,3.212428212307977
22.15583072529615,13.204583588041576,8,2,5.09119340515804,rain,bike,5,96.75880061287484,1.7581552051754792,2.9851141777847032
26.204655954463313,15.045170489092085,18,1,8.540333746366631,clear,truck,9,67.33228863075252,10.23488945259193,3.701504273365601
28.872193372355685,19.86561093721267,17,5,3.572981096867637,rain,van,1,86.04936298066185,5.073900923697071,1.6842514023177944
15.7610668742508,35.314760090567276,17,2,5.456690800166678,clear,van,5,59.199122635904246,6.9969916384115605,2.2386214390819377
41.50041798464759,27.012451562307113,13,6,1.17423038150817,storm,van,3,69.69785787559518,2.6946097219428506,2.8686532867350705
279.0513231181238,5.008278843985882,11,0,4.231677823401925,clear,van,4,57.127142956403844,3.183200722327254,9.146872139999543
6.543097574206556,22.515967614701296,7,0,3.42109560948211,storm,van,3,70.99706788610767,8.965157036132961,1.4045968157252469
35.13542986908901,23.98324439622703,6,6,3.3605396139848853,clear,van,6,73.59193571242257,3.5361174564443507,3.079612511629718
14.758924181813128,56.811300497585144,8,0,6.406265823095342,storm,van,5,81.34973753154294,2.930999391844155,3.392389816622679
43.03105490047575,17.679529110638722,14,0,1.7312684615703817,clear,van,6,61.31257172260881,0.9553911843681444,3.120418966696571
28.14151754602388,33.14957798072359,8,4,6.801780921209003,clear,van,7,67.49147987980795,3.1497588867120543,3.3236143122818382
49.87320174061336,116.87036787384373,16,2,3.972493981645077,rain,truck,5,87.83017968895489,1.7763938120916143,6.022536982963791
69.43598584899466,50.323549701823524,15,3,2.4353672733204768,clear,van,8,51.86554425585368,2.0771174465799715,4.8722966592387715
31.62465045608369,9.595099148436006,11,2,4.773233110591541,clear,bike,8,32.87227133259395,2.4886402914778682,3.760163274666037
67.06362735293033,38.711666390830906,7,2,2.093301800041306,clear,van,6,60.19813471478806,7.861291898067937,4.060332367181584
4.156035790512621,31.40685878563041,14,3,2.8708048558207757,rain,van,4,79.15212061807948,0.8976851208141436,1.6424344336227472
96.77240083928723,17.208341571610298,19,1,7.202451116026636,rain,van,3,71.24334371530759,4.7031086241173545,4.253222866989022
36.60005420853993,39.0295400872718,12,1,2.113832042088764,clear,van,5,55.65710606234289,3.278899004472982,3.0448232723928172
64.21743099031715,9.462493332173965,18,1,9.339436574368825,rain,van,2,71.07112132089269,5.342308293844846,3.215028100339057
10.217474125955965,13.437624237419879,10,0,5.578803075515744,clear,bike,7,64.4998760556632,5.89031867467983,2.4228614486716054
13.948669044451185,20.03288877839784,7,3,4.820293166961777,clear,van,5,46.516490794755576,2.4644000696402806,1.8767356143597567
30.47024505042098,16.563405283621158,16,3,4.510517421995542,clear,van,7,64.89482879195428,8.087600669667616,3.0190742860378266
26.745592369444633,36.10362177111626,20,0,6.546282487436457,clear,van,5,81.17034252758737,12.899031313220554,2.615853073215746
34.003207908246175,22.04113661516321,20,3,6.039455860895133,clear,van,6,65.83160690734742,1.6764156527279706,3.396813841014007
64.5611042941883,15.224245993749046,21,5,3.1874502511800964,clear,van,3,47.3052145864708,6.633193348497898,2.9675472277589843
6.604978928653178,49.754784252696,7,0,5.2779521728813785,clear,truck,3,95.88730360877031,3.9994597127636102,2.425447390267387
59.0896189898694,35.14067955307369,6,2,3.4210444722160256,clear,van,4,55.10171800221945,4.454266613103345,3.7379300519996446
27.292870874681576,6.0966816434622775,15,6,1.9264284996092145,rain,bike,2,75.59293074605179,8.23312576860187,2.0366699839985585
23.03407200102541,5.975366631759927,21,2,3.4503274037664755,clear,bike,6,82.52686617641392,6.599261604733218,2.8645453658890454
8.357069375696051,15.3144570181809,21,0,3.8194493296134864,clear,van,4,76.325927020219,3.496838997178016,1.3510139695227257
40.54607309053538,6.887221865495293,10,3,6.788969508972219,rain,van,5,66.51417496593184,8.881500957510779,2.7373470813090304
3.9302919834914936,44.41663261763021,12,2,3.628471304743788,clear,van,6,42.75457971529636,4.081489920206971,2.0770463264899868
45.54565406706814,13.989916994018024,16,1,4.731076520276268,rain,bike,3,87.5856029458893,2.4863612565355737,4.5327948493621735
8.217905174363159,33.119721006241306,20,0,4.946472922190065,clear,van,6,52.50129099260977,4.9030023895501715,2.5474597215122303
28.297298199066145,38.33191882656769,8,6,5.405973072066333,clear,van,4,84.58172049453346,9.605303481184926,2.572370216730291
24.64724008536416,3.2988637010031336,21,5,4.472485215936738,clear,bike,11,86.66335650018306,1.2810786546722321,4.9969293773097325
69.10523708439756,14.536363721545408,19,4,7.911772187939993,clear,van,6,51.68027814646548,6.266595063314277,3.806401473164556
23.50177299239085,19.317807487767453,7,0,5.6394039052331975,clear,van,7,51.45346870420117,0.761915500393535,2.5683628491468298
15.559776440710946,27.90548206252328,19,6,5.161565036390939,rain,van,6,64.10315221453881,6.982640933931966,2.4241810117080473
18.07839977854308,42.702415571279104,16,3,4.834967655021103,clear,van,6,83.79439757859927,5.630530287377954,2.9693365250587593
75.0613827152777,91.99961862814126,21,3,3.4708512295476184,clear,truck,6,61.03482602550619,10.86348103930598,6.3604446865133175
41.639014459401636,67.03065881753936,9,6,6.446837818361199,clear,van,5,71.40819279174647,1.4863697856249343,4.171901408933383
19.915454030290203,21.838329445756006,21,3,4.77731700091084,rain,truck,4,62.468851382495075,5.201207485870225,2.5425071346422103
22.4399502589653,21.63785575461372,6,1,4.117761069795622,rain,truck,8,81.78523094036042,2.4144416254287493,4.349115521568857
7.738890472591113,62.41118851517264,7,1,4.455328333318443,clear,van,5,60.47637148258355,3.3723316893212725,2.4854632045247476
36.994873932490854,22.771483693311822,13,6,1.436124686637441,rain,van,5,59.18829539284137,12.03247255999828,3.329038978626688
6.633598610820184,14.26109463631617,16,3,3.894265468726701,rain,bike,8,54.51316462510763,5.401692803558935,2.836981478073104
49.473499999106636,44.92185112537227,8,4,5.803545466743994,clear,van,2,54.05037392255521,6.2411972352676015,2.450181072666344
30.051040139005536,28.91090596503204,10,4,5.595194059950909,clear,van,6,85.96043615114415,3.2760778103710044,2.932001580862533
183.01377800628688,5.87974292395881,12,1,3.76320506168849,clear,van,5,64.63283288193068,4.309658281093671,6.179759960871259
11.24463984651391,17.805300518012572,8,2,7.02419788096358,clear,van,4,55.735164053204166,8.364331685237874,2.047341426638832
24.974875191067945,7.103169207269925,8,6,3.6056958516894815,rain,bike,4,44.93429456628326,10.838220990571296,2.390358230896341
114.2775525344036,1.3161898118744855,8,1,6.034375374020319,rain,van,6,65.94296849552096,4.356869513553026,4.775986074514236
70.32389997491177,73.25870157509324,21,6,3.479615866494531,clear,truck,1,57.687371531787626,9.549842204328234,4.261725081790682
15.533987397870904,25.049704475240137,20,1,5.614853441716281,clear,van,4,54.84096736360974,4.266889006058949,1.5713609278517688
32.43291955717898,18.344181849851566,16,2,4.637721632322598,rain,van,4,58.38816057125036,2.553684768907012,2.4559769463872843
27.156039883847406,15.216422090359902,16,0,5.455802308925925,clear,van,6,71.82669794971466,5.022504868103949,2.8155919238429337
33.97295252020651,23.10353997982495,8,4,6.717134446716815,clear,truck,6,52.58580977912551,2.349934842458465,3.6814034812415333
15.503342583310628,15.056551653290118,6,2,3.754331127539043,storm,van,6,65.40734123786602,5.277137548477569,2.711315673238337
25.24286844078189,9.756148509699706,12,3,2.110743606982134,clear,bike,6,83.2839511411365,1.675979573843602,3.118731662078272
7.550079551127695,15.805735102679748,21,4,4.316234534531353,clear,van,6,61.69877696916693,6.756861303604069,1.8701106896957713
30.207757476993333,58.349941200123844,13,4,1.5866437329442955,rain,van,4,54.038564099550754,1.7730657174213376,2.9856051379853623
38.861985594194664,44.21854713551671,18,6,6.409885677608971,clear,van,7,85.82887834959142,2.5659582470084583,4.4878605519343955
22.602589285826475,15.822692032458123,11,3,4.320141319881103,clear,van,5,68.67836224783088,2.8957289681692355,2.3133594134450473
7.448102392511362,78.21600230979455,10,1,6.771643697252316,rain,truck,5,67.38043514520017,1.93091836836124,3.5902228674259034
59.78922676414985,21.63728232517215,18,4,8.823720509508211,clear,van,6,77.81620522405416,4.216279955480205,4.259615099740847
36.29282380461006,11.826497265709929,13,0,2.750343607513822,clear,bike,4,68.70356016294456,0.3754673813840329,3.0823096645647725
15.167999640921147,29.857391376264182,17,5,4.303778506788921,clear,van,6,71.04835018696761,3.8589069234330124,2.2016939273394858
21.661135034460393,64.6157070810823,17,2,5.158154824867658,rain,van,5,46.435256710645675,0.16739357760527176,3.21869508813751
8.161797917837154,56.49882209555496,17,5,5.407930421625891,clear,van,4,57.40780079727948,5.4041645415576,2.554103229203083
11.937347105130899,12.345129206769503,16,1,5.487538525752493,clear,bike,7,97.93664329216722,1.6371303444372467,2.904070764806874
17.63262576979301,8.02808458388691,18,2,7.7530935247760535,clear,bike,8,54.39600078368216,5.704166339643338,2.9008610437103055
72.43840755514087,17.030800346169862,13,4,1.0,clear,van,6,71.02995794614026,9.329623745076194,3.5521858234875974
16.254946903684335,33.55626327822575,10,4,7.671578058298003,rain,van,6,96.12911175749329,2.9317263094002914,3.1108013319007948
45.24856366639416,40.213529723455814,14,0,2.674474842566964,rain,van,8,80.30189381770356,4.5465592572701325,4.5187481969980565
17.625505651096898,51.17789902982242,11,0,4.193493805434607,clear,van,5,74.35616212638189,1.4128733281939059,2.919321919325075
33.06112261396163,26.08970996422068,6,6,1.2069642123032498,rain,van,4,57.97564811315919,5.736380037503749,2.473276410520054
24.21285276784384,26.731520740460713,11,3,4.069553570911667,rain,van,6,60.65034847887324,6.583104596743364,2.616101883480252
54.51333115326195,25.37745088549481,14,5,2.375868291706689,rain,van,2,65.36245903347107,1.248819902124699,2.7641218032712103
17.67499500933219,46.72762166244945,14,0,2.685367778880646,clear,van,3,75.05687933363576,6.684471600912498,2.3608237935964556
7.705831654976048,40.70954703149059,11,3,3.5126708900733594,clear,van,9,89.08851265394179,14.2604312005159,2.98812182263401
8.974980618820316,11.961712659365336,17,4,6.194240769961033,clear,bike,5,71.7633392412552,3.4714401002002813,1.9490470823223829
17.716528277468523,37.29550845235512,10,6,4.310213272715861,clear,truck,4,61.437088584486844,3.0281798555459845,2.852732785005052
9.981686095093822,44.680293181131326,16,4,5.618450904980637,clear,truck,5,68.55053937767869,8.139224045961734,2.951216988878481
37.643850687143136,47.148592744433884,10,4,6.719672475840481,clear,van,4,77.80987495917243,2.8417485747528377,3.635463672786634
18.678730462786206,28.934767665863188,21,2,3.8675604214383053,clear,van,9,75.05275037510982,1.4935563766367672,3.5313029669451548
181.21519360685838,27.7913605768473,16,6,2.4949215838467893,clear,van,2,66.26884262962164,3.949723872947686,5.658212846054251
6.751929554027997,22.367100150434926,14,2,2.5052032682228176,clear,truck,1,53.19583802869801,7.154445159245882,1.2187282056799271
31.909588449099,24.181311632492633,12,1,2.2912639732368394,clear,van,2,86.15541620434328,4.085287123284693,2.012192188310554
10.997165757563957,70.3987207825194,18,5,5.883696290182433,clear,truck,4,66.07242239319703,3.4884873744534812,3.2490736865490146
18.270339045088882,24.798095969893073,12,6,1.240243001160175,clear,van,3,73.68046594804335,5.984697231490296,1.711856685198341
30.36029225116901,12.807813238727158,18,5,5.409214641527123,clear,bike,4,59.85001613108101,2.2307363036331798,3.281198323851163
4.219442034952282,29.383986598747292,8,1,6.133823381602622,storm,van,5,59.466178551232765,4.694805826737961,1.9176073280357155
32.76827734996416,39.66315822285408,19,5,6.004838802844433,clear,van,5,77.46058075413157,0.7928013569995991,2.6579655853509343
124.25376543374773,45.82009650196659,21,2,6.2842398251345735,clear,van,3,51.003708066564464,5.763733511876682,6.361444746734461
18.863887146648292,9.654399391157805,9,1,7.475408110621999,rain,bike,4,52.54748037222088,8.499704149863872,2.383979335931244
33.376307281765406,61.0311303803933,9,6,4.6786481464605885,clear,van,5,92.63065080962991,10.533516204030297,3.281442748786622
61.55538597572771,38.63151368847474,21,6,2.201113658640724,clear,van,5,82.39257863091495,7.5585276487700686,3.385081129872952
23.779817101964298,58.744069963880015,12,2,3.0040549959371416,clear,van,9,76.251728398643,6.5111012200507155,4.507539723548007
17.034349242414365,6.62299313726575,17,0,5.922399320545419,clear,van,7,53.912449282278274,4.049169289826618,2.49166434662441
4.3903584578507555,48.37957709653546,9,1,8.065185324091473,clear,van,7,73.30950000731247,6.760310381754194,2.9266307785532706
45.27670109277916,9.232826070927494,12,3,2.9110089557786134,clear,bike,6,68.89485841484581,4.417039607609115,4.3483168889163455
24.765839700700948,18.656763208350167,17,0,4.653876748571566,clear,van,3,63.36570746840868,1.6434393302534147,2.08186750990434
12.059502265012028,39.5136750852553,20,1,5.424350228422774,clear,van,3,68.6555185173017,8.761987532440886,1.9534971277655317
30.00239969277029,8.415720223681287,12,1,2.1452922402049586,clear,truck,8,48.53642634081926,0.7936545652763506,3.8022930799846315
16.997320509669166,14.959652133845099,7,6,3.5980787192960824,clear,bike,6,38.95964427719481,3.091324332658953,3.00416453859826
17.76551280539966,6.501667648980704,12,2,1.8433159411316646,clear,van,6,74.45432875924057,2.453398411908222,1.9305627566488865
44.03712045209421,38.7874950510098,16,2,4.409375713830384,clear,van,7,72.4238663609693,4.491496450335343,3.4870877470654764
9.293303350455664,11.788191368521272,20,2,5.170969810186868,clear,bike,9,73.77814697702055,7.377652501921715,3.0909020583683655
62.66808011029566,23.61940624836484,19,0,7.7778752865803265,clear,van,4,81.54390966683242,6.34852412835913,3.741598873243237
8.862696551576331,31.449265306276743,18,3,8.068947813989219,clear,van,4,77.67335249112502,1.0700455932361759,1.9558319364871255
15.95606285515786,29.14072982212225,8,6,5.97215806152973,rain,truck,7,92.27165566560657,1.672615394526335,4.430357721031745
126.26172754075645,27.240963601729966,14,5,2.0228213008343796,clear,van,5,87.69157820101344,6.542708433671864,4.514351725573902
66.81207377293154,27.202018750005585,15,1,2.2543286437119407,storm,truck,6,70.87697443192276,15.0,5.3396356932480025
29.314526964669348,6.942568147247762,13,0,3.393565945923739,clear,bike,6,72.37325723181041,2.830078855805022,3.326777279110678
12.776094755935754,19.47697013203794,20,5,4.845369304759201,rain,van,4,73.36854930704543,1.5396485614800652,1.8522729607143353
17.75349068044644,27.023267178684726,21,5,4.048476067535572,clear,van,5,46.99279881870464,3.294825708670103,2.1269545896112905
28.749496431634583,24.89948959930993,9,6,5.109687674654084,clear,van,9,83.80001816482046,1.3710144036357554,3.510224508060649
27.93886096649578,21.27077993437201,21,4,4.359650924231949,rain,van,6,78.78013647157708,3.8093373944250986,3.2768623285197203
25.211576054919,13.207974918464473,19,3,7.131912603735207,storm,bike,7,45.136906783939764,4.551924928311362,4.142359166416664
26.452058694943215,28.681134599746702,17,5,5.249722361340994,rain,van,3,93.24332939811102,8.434599261433801,2.4051596647998394
22.83969228898742,32.63399738054583,12,4,3.328580361141556,clear,van,1,63.578050192825486,6.014239361536672,1.5281865916713524
8.554153987784732,16.63604652506837,18,5,5.822502200724875,clear,van,6,68.13651662575957,7.198901641443767,2.210291789606701
17.93566890344731,46.037508000967215,15,1,2.466910247603227,clear,van,5,67.8491592448061,3.7840177223208644,2.830888560019816
56.35659348807348,61.881469415120975,20,6,5.277366308496609,clear,van,8,67.42190537717215,12.189678341664807,4.553586895612659
9.073268490116382,23.97442557881205,17,0,5.579880220343202,clear,van,7,100.0,1.3757390295773542,2.71299462734551
23.297722074946247,12.192277926301124,21,0,3.0726733664496306,clear,bike,8,66.0829840750517,3.896779028980187,3.36865601389755
14.072138603522998,8.318198180204096,12,4,2.9680750197316503,clear,bike,3,65.13336438644751,3.79501456760025,1.7535367779253774
29.638682326495534,18.44376653096589,7,4,3.969403719455917,storm,van,4,70.29210413510508,2.551655230591091,2.782148677661829
19.867663397237223,22.665233426806296,13,3,2.0960743632047496,clear,van,3,57.274227213810754,9.403620786973423,1.7530094318157832
88.40379795209839,7.906715023473817,21,6,3.8464789847194063,clear,van,3,74.37766670939696,0.37828928670819717,3.7538286571521735
40.66088294766705,17.999891977820386,16,6,3.9582975928751476,clear,van,5,57.682535325775106,1.905798797060756,2.495765655033853
9.493026414105808,44.408853025023696,17,5,4.863112883791867,clear,van,6,77.51186599314013,4.543438846085263,2.389926649449356
46.385291214558954,2.6994971895351942,16,1,3.388986114431561,clear,bike,10,54.3556685710214,3.4266892691895756,4.2870505581478096
14.589156028739076,25.114207482847657,15,0,2.39684714057565,rain,van,3,61.19219268144522,3.98070038013545,1.5502565564430286
17.088451814746772,14.884715142496333,6,0,3.144647560757751,clear,bike,3,54.926038865188985,2.0562057010326202,2.103462903678705
34.850072449014185,23.201351749369344,12,4,2.794640015766647,clear,van,4,62.019161475898024,2.8775771342625456,2.3670121554764973
18.294529197857585,64.0932199964718,7,4,3.61575396814588,clear,van,6,43.200782250541394,8.168689610364858,2.83576333906137
55.383662694890454,22.385209025427468,11,5,2.617755285408146,clear,truck,3,33.32157736951609,6.318502775799336,3.6459879466754463
14.590811055176818,19.98729885440112,17,0,6.734151244531774,clear,van,8,65.16891827351044,4.166191743960371,3.0810061823522115
16.5244773586909,37.07245357015963,18,1,7.595605101981003,clear,van,5,46.960076376401545,6.9881119981176685,2.131454896299595
16.03707589744454,28.96632756035273,9,2,7.6021787875054585,clear,van,6,96.00749790806478,7.941302497861316,2.4735544894394224
17.24442669824873,25.194152366262266,16,4,4.9905902766143715,clear,van,4,64.61505837811985,13.534937527723661,1.8520800797883321
65.32359115297989,29.72508027713497,9,0,6.749733564259602,clear,van,6,80.6287733316743,6.743732877142709,4.178380948929085
44.83714991150475,52.76801215823461,9,5,6.359722279459078,clear,truck,5,74.63656400569432,7.728010021093403,3.930043188921667
106.47978588201106,42.47137850788279,21,0,4.397756119887565,clear,van,5,54.05980558446868,2.3854056340851866,4.918981060886163
166.3535533828968,18.934466551801385,15,3,3.1219231731797987,clear,van,6,63.69035143256818,5.675910401357123,6.4859440058741455
11.886774249655879,61.85443692125722,9,6,3.8490050155006337,clear,van,5,81.11008941611954,4.390976062031297,2.7804398617500756
28.683880268687552,15.638909419146184,8,1,5.226950220895438,rain,van,2,80.13270111544747,7.880189334850374,1.7145552678504314
10.580786337518997,25.116752335506742,6,4,1.9433209252834873,clear,truck,2,82.99561316973387,7.60837600983307,1.6275220467057294
14.554718808904532,27.275297947337243,13,3,1.9442380984343566,clear,van,6,60.1531983081327,7.440052908558225,2.362822188605866
16.37791845328064,18.23597918691021,7,5,3.3359299747245137,clear,van,4,78.76197133731557,9.087294443779566,1.8901276610491136
11.638005754467576,57.48234831950839,15,4,3.031916843145346,clear,van,5,60.92680141352345,6.028229248924463,2.310967298265262
11.687152735248446,17.525284591828015,12,5,2.377011865441531,clear,van,3,85.16324426546976,2.5429665644793222,1.6625309344125818
24.15695903006752,21.069328037108903,16,2,3.739165965650586,clear,van,5,84.70000610972343,6.429486311640952,2.2929515470202344
10.24331466811828,46.7491218332647,9,1,7.55309573550762,clear,van,6,49.3893466674829,7.807843022562392,2.3659946848085665
53.18102008169977,16.113522077374096,8,4,7.451118014395475,clear,van,3,74.13936895245149,7.973968861581547,2.8854079700374697
13.011026237288888,7.597859378460238,7,6,2.96178925864219,clear,bike,2,53.56922247998261,3.143810121883799,1.5264587993269516
256.63508575008075,25.650200958783053,7,3,3.5246269268049453,clear,van,2,82.41796230737742,0.8063452535011072,9.098994794087236
18.894907460585372,9.857682189798242,7,5,2.696183709472793,rain,bike,5,53.07631009342946,10.174893044413551,2.7281474800583734
28.720585013794068,8.892070399097406,10,6,4.871392895569667,clear,bike,7,74.8386681397445,2.935475684235339,3.420099939852258
9.618872484231352,2.7781787753965337,18,4,7.352316538740244,clear,bike,5,81.08096508466504,3.8740286378262456,1.7624136981998413
106.15214619985085,3.2617837324198478,15,5,1.0,clear,van,3,71.00891898250899,3.39864443295976,3.4144819443492778
66.39359192305295,3.5637575333585794,10,3,4.838371794970254,clear,van,4,82.92447655183501,4.9256967586565885,2.503731151839832
34.38198366750825,67.28022638987697,20,5,5.808063845299396,clear,van,3,74.39821759946878,3.4384239648345774,2.978820693159334
9.230913007173594,3.547391245719809,18,2,8.798362258529348,clear,bike,6,93.49938177452623,4.636940316466634,2.2036222589302543
32.08964852201385,9.63454275877764,18,3,9.052838696797027,clear,bike,9,53.4752563448596,2.3600244694005843,4.45935942723445
11.054694321059074,21.341984749099094,20,0,6.4209332181803,clear,van,3,64.24067399698522,9.419864646440573,1.6328562071613915
87.3466086320864,35.936218400090794,17,1,5.447168589963983,clear,van,2,41.2052724369742,6.186230621116464,3.780558928652195
51.79821998662999,38.5364937410681,21,4,3.9366153969922726,clear,truck,2,65.55107934734589,4.609680629169194,3.408883797537031
29.26379922453084,12.198863121123296,11,5,2.052154366092366,clear,bike,3,52.195008799001,0.5648090904529662,2.626276706097353
3.8608967278166464,24.77771433339491,19,0,6.549013359763984,clear,van,4,49.197175932569365,2.0487630150512675,1.4243909703817594
12.345198685431527,20.86865756075138,7,0,4.259771629202046,rain,truck,3,46.66843721664429,6.968221868117464,2.0045859216491024
47.00288135610024,23.74066764490369,10,0,6.434982532457205,storm,van,8,62.903700707542654,2.28075487517213,4.453898562907418
71.54359279665262,26.137733706905554,20,3,7.806588511737793,storm,van,10,73.80819836592791,5.806512244047132,6.489556088102233
65.84713038566862,31.37375201853918,8,2,5.937212398605405,clear,van,6,77.1705331022403,3.5148911667713962,4.378492014002605
7.5866460128810145,14.65748978241866,14,0,1.1966833537933275,clear,bike,2,85.02904597382486,4.614863918106387,1.218440583613234
34.509748365745,17.631319607330415,11,5,3.1477281670722186,rain,van,1,84.16314336475929,3.614599439345702,1.7741993695498781
61.09390906185427,89.42387306159047,7,3,3.829594101461143,clear,truck,5,53.069998851123266,3.83829025050292,5.317542415612133
7.194605776567511,15.401305410654468,9,0,6.6070200230489915,clear,van,6,58.861080835135674,6.843218696887491,1.935015984324363
26.94173005396365,25.104254860600264,14,4,2.5579508564177083,rain,van,5,72.89215408528949,6.985624915644572,2.925179622636908
33.75315581736189,21.013013258583754,16,6,2.4581192876459963,clear,van,6,73.12783242257314,4.9174487804581135,2.792929981871753
21.314515769314834,24.381757927778168,16,2,4.3916987849242926,rain,van,8,90.70137000547835,7.0900922992593465,2.8721870989993374
6.161193542516654,47.587859865840045,8,6,5.324200420218945,storm,van,9,65.68089825146932,1.5694871680800433,3.90118431322381
20.893571166034796,20.102482858799256,11,2,5.192370808780876,storm,van,1,81.51437849452478,4.322798279317969,1.7932529301590103
20.866722304745227,8.549572160244054,7,0,4.303862139980615,clear,bike,3,67.85698163155283,3.2127431842773744,2.1950816640821382
24.083864088581574,14.440495222969131,6,0,3.511172776800861,clear,bike,4,75.36614515387876,3.132142492434691,3.00956045331646
17.274352027010096,20.13718531718892,12,0,2.3304010527657857,clear,van,3,75.82505968690293,2.9040599879065283,1.7497784242566938
19.021887263533717,26.760089212922427,15,2,2.6642843638491867,clear,van,8,69.66531297185185,8.733983527684542,2.8978900536379695
26.264940108421964,12.248347404325987,11,2,5.134858225567819,clear,bike,3,55.35989657640245,1.9846035731160998,2.3240553330433267
38.62747009975137,13.419631744874405,6,3,1.5794088764143868,clear,bike,3,74.15010037829796,2.9165345965482343,2.488774289735503
21.252161114699813,27.47283483821671,9,3,6.677493122691274,clear,truck,5,79.64799686920702,4.895711324953058,3.4005783087025545
19.536428623316077,28.164928757634566,12,6,3.051171353389302,clear,van,5,71.60502591881401,3.034706224528203,2.4169127476026175
29.191665212575064,43.13431575793363,11,0,3.8876912207932968,storm,van,4,30.0,3.0031005945935108,2.8590966672972855
5.831459192092378,14.292321901981186,19,6,5.989859935621048,rain,bike,6,67.35098257790632,3.3260864366329823,2.172265143008948
39.710995011561,33.571490536051485,15,1,2.695450889859357,clear,van,9,80.1779523205313,6.272206530655285,3.942031233763031
27.100428032053244,21.04309592051403,21,6,3.523344072932211,clear,van,7,55.30297761365836,9.056832683640373,2.9311686356202102
27.987411541536808,16.01838923240299,8,0,6.872554333089595,clear,van,6,85.99039375876748,6.931515372216015,2.5772740193013495
58.47430611668853,21.570156163215017,11,0,4.795965807253877,clear,van,5,60.80920176825053,12.924101485304615,3.305915191059846
5.684525031036756,23.881039452912123,7,0,4.064727253951033,clear,van,4,65.20381264749841,11.38601263549523,1.7252617010092899
5.5897407247401745,7.7061249511442895,6,2,3.550587270378076,rain,bike,5,73.09251184930966,1.0241892221178508,1.7482960450261211
33.752114805489384,8.29432547802647,20,6,5.265346104389229,rain,van,9,56.18057578325328,8.848846071012945,2.862149599647269
26.95871214759976,36.80795648721657,13,3,2.8864580106138775,clear,van,7,83.678035440923,11.165842835204868,2.9313760232773043
31.066856842784155,17.292071365870825,16,1,3.4644260593891243,rain,van,3,88.9646519137655,6.105497867699882,1.9728464754736095
18.73321852889663,26.901255458807267,10,4,7.394615479678041,storm,van,4,53.49849624365267,3.8699034894585544,2.6892569308306573
46.130896859977085,36.05907241336547,6,3,2.852846859701782,rain,van,5,67.21727140655794,2.303324050629956,3.1543988967230217
57.17467607504323,21.667472020756968,20,4,4.041242189302547,storm,van,8,98.39956866978976,6.595131174860907,4.358869607331623
39.93231257642236,34.00140295722656,16,5,4.757319049706304,clear,van,8,86.49115212845999,1.6560399703202642,3.6798001604034445
22.00648611413751,23.993792357412694,17,5,4.995958342030156,rain,van,3,45.79742250455067,4.740089715010548,2.124381722966328
5.022101591934785,24.82674407111738,14,1,1.966556033516694,storm,van,5,87.50548224992843,15.0,2.1209196286567877
50.168581610476245,50.204423887701665,12,3,2.2009714328609022,clear,truck,6,30.0,1.3941983209741988,4.09760273445506
72.05162910699894,19.93377967905605,12,4,3.037119379838156,clear,van,11,79.21950469041214,4.829024408958387,4.769208177906839
45.40611236553858,37.099173940316376,18,3,7.0622158912808155,clear,van,5,57.1482127862953,7.979245511480098,3.297341490421163
13.413827234539793,6.4253069292116045,9,6,5.138479121453614,clear,van,3,76.89912458767128,5.228122407996704,1.5689532195005826
46.48062294728727,26.206799009498223,11,6,2.802961991026894,rain,van,8,73.70295069705969,6.661362945193665,3.244198347391605
53.96975334355614,58.77412255605182,10,5,4.569220999383483,clear,van,4,72.0078088315423,1.424870574341532,3.396975874684378
94.35393697030855,93.58047944607371,14,1,1.8707846026523198,rain,truck,7,78.7852220785906,12.639343578383196,8.635767593514624
13.451788357846153,6.7603198132543225,21,3,4.969279621641908,rain,van,5,62.560376373975224,5.10709452812602,2.072266977578289
22.620042111166484,17.223924725040714,20,5,5.2087615775636,clear,van,7,61.01663654928586,1.7143580619500312,2.4478539448447667
49.294752780662,10.05875351340412,14,1,2.597380593113235,clear,bike,8,83.95830602758147,7.733946550335803,5.812724577400776
28.386908118814294,20.542051590429175,9,4,7.488487135301579,rain,van,7,70.08562395749631,12.450234206395281,3.2926282237342144
11.091043806612655,41.28587181319452,21,1,4.212552900185457,clear,van,4,61.45634641844278,3.6104328807170285,2.132506150699954
37.77671955194476,51.40617571786707,11,0,3.240333129296247,storm,van,8,67.32884290603278,4.191036935538703,4.918910776736228
43.07441955269876,52.51449513780752,11,1,5.500718576096811,rain,van,4,66.02869040879209,8.89132203569438,3.188344891999066
29.08929732666996,6.1603989575213856,20,6,5.73393945742897,clear,bike,5,64.81218482861065,7.4959777092392725,2.9485030709054465
32.31940881091008,23.500221055314544,10,6,6.09328024549374,clear,van,7,76.64675611288034,2.549308396540909,3.2684749051012254
22.043885870360572,14.054593902202189,13,5,2.5869602378549295,rain,truck,4,56.94610713729756,0.7908211439067132,2.6132408589156384
88.46642916431628,19.642757154212614,20,1,5.871592544064414,rain,van,2,92.81128522222852,12.607012964059257,4.0782221225461734
13.189832307371375,15.721595920600283,11,5,1.3668821234131519,clear,van,6,73.3576179030241,3.345402414515611,2.186696085443386
16.947890804805777,6.485728937142456,15,1,1.9244394426903702,storm,bike,6,42.45774861542588,1.9027648641017578,2.7549424148054023
27.35196604210335,51.7402901852396,6,0,3.185894053752029,clear,van,5,74.12589134611964,2.6922424679117847,3.102486914310412
54.77112955335319,12.353063040599428,21,1,4.205629980848818,clear,truck,5,56.0450635739942,10.133388325391397,3.7621347010785073
8.183348868194873,14.273948316719425,12,0,2.349637997878066,clear,bike,5,69.58722325050206,0.24146257851949787,2.000281248595954
9.504473668043316,59.00652336090599,16,4,2.2906788373424454,rain,van,4,67.7128947443221,8.748946417092366,2.3376816963436124
5.311196788793221,5.3767532276724666,14,4,2.2724493910423833,storm,bike,7,80.1667195250899,6.1244101956587205,2.1465761438933693
27.831157881908336,31.056179453907543,12,0,1.8200950448088205,clear,van,2,79.99577107826082,3.7708855857035424,1.7311426039665747
11.082367660199095,45.231556328978854,12,0,2.106011820397924,clear,van,2,73.32053408107717,4.871315970993797,1.9634373425443774
19.932666369122465,55.95194591984961,6,3,3.356759693903149,clear,van,3,98.64399219808764,7.198383698531475,2.7017592247267017
46.02121804154793,29.57568874809301,10,0,5.180459729664383,rain,van,3,59.128001533774984,3.4816278084550367,3.2422412395446347
16.228449165279056,37.56744394107785,12,5,1.4014628637099755,rain,van,5,90.48495542558503,2.6907202908893937,2.3073801302768655
32.62326284825344,45.21521885352141,11,2,4.205044854523401,clear,van,8,90.90100788435903,6.937011633685303,3.6251541073969302
21.33885680254182,20.786912622368675,10,2,6.701662966222238,rain,van,4,75.06007347893149,5.246771048183432,2.2574340715778844
46.41819203334572,10.895969280199902,16,0,3.964956922338086,clear,bike,5,76.88154631580979,10.546902259211326,3.926497773172435
39.650456207497356,61.942301592898936,19,4,8.94669927541589,rain,van,4,84.26079698729218,10.000696373288918,3.5504525056661302
15.587246425456742,34.83600327011507,20,5,3.9689763913853113,rain,van,3,65.26318899905326,3.7802576392164813,2.2856857178674352
23.690605976841013,23.479998774146104,21,5,2.2663781725676877,clear,van,2,62.408004044692866,4.448093805306014,1.782513112750083
62.48926101234003,6.8287579536165905,16,3,3.0556928400353174,storm,van,7,63.189339882565946,9.626920803345548,4.170319275002873
37.14025776284604,2.093973174078008,12,1,1.3637708734823164,clear,bike,5,74.38638662242127,8.050136749022252,3.061368331062383
8.867832059805549,30.630100581734823,16,0,4.556360810791616,storm,van,4,62.9636514491483,6.266366720568591,1.9459550031783233
45.80963540142254,1.9138010107267927,8,2,5.221455804042864,clear,bike,4,59.16691196514467,8.974341149688977,3.391722561930954
11.385168528111778,23.291040843181168,19,3,6.6447730603181885,rain,van,7,54.46267568724987,1.539399145674877,2.1205220772076965
83.93229449913383,12.846945244122239,14,0,2.586788558546293,clear,truck,6,55.24257323015213,6.220785194654489,5.21262602743291
61.51487846866772,15.68998596098496,8,0,6.662846657306776,clear,van,5,60.40443988148065,2.400742323851073,3.6620160255100958
34.1891513150187,52.892729672643924,12,1,3.5262046025429807,storm,van,8,60.746303839112414,7.659767929127261,4.578729080378326
30.74681079065962,12.950903078970814,10,0,6.70400086466741,clear,bike,5,71.60916514949646,6.156271032163973,3.5777048882191047
22.93752452853323,24.16646556616596,11,0,3.3220978197612343,clear,van,6,58.35641637811253,8.731252821733086,2.5104432031726387
46.65682230682798,13.010269882532203,6,3,2.8975491879452036,rain,bike,4,77.37521538749222,10.152069256690758,3.865367403807563
20.15348979932491,28.636482009620586,6,5,2.538838395022291,clear,van,12,99.51671099773077,1.7984333991737762,3.78178007254948
32.73536187494858,25.794163235853127,11,3,3.6766739965240314,clear,truck,4,88.74307155049901,6.281104782995374,2.7518948934753626
54.46441176381052,23.302931560622778,10,0,6.135574976055363,storm,van,6,54.0845787562382,3.117605829801766,4.126683891780388
17.297375160738017,45.32767190820941,21,2,3.285733732348672,clear,truck,4,65.51272065445315,7.198412005033099,2.5514700543351387
16.560921739524808,5.3906391339481665,10,0,5.501693152056229,clear,bike,3,50.940009481920136,3.0248471753217983,1.9130239084545735
10.428136809470644,3.9709100062767066,11,4,4.354010437065772,clear,bike,10,72.92606562769768,3.191208240715905,3.2818817730210927
11.570072450334365,8.095708753015888,20,1,7.445923790634555,rain,bike,3,73.79503830783197,5.1004234118400475,1.9841345092863205
6.2794585012497715,25.88983918206003,19,2,8.694078642055034,clear,van,6,72.60945294477894,1.7351105511895106,1.9819380268401643
48.61164110883933,32.18780700036498,6,6,2.670027915295807,clear,truck,3,54.259270637590035,2.4280013828591662,3.4980582106444302
115.25322148875811,0.6322125551814023,7,4,4.119321491771685,clear,van,8,60.25728630213014,6.638494462684398,5.223107403782954
84.79725354024363,31.89079496090129,7,5,3.1842647582212362,clear,van,7,84.33683385374786,11.637722103092996,4.728538195975855
7.382648201209484,17.566015200151327,13,2,1.0410819132470908,clear,van,5,75.9530179587531,1.0440257524365009,1.9059775661021807
48.41858546595338,62.994026582848235,15,6,1.657768039378449,rain,van,5,56.97875284756983,2.8856525724100206,3.293547255708484
84.57892143379402,30.260727615169706,11,5,2.6029805904012915,clear,van,8,50.74089126483826,5.884906777487007,4.691052011084925
18.813073280165476,58.23907777868338,6,3,3.136483868817959,clear,van,2,68.9087370156357,1.2654342854603022,2.4914090415592396
29.404800535038298,51.145815889006975,9,4,7.7559635816764105,storm,truck,1,68.16159104530075,3.8703542022945903,2.940465430393801
5.43949137555591,17.57344997002444,15,4,3.4969753187337367,clear,van,6,50.706420898084794,5.480444757847779,1.8117823803266753
33.56181406040131,41.408320039301074,11,1,5.002713743051144,storm,van,4,65.37597329034683,4.576505092411562,2.7854131989498865
11.57852647283877,17.543235984696075,7,1,4.113367501973048,rain,van,6,62.73100967701626,3.3370152471264047,2.1406211960545205
31.80768776959382,68.18468983548664,16,4,3.500777492588414,clear,van,4,61.18988334501442,1.5498181607823147,2.812720722315493
7.775965747501172,18.88945981106932,15,3,2.867770266033161,clear,van,4,63.5804052313498,15.0,1.4984955146767203
41.85815244771178,33.2793282859418,13,5,1.1794598287397862,clear,van,5,74.11471099194534,2.7903560041439173,3.013357925216047
61.53524747685641,76.61544417457696,21,3,4.813316309722896,clear,truck,4,71.34336618214353,7.519767501402696,5.2568348058195795
14.489961663789245,34.315499439015596,19,0,7.485657028919649,clear,truck,4,88.82829692208715,6.731802898435486,2.2933182479472367
10.918536431026686,16.121720145725554,6,4,2.597851122597877,clear,van,3,72.96726231579567,3.8977352948349173,1.4070826385456716
4.831618795980166,7.220632451240277,20,4,6.794787450893666,clear,bike,4,82.07218272846114,3.382951136110811,1.5250743315584305
21.908379139149787,5.442383697934788,6,2,2.0838009847121866,rain,bike,5,50.14702602208428,1.6476537707769958,2.639543199960263
17.0257150741955,31.777265428121645,13,5,2.53051076974357,clear,van,7,72.27719001470119,8.263212468533156,2.926693020536457
7.839573795937673,21.564939238273894,20,2,5.161812585589108,clear,van,8,64.4137898809638,8.70728448796536,2.735210165798472
38.955306626409474,8.236703375344531,21,0,4.532269090669079,clear,bike,2,80.85837977801708,4.020719866499523,3.2361540718305424
18.916294519242115,38.39715863836096,6,0,2.6039572185273534,clear,van,5,73.81157938231158,2.9314337200132017,2.569815851258262
11.466287784131817,38.031230554447006,7,6,3.906322605740675,rain,van,3,93.62649051562755,2.241041014685516,1.9908191379996032
17.39777066807458,21.271819465314167,9,2,5.900506194996561,rain,van,3,56.02223980965535,4.2353636963579175,1.7732237465315408
63.88238326652169,59.93864501345543,10,2,4.779140394698622,clear,van,4,59.33044773621354,2.528945103793887,4.246086157044213
43.91911097170145,4.411001691119152,10,2,6.6038088016205005,clear,van,4,75.11834227677018,5.075052904042903,2.4280039200392753
24.43408663870335,16.626360106058783,12,5,1.835676594769179,clear,van,3,68.05347388910342,5.569628334819775,1.6553165814503712
44.49087067576993,34.185514066167,11,4,3.983938909580741,rain,van,7,55.846714986071845,5.598222406181759,3.8880425767807525
10.710991260985598,9.168527345244291,15,6,1.7983739377627428,clear,bike,4,75.59897401611134,2.299168011167147,1.9112830071575515
27.823919949624003,41.04328172243716,19,6,6.948589864979841,rain,van,2,62.5709634583752,2.4733799886484937,2.441245265077774
30.504001276101732,49.478854301876595,14,6,2.0657339302782782,clear,van,7,76.75809491109801,3.9837201437714613,3.6254894905729462
18.6180360911531,1.2135341454031616,11,2,4.24911186304094,clear,bike,5,44.50163767647891,8.141719431158668,2.2290362699485526
38.41187546812172,61.28176381907186,15,4,1.9720202085726777,clear,truck,5,65.59906239136264,5.58113759855027,3.9038910220057503
14.521832930090788,32.74065710289862,15,2,3.3089210256760886,clear,truck,7,72.35378596082529,2.1666838722792123,3.515321865491655
40.76633287855176,15.06850915859047,20,4,5.446119332150816,clear,van,7,72.5396557205361,5.687214683529274,3.058991018014544
42.16063716855436,5.951954761519016,21,5,2.902780230909395,clear,bike,3,80.48544462781643,0.10820883934653992,3.497578721249139
3.0,44.85114144049645,10,1,4.9114951611034705,clear,van,6,66.33295753410505,7.0476271340719086,2.35246240008493
70.26294507780372,7.828733024490793,20,6,4.86667855405791,storm,van,5,76.71462820903824,8.95026266387549,4.223821837119351
3.0,32.697792935919225,19,2,8.62450555945141,clear,van,3,68.95809840286287,3.219410206868134,1.5717807856374637
16.562825883786914,8.146947676042812,8,6,4.984305798973906,rain,bike,5,80.9993965634713,4.74485503182996,2.742737813940193
61.576384430893796,22.894177349870635,14,5,1.472904236753044,clear,van,9,46.93387946999939,2.4131281550564143,3.4336682785913255
21.03464036253768,43.498135273489105,8,0,6.091004314035153,clear,van,5,30.935309722555672,1.952822223218054,2.352904234569048
8.390089719324365,15.236110175636083,13,2,2.282053054064586,clear,van,6,88.80495980590396,7.962999557318332,2.22968363882047
11.302346405042199,61.005000525217035,6,2,2.7295313635266334,clear,van,7,61.471885330584136,2.4948694601548342,3.2153230519987153
61.65316688439137,34.74730118729859,10,5,4.944886178553132,rain,van,3,44.449399889418686,4.642844762750157,3.3876360213846017
5.828713899286426,9.196848080737222,15,5,1.4941777833340322,clear,bike,7,67.58849057697824,6.337234373952613,2.1944258943647967
66.89959282344941,6.453439620067575,10,0,6.089003980955759,clear,van,3,62.22120407722377,5.0953832902139915,3.230590016578663
25.943427986797275,11.672596223503897,6,5,1.0,clear,truck,3,75.5361017739031,1.4927640184571878,2.4166699141509396
10.444585766173118,22.06513273259063,12,1,3.1460167717338443,rain,truck,3,77.38368321824275,4.058654708645777,1.8697808529406466
17.005008905498524,64.88012131073857,14,2,1.400751848909504,rain,van,5,63.73829368261791,6.928184701812377,3.201435446083312
12.015776890147793,73.11814148311782,18,1,8.71500529055778,clear,truck,4,83.93455619882086,4.089625773864849,3.4914810312518787
54.21622189857294,14.753624948993748,8,1,4.047498248624759,rain,truck,7,51.83610967919613,4.218596013121415,4.406516964095305
48.71282039025101,14.367325999312474,13,3,3.5387018303785838,clear,bike,4,34.742338490081664,7.5916300799533385,3.548429270767467
6.852894329579601,38.91687483643829,9,0,5.688628823065417,clear,van,3,72.2142001529612,6.559107448844449,1.960540564503902
19.631321082523552,38.69481229822281,8,0,5.043739556244497,clear,van,12,66.13067453708994,3.265273518695793,4.621067642907861
13.591593411662668,54.61529965780413,7,5,3.483694798954292,clear,truck,3,41.5820329265911,10.260499119346822,2.342091071633252
76.31030397889245,55.59781003919159,18,2,8.267899013970311,clear,van,6,79.1398557146868,2.5800289403498597,5.815803259869531
9.206600804119761,10.956576387639588,20,4,6.013181325943958,rain,van,3,44.52462829542129,3.147907130008263,1.4055911129543335
97.84487180668059,5.187805741357652,16,6,4.143782152737116,storm,van,10,68.31299287327012,4.599803697109467,6.531044113486477
26.400005233382853,35.11029595556592,12,0,2.0482744828058137,clear,van,6,81.50410866189675,6.348496017257849,2.895607671266807
10.702233680794157,26.92966707542066,21,5,3.1098690956287816,clear,van,4,73.85201802986398,9.354494298490389,1.6572838023510559
15.771123681195723,2.6567952220715036,13,0,1.9574995223713152,clear,bike,7,73.00694235002044,3.2260660532340366,2.530587164568671
14.277786349960872,5.052776831783158,14,5,1.3956442754076466,clear,bike,4,62.88693551713672,4.705007334237262,1.7652348743128596
9.779665474375067,33.91137032252495,16,2,2.7397787791505444,clear,van,5,72.52744697328048,10.279140219328454,2.3425588139866615
29.249470992397026,20.576473273681536,16,0,4.267387985456727,clear,van,3,77.62816619078957,7.918695928434206,2.100818310886869
10.151967808408662,34.465420361584826,13,1,2.107156153395027,clear,van,4,60.331117617958114,5.74871633944036,1.8875997103623758
4.738435571438927,8.613247612606006,13,2,3.0617080873254827,rain,bike,4,53.03729829474614,5.09185973122342,1.6405355279548084
20.010533768382675,36.261073674186605,11,5,2.216508941513129,clear,van,5,81.82449232736639,1.352604157150029,2.2538092724785
6.409075564757623,29.440269291974136,16,4,3.77559577940777,clear,van,4,97.77558489135771,6.286495264215949,1.747559205735001
14.854031435536806,38.166617420241565,16,5,4.392490291349654,rain,van,4,92.42078404796325,3.4045370777853337,2.6191288321272284
13.101381584572662,15.650690232076979,12,0,2.920148974038143,clear,van,6,30.603918469449347,8.539111584717427,2.1625312388826563
13.504556437379478,12.94904443678038,17,6,5.431418145986724,clear,van,3,88.77085268965357,4.950900873874198,1.3716632701250144
134.39328731544515,5.941890664024956,8,3,6.366434158225827,clear,van,6,60.48534817523141,1.705471362717274,6.246099745688695
28.364241613917425,17.88127186481197,12,0,3.0518152029583048,clear,van,5,97.00991397923897,2.1726117685418904,2.252942042930212
32.99304584191791,48.04601421833149,21,6,4.88646264893256,rain,van,8,54.42185117470219,13.84240276833055,3.6539738963306836
6.546177967520786,57.27061021412495,17,5,5.06514692344588,clear,van,3,53.07587001217222,6.537084529752664,2.0579223358372283
16.067996410303575,7.89653367663273,17,0,5.430818374852842,clear,bike,3,69.24911927369996,3.140069078156188,1.972925127516478
32.20887719862158,22.052195202418435,19,3,8.283964940379876,clear,van,6,63.97453684516657,5.121622763036794,3.0132945625612293
11.945765566344699,65.52853560430977,15,6,1.872931927108367,clear,van,2,64.71935121312357,3.9657106793774957,1.9501420622669055
56.06155451365098,71.482343112692,16,4,4.19917205752889,rain,truck,4,84.146747921714,8.461362003646398,5.390585675511842
10.358865584593135,17.293343123859444,13,1,2.4953066777617874,rain,van,5,88.5489027242521,6.974153676137123,2.0466204493177917
21.56145201285042,50.971939417965686,19,4,7.115843499222479,clear,van,4,55.841929760856104,15.0,2.418066793568443
16.96510670651027,45.17806906255141,17,1,5.831657198071218,clear,van,8,94.60478605760066,5.572768129341907,3.4434752793308285
30.92164819699992,42.65457180987371,14,2,2.663630059294138,storm,van,5,51.540590666697696,1.9456369031348506,3.140078324853388
16.24212120890192,4.286899447157758,8,1,5.564771282586944,rain,bike,5,60.93386273466187,0.9989034606181274,2.4361799229119456
21.829998423467966,14.01179592377055,18,4,8.551635279222934,clear,bike,4,100.0,0.658528176666075,3.0154548779996997
22.44562968857741,20.227253176854834,11,6,2.456338395786139,clear,van,4,75.54534209956809,7.994320377140064,2.3110803807996714
15.066741938669066,19.769459330513342,11,0,3.264961091466051,clear,van,4,60.1443210034262,4.894800267231849,1.7081637913394374
39.96783856375961,21.867693531290712,7,4,5.5804061533561224,clear,van,4,73.9589492137809,3.9684407749436907,2.8664270305808492
32.80925695696219,76.69677748231764,9,1,5.775824211213387,clear,truck,2,80.58354825657372,2.315989098395697,3.805063308959402
25.257138882912447,17.78149382736538,8,5,4.78157658444473,clear,van,7,75.0603320666859,4.348937816095829,2.948392354083285
19.21388766073723,30.452418548094528,7,0,5.536748538802184,clear,van,5,89.20647914719595,6.940919404953664,2.6793220931318524
51.27663674758377,29.66474991831961,6,2,2.653803258066022,clear,van,5,57.021771245837115,4.0325719598507055,3.1411465388749695
22.450942712363254,22.08157945829904,10,1,7.08118982818279,clear,truck,4,60.19268351450489,8.826770460171575,2.744171635287002
21.213593303006256,8.397637295425978,18,6,6.74032151266853,clear,bike,9,56.64714751498231,11.946733598436673,3.5666755004352546
29.481177943787625,24.420230281075966,19,0,7.767165444009723,clear,van,7,57.54002883222934,5.1253891252698365,2.845616173099018
105.34802008403014,2.591203052967603,9,4,6.89548915531745,clear,van,4,70.63646871677095,3.779914435308582,4.282599623397314
9.27864045696207,32.70132703094643,12,0,1.0,rain,van,2,54.0439013418069,3.553673329370446,1.5615621443985832
50.19349890587408,2.040010023604915,19,4,7.517637623489273,clear,van,5,74.35971082521137,4.956279427280674,2.9393769576567337
5.962340295354392,30.605309020888228,17,5,5.177689201726582,storm,van,4,79.49124687207394,5.092801588503339,1.8809162319554167
32.25969204382697,13.381281145696134,20,5,5.177242061479499,rain,bike,3,51.660778478675894,5.587322883930132,3.3833594002972696
95.58981360076314,9.55658765614627,12,0,4.658204890733778,rain,van,7,60.54948504971379,1.3333932149442715,5.260854114334009
40.08229916685592,39.34193223268695,8,5,5.027716260562967,clear,van,4,62.34313585686678,5.448482825703605,3.117733641413134
31.07799656486468,16.131683122112406,8,2,6.507803516189278,clear,van,5,66.71042046358295,5.3680758638905255,2.5646964844801
17.3161644227427,23.463933734971864,17,4,7.171863530254954,rain,van,2,67.53058498044216,6.797673558289266,1.5705214501618783
27.794488909833465,4.461148179062214,6,6,2.573742182330585,clear,van,5,83.58010291770779,7.450660958451345,2.289519467575861
22.161349270364102,60.14213802268903,13,0,2.13032262296786,rain,van,8,84.69574144082142,9.20630394274049,3.4874240490137196
14.457578108368141,25.25012130352785,11,2,3.991630712163783,clear,van,2,57.87364129022369,5.7312647317796,1.6264604778689087
21.50100133177654,25.20266473782466,20,6,4.711388147936415,clear,van,5,80.37527834992311,7.4961931341068135,2.5115900187623104
31.775797925567996,33.21849630561081,21,0,4.642397139627282,clear,van,7,90.62393795927764,5.772295206424588,3.199294332986463
14.676188421713208,0.9649345092930904,13,1,2.062905299573309,clear,bike,5,88.14306073989385,9.098304588385842,2.113947788083574
14.224623944902799,64.22768237928608,15,3,3.4076656955378506,clear,van,5,73.07305913099485,4.4530923519828995,2.756410519941119
9.132187402057406,17.252163109207025,12,6,1.3411444597447697,storm,van,3,69.18486635811675,3.1879577127344993,1.4205008163225714
37.061549140892076,61.68573977592212,18,2,7.890405793157562,rain,van,10,48.94572736336009,4.815480494861547,4.924906477907576
41.94077942439116,16.756991675256227,10,2,7.245427150057486,clear,truck,6,63.803521827979615,10.352123600347165,4.12995201776005
32.63314061843307,13.72848850946934,17,5,4.812215599185776,clear,bike,9,47.59047881911031,3.338918139291569,4.37420295560035
58.682197073620266,31.597364494476736,20,0,7.714290968730221,clear,van,3,87.10177498379983,10.23266870482865,3.135069690004249
29.08708059141337,86.95402310606889,8,2,6.134624417417346,clear,truck,6,66.04375663536409,5.907118933500811,4.159887268881324
37.0996950496122,50.935692483083905,9,2,6.954798810770949,storm,van,6,68.70360468582176,7.951606499588635,4.049662097052836
34.572893166008086,34.170177425245704,12,2,2.7788126868537546,rain,van,7,60.73821336039937,6.252849649289205,3.070460298409094
25.19808461948601,31.235352037841096,19,4,7.523788356066534,clear,van,6,48.84561931824165,5.054504788376539,2.8396892492634476
17.731496783858653,24.24631429622495,16,1,2.7026767817783917,rain,van,9,80.6880156852839,3.1647271494489098,3.199329154811593
159.38490972295742,59.82796677696271,9,2,7.70414525106627,clear,van,7,77.53025410548189,15.0,8.280251424235024
18.886345792158085,40.0522497819576,11,6,4.999435005233936,storm,van,7,84.00384117054224,1.5754064920927584,3.5626305358675503
15.915569295613997,5.806029825616378,16,5,3.8140407269569536,clear,bike,7,43.71664217474088,8.656748604719638,2.8355983123337953
38.36738918304017,9.611780498697891,21,6,3.8626794221395824,clear,bike,3,89.78164704184402,1.1722043030667317,3.256111115675083
33.16461625857774,35.02171264636655,13,4,2.0530877279108153,rain,van,4,68.11573019103916,11.348302274612447,2.5100285142860845
8.812461170213197,8.07722895257486,7,4,4.981792739816378,clear,bike,8,81.66024958967175,6.945581560840535,2.7192037852000546
66.56258305322794,25.140884756338806,7,1,4.024144165984044,clear,van,4,30.466434135642665,2.5657049923680564,3.492840728059912
25.144629619276802,42.42295832009317,6,1,2.8904524949429566,clear,van,6,76.15313089046111,2.719369614031202,3.0966144655545778
11.147944418526242,31.762255317477248,8,3,4.751514085582824,clear,van,4,68.89732692767387,4.826894138751158,2.3106156452910795
70.17746804447626,6.86938255614455,12,2,2.2620443888151023,clear,van,9,66.68999983758978,1.0909123707953672,4.449997853574874
44.72535010339899,10.131125126005827,10,5,5.096901152890263,clear,bike,6,68.52578125528355,9.008505284588312,4.508470319045093
9.858819215683507,32.49374237840759,10,0,6.729542680598784,clear,van,7,61.05842852253522,2.9705413992921987,2.4111792706801096
112.36430009612623,80.73731255419517,18,6,6.9662934148481215,rain,truck,4,48.8157707406578,1.7461769463430798,7.575041424313545
45.92629802379512,21.2406255867972,13,1,1.0,clear,van,3,51.03479087177426,8.124475952387202,2.0961568113569813
26.89238356045853,43.45493128018558,17,2,5.0576691761285675,clear,van,5,70.40229084279444,0.9177883571281107,2.9452268992374173
96.75432603955721,31.966388084082606,14,2,2.7502608832819795,clear,van,4,89.67111824376545,4.482734614788325,4.246203768705464
30.797645032227848,13.258435443285366,9,6,5.002557581186333,clear,bike,8,86.60286525213047,2.210734635649837,4.161834567031773
26.510305386774892,43.80260435894709,21,5,4.145296737887835,storm,van,3,73.4549270000827,6.128791769808698,3.1258579578390635
15.986744453039304,4.303266004284279,13,0,1.0,clear,bike,7,62.669272528486374,9.12168115307924,2.4791910119579605
43.184444588910445,41.59667832867131,19,5,6.139613606131293,clear,van,4,100.0,1.0558943204400044,3.5433355802120414
39.697268184786175,33.40331066716868,7,4,4.028172006957371,clear,van,7,80.21346285932182,9.172403161064233,3.451479010247586
27.432929871437256,14.389372663978909,19,0,8.15730062900016,clear,bike,7,78.91964157560601,4.080272957019632,4.221663937742019
14.41127544079137,8.805963995836425,17,5,4.166986400144545,clear,van,3,50.013009464943984,2.004068287359454,1.5056400708260962
30.082508302851714,15.514932737503582,9,0,5.426594115427415,clear,van,6,73.8330131376369,1.9047378708133722,2.770605691503371
25.640188181312272,12.378822962000807,18,2,7.909945235667193,clear,bike,3,51.43241302730567,4.097366690341204,2.981048569203617
9.329864997307832,18.581438806624295,17,1,6.661037214363415,clear,van,5,100.0,0.918352726998918,2.145091655228791
8.352409991371383,16.909377037320304,20,0,7.045853637263229,clear,van,8,57.38518108241193,3.972194114829172,2.707986738960501
42.61143749543594,14.382725257165088,9,3,6.713164041780429,clear,bike,5,60.89827818933271,4.3481980096553245,4.229978592615451
3.3820747345107223,4.0962452639717695,20,4,6.860434979969157,clear,bike,7,60.26091584451982,6.422338597382531,2.1354037716895298
31.954992281806334,7.610497259348891,18,3,8.16154604634139,clear,bike,4,64.44752481174004,8.63821127878603,3.1537648483358796
18.495612721988344,48.68930663883776,11,2,5.114504654766774,clear,van,3,80.05610016440203,6.790941744497515,2.141718357762209
77.21527386888413,14.749806082147083,11,3,4.012270259759931,clear,van,4,70.04545496678121,10.417457667877757,3.2402604480889146
18.26936169913365,18.875327373618735,10,1,4.619853850696328,clear,van,7,70.63498139756125,2.250849065665804,2.7830642461584456
45.95154038928053,16.15252271851484,13,0,2.1450341374618143,clear,van,6,80.7866397249524,5.89902820082729,3.126828826673183
19.73648448098603,60.75532140387654,20,1,6.310650265926968,clear,van,7,47.239477439241426,6.228873896590143,3.133263222817505
29.695589193874973,12.115235024054254,19,0,8.187482345316358,clear,bike,2,81.22215763629121,10.272834360087767,3.0144649058736706
48.88493272345369,11.344558943677423,8,5,3.5768039145708688,clear,bike,4,72.01978874036374,6.172078826195855,3.5324911683947358
18.72679576748477,33.94187294832057,8,4,5.754051407707903,clear,van,1,59.458278773327066,2.735399060333388,1.619228317697879
60.174213152607365,26.644289182490642,6,1,3.371159273637131,clear,van,6,71.97652767915926,4.561633175064873,3.5455049996445744
12.244069512221609,34.62716843964981,15,3,2.8244482209356603,clear,van,6,71.69960665022911,5.953446280264607,2.5127325003500687
34.31814675037135,33.070239150336306,11,3,3.8119930868896374,clear,van,9,30.641727719702885,1.43511286082716,3.303558417401459
56.71914330795331,44.59397085216306,18,0,9.297988144657447,clear,van,4,90.62206932718401,11.093679139333025,3.3904321832021553
45.97188405534905,6.679091944369201,18,6,5.362338271679276,rain,truck,6,88.1311410340309,4.6162527218209295,3.9582908626836013
125.60673828843531,31.6369058932507,9,6,6.586528059577651,clear,van,5,50.40886449771301,14.045782639478364,5.830015320110862
14.720609904197856,11.411771856755907,17,5,5.808914185760979,clear,bike,3,58.6628787875793,1.6315781486531573,2.0072039323490203
8.99510552562909,2.762512483929098,18,5,6.038208451850948,clear,bike,4,90.30421485785617,2.3549634403390867,1.556394870761389
12.23782925861667,32.90677769090597,21,3,4.260715873852157,clear,van,4,79.96704575879441,6.373473810414945,2.2231170938886993
45.98678410932353,31.539364416672484,17,5,4.962747410699896,rain,van,5,75.83239330141126,3.5807280308922937,3.5635733872650714
40.38015080063575,22.7453674392825,11,3,4.202138797670135,clear,van,6,76.53810523384107,8.411424838894707,3.2352894855491385
29.423842872021517,45.138025132201754,21,1,3.811395230367788,clear,truck,2,75.60970573597064,4.848882953630107,2.5859414331925543
11.041206957284428,11.496531925767295,10,1,5.661254711788655,clear,bike,6,54.02765448452934,4.69031961338431,2.0474221163888275
50.0735955717467,36.84273107757278,18,5,5.934161996426268,rain,van,3,61.53041965806268,4.569033078858926,3.7199406165494615
10.178077859075966,20.26067312244031,12,3,2.426879724531555,storm,van,4,84.96079485824411,1.79162489727997,1.870033019639624
68.52232920195998,21.51459403969287,20,5,4.743306749283784,clear,van,8,79.84383524848963,4.932318752762644,4.7597377808592585
266.65368018611304,3.3156140811109074,18,1,5.980267195201789,clear,van,8,74.26000613885523,2.245989033086538,10.421600848087595
36.3487900477826,45.45682229087822,15,3,2.9858358534561282,clear,van,9,60.280852220872006,14.384757322898368,3.873029959766937
43.22791678986637,30.656607604890276,9,0,6.578031140364603,storm,van,5,84.83838483285024,0.7494876907225921,3.5696705357512504
18.27825651586506,35.84595637091216,9,1,5.506556495195989,clear,van,3,55.50064580892149,5.369070155088004,1.8804673574470543
6.371464462805224,10.097517431218524,21,0,4.006987504389269,clear,bike,9,92.2126430391406,5.805227133497408,3.1034270488753
16.740392465773173,28.104412932909074,18,1,7.468161044024734,clear,van,4,59.11960325830273,6.411947255045839,2.2603317683440536
11.309960607259109,20.22667265124391,14,4,3.303146824103786,clear,van,3,56.92683987282026,7.497058006263154,1.6447031925224809
8.519829584892344,31.837072452875443,20,0,5.808505700413266,clear,van,3,70.4527964766996,1.207192599321944,1.790442831353668
107.54269737522765,27.154434205437184,18,1,8.307159170329443,rain,van,9,73.1892896421881,5.94560511815348,7.0702959638212315
33.72670694391713,68.74528343127702,12,4,3.791767487719235,clear,van,3,71.45580007340196,4.383258101452451,3.2907084698253746
36.735737845274926,55.00205471263433,19,1,7.270471984180291,clear,van,3,50.15799088256718,3.956338790402835,3.208817831608935
21.174171381394018,18.427409240635303,18,3,7.734929258541242,storm,van,4,76.32321045855639,8.106219069978945,2.4892098263542977
23.610774018085472,32.878736920102305,13,6,3.142282921013531,storm,van,6,84.69027240545299,9.662881181751274,3.045547424109075
58.65310681336906,17.203119735195493,6,5,2.3245220572277487,clear,van,5,68.78373792321544,1.5715570985703136,3.4606515760614327
26.420237938261135,44.308849415407195,17,0,6.538892869982174,clear,van,6,46.80767049652154,4.602628355800398,2.82404513139459
41.45278838713981,20.905821630142537,11,1,3.730777453420643,rain,van,7,66.83038665819774,7.2497426734326345,3.314581670932868
23.177837958806048,15.308820959012374,11,4,4.606221256941097,clear,van,6,53.00695311380209,4.899834203600964,2.1893452249923024
20.620334228691526,27.81647187131111,17,2,6.208178905378565,storm,van,6,41.02455372785436,9.220179538869854,2.609712429528616
8.797509477595021,52.15288988307312,18,2,6.307244676126758,clear,van,6,61.77682123854306,2.669980062217144,2.75107142403662
5.572260186094191,46.68840925656819,7,3,3.7713754335656104,rain,van,5,94.36197787842563,8.753010224541502,2.579578093754291
21.99357750499546,16.056936130522935,19,4,6.826383919221737,clear,truck,6,68.76186321561643,3.6073875255987655,3.7077644687401987
28.366173280542334,64.77363066796173,10,3,6.093566064349627,clear,van,7,65.90425656993541,2.216282691929931,3.7720986108047074
9.69001496844809,10.662775977514904,15,0,2.174245305465464,rain,bike,5,80.65022783305032,4.9267519252197935,2.002212299298557
26.37509273930671,13.786998081574197,19,0,8.155429723951547,clear,bike,8,79.1665767490325,4.111103070311311,3.985501736973795
28.303969232860336,43.02817737858094,9,0,7.035816101234786,clear,van,4,48.012741001361626,1.4371604858953808,2.7973816337790396
4.831676916802233,2.787872288517222,9,1,6.001598161624657,clear,bike,6,98.03610935149015,4.637529079317894,2.2103381081896263
13.038418551473514,23.51373274277083,21,5,3.035592160563468,clear,van,1,72.9666477758787,7.897089224024608,1.1950119984463676
37.55517237222733,18.36402651808955,11,6,3.741714635381112,clear,van,4,83.60016437417504,10.026546623805478,2.21341670461047
36.95300549194797,67.29542245031828,21,3,5.205422744969191,clear,van,7,61.0745619418999,7.218497258392207,4.082078194621788
10.773183820923988,8.957280128367412,11,0,3.3346436075761585,clear,bike,5,40.67205975878875,2.5283742127732522,2.0220454508380765
30.776716318190953,9.923692832211563,15,0,2.029764187159729,clear,truck,5,68.2468046343073,5.7358235183008714,2.82784407357038
61.43168720503296,73.46338927627043,14,5,3.3871489141910898,clear,truck,5,53.465431988598084,1.262416421974214,4.984358410866342
50.48409656570249,18.53592955918371,21,2,4.279213959122012,rain,van,6,87.56705135732201,6.6481709176016155,4.162608448150099
25.122688707057982,50.78510099024585,14,6,1.8995361102078252,clear,van,2,48.745038384709076,6.28608649255975,1.9784975955551183
18.645763261931105,16.210369574382568,14,3,1.6914383583564891,rain,van,2,70.39843388885784,2.5078206283931257,1.3228678263046467
16.387591171168864,13.308477766468467,13,6,1.9315056839180793,clear,van,5,78.99092257360215,3.5382876325885797,1.8988981268927185
39.41931112587542,52.498967899852396,12,0,4.057594426242803,clear,van,4,76.37737284969862,5.379581851127303,3.043333697198318
31.69259883903303,85.30849506135144,13,6,1.9628217161713162,clear,truck,6,62.485617152639286,6.237533617900977,3.9976001277221083
44.858953688128096,55.23272554999735,13,3,3.0511324756686875,clear,van,3,43.2987406105931,8.098700332295339,2.8034680800136322
30.12932802879086,15.36215272665818,18,3,7.796114111659708,clear,van,5,47.394951015882555,1.242528157729012,2.9902264728207393
52.19627646613461,22.73285180890795,6,3,1.8560338638862848,rain,van,4,58.64143974651829,1.1578746375928086,2.7596270898323696
29.243988358992105,10.340815434390954,14,2,1.7363618670034136,clear,bike,6,48.84798084421105,1.0544812623305877,2.8200186549251463
50.79261514752649,11.992112519186977,14,4,1.3887094621939453,clear,van,5,68.8681519436557,5.486141780644462,2.915379369880276
54.41599934855729,11.459349065100087,18,5,6.392570888013866,rain,van,4,58.56214372170512,7.076016016335638,3.1564292976389896
14.24461151380955,16.533503619333462,16,5,4.408808345850819,clear,van,4,50.60810916255656,3.7286045794905776,1.711879815689727
6.382020643552782,25.58374728196009,12,6,2.277223061729188,rain,van,7,48.65989176735843,3.464538079966444,2.548257010291725
93.2043397838292,23.44956468923919,7,2,3.8093360058476504,clear,truck,5,46.12083598698014,2.1873120469480942,5.187150498889497
33.29232815040623,38.825889442782845,11,5,2.613552672246346,clear,van,5,69.15364900122144,7.4291862433445885,2.4995481078552544
6.87857345372139,26.594992455388432,10,6,5.087375324621412,clear,van,4,58.99164193929234,5.109362765367589,1.8537331828662675
15.31671019809582,36.27524397122565,9,0,6.00949972225285,clear,van,4,70.38606614745204,6.105367602227409,2.199888679102113
50.27457257568949,40.37806082467157,17,3,5.332612133716589,clear,van,4,68.8393413610477,3.9602957312247336,3.3214428997207444
21.67714620060547,15.590874594056327,13,4,2.9192924904696786,storm,van,6,66.95033493519954,3.5863157219150685,2.2762219585870813
17.999623923602368,20.572681893747493,18,3,7.550738976558169,clear,van,3,79.7093686133098,4.417875571739529,1.7348658097128973
83.1549294952562,144.14612195436803,8,0,5.765723905140856,storm,truck,4,47.900243684819294,4.139079125423655,8.21670861230231
11.730241877763142,14.534547636951203,21,4,4.151775503267818,clear,bike,8,79.79032143280783,9.573217887401453,2.6139433005103783
14.317424811993035,37.741378076239634,13,2,2.779858729753962,clear,van,8,75.88836905899393,2.011937860288555,3.3061651398217102
32.10812714052388,7.158981105169933,10,4,6.136175431351085,clear,bike,5,67.03335044140222,7.513642370821052,3.2756411944708352
37.053541923322854,41.18791404060055,11,0,3.4621154392625746,storm,van,4,57.88033587328845,2.9654755707481733,3.2287827474607145
40.32914576267315,12.578644852619265,19,0,7.207253177838762,clear,bike,4,70.592861133898,3.479629091782572,4.255792547292422
56.20414089860604,24.095595863114458,17,4,6.083804347649406,rain,van,2,76.72906342945971,5.478992520295195,2.9756074656030336
31.780817882700774,5.991019840375171,8,6,5.044725601798275,clear,van,3,48.99874214892768,6.961198329861179,1.9299941801815628
40.105246098343486,22.28466288432265,21,4,4.25862036151968,rain,van,6,79.14753826741527,4.013362897171576,3.297529435660241
22.03501089088921,22.639852433649352,8,6,4.703357658704894,rain,van,5,96.08230930357085,1.8796062247684624,2.7497608936904765
28.507255749926507,19.97077355813337,10,5,4.8400454815933855,clear,van,4,69.02531606916405,11.69833202945913,2.3005585596216354
29.548333432635626,32.059215464313674,17,1,6.210913472251686,clear,van,2,89.54855009267197,1.347763910389076,2.4003042893522575
32.20360840874503,49.5051893103403,14,0,1.6586448803866576,clear,van,2,77.1243048558855,1.9631926067059502,2.30149666431193
50.30134649673597,9.880378903971923,13,3,3.0848026062282328,storm,van,6,73.95234136665437,10.283254431807647,3.3618637940398175
42.27164564443787,20.358827600364506,20,4,5.854040503003331,clear,van,3,59.48922581488645,8.713338846992954,2.4266145825613683
28.088875332735505,3.694764791589747,18,5,6.321718061691765,clear,bike,3,64.88438132725395,10.811073872630075,2.6313804928343614
14.192295004789415,26.340714757131835,21,3,2.6387601194873227,rain,van,3,55.28770904192452,2.9558960433535733,1.7916870068465016
28.620893883010663,9.182836968420311,10,6,4.630879203898622,clear,truck,6,84.1486975905151,2.394808980163185,3.491882632166219
26.511690113626596,23.28086915972931,19,5,5.338670230387627,clear,van,3,58.8318560918095,7.961808319291616,1.8899713261045215
31.64389578671454,27.1344936478859,9,4,6.216787948728317,clear,van,4,96.43033332322318,1.841308892848974,2.4390785898172287
158.41532852861897,4.5000774499965654,18,3,9.710675784004074,clear,van,4,76.57517570897205,2.4319885134664903,7.019222603774231
17.83177141454508,30.23793620273058,14,0,2.482571922942496,clear,truck,5,75.91071418316912,1.403071690114022,2.729484531059609
38.00931325289393,47.89110171022952,15,5,3.306991008929148,clear,van,5,50.146999839426144,2.827694126458078,2.906783381403208
63.73728121593578,35.33719360935493,7,4,4.739804327408494,rain,van,3,79.98228144362528,2.1719937856817535,3.7259919300791546
29.32386035704479,10.102183554574188,20,6,5.778506039323892,clear,bike,5,66.69511117372011,1.6544931291562472,2.9954798807255694
175.96341345602363,22.160459910108152,10,0,5.844515963657113,rain,van,5,61.53867072471445,4.6873513273637215,7.650595697128706
20.036759601587843,24.100682967433045,15,1,4.192838192641791,clear,van,4,60.16120854602282,3.3615060098640765,1.9265774537197027
35.137585792646505,20.66435588894993,8,4,6.681037098415397,storm,van,6,51.38191490804225,5.9664859147196285,3.165543572130952
14.309954358574702,6.802093766898146,20,3,6.2729576285986415,clear,bike,7,70.14838598581503,1.9195400228414135,2.5277610200205967
20.466311888269388,11.624363119748734,11,4,4.267212292161393,clear,bike,7,67.4953998180717,2.7685041978501554,2.882725708463256
33.08722076796063,19.24771197151642,18,3,7.6635410932606485,storm,van,3,50.29595476566142,1.216622536334694,3.013535887606387
53.35903143081384,26.851443627630506,18,4,7.814718374323748,clear,van,9,77.72141337767535,3.2691259537124004,4.4639057252463745
34.99747329173863,14.45532894894805,14,4,2.2480706143684137,storm,bike,6,100.0,7.94700671250528,4.248110978813395
74.23916784774978,3.2081682975881107,7,1,4.360788365741056,clear,van,4,48.63972454102354,7.029927838017608,3.141578518543326
25.129130516297355,15.218096503236277,10,5,6.194997675473644,clear,van,3,68.30143153066022,4.079898327165414,2.0510735705283945
20.785698458907127,68.67732634757246,15,3,1.9435452895455785,clear,van,4,94.87474320063944,13.98582864484002,3.068811545861293
235.84813115399453,30.388895024937824,14,4,3.1968350132448538,rain,van,4,58.33938923467737,1.2760576966079968,9.75166963869376
37.165842219595596,26.2827898967308,15,4,2.613128996143552,clear,van,2,76.59515096343316,8.617275282154386,2.024171779596709
15.247487924422193,11.466577599917436,9,5,6.615734810202044,rain,bike,5,75.88757010854724,2.0159453467870234,2.6562608605529188
15.558218037826931,15.812273394324716,14,2,2.016194912026481,clear,van,7,79.87380435997318,4.2807898705555125,2.2350231870956203
12.7541418314141,2.9190933363825162,7,0,4.3857644019840665,clear,bike,5,97.48957420166573,6.41435719693963,1.9758876752401686
57.35473966350422,10.778187350441916,13,1,2.072086477320922,rain,van,7,43.15226856317287,2.562549848349321,3.848575231478452
20.25695447960929,29.283535258293693,7,6,1.859975469898884,storm,van,5,72.86318055551708,2.9356151402042934,2.48804006948143
30.020785162950226,26.429301658878096,16,1,5.678303139698712,clear,van,4,62.48520434250008,8.628429129295853,2.362584377648207
25.76953706634045,13.314575393514533,15,1,2.153513692294993,clear,bike,3,69.40340902318,4.618365248659861,2.4834112911013015
48.67638117731944,20.649961070387732,19,6,6.285447850043104,clear,van,5,70.6755617413011,1.404531425344297,3.381915878671497
13.771548013358817,23.461793353126524,13,1,1.357224447417153,clear,van,4,65.58791334702549,3.430504826863766,1.8413963429397768
11.4677892552397,13.937095013946708,8,3,4.934085938364239,rain,bike,4,53.6906837322572,2.683336136015006,2.0438999072529858
32.44147983294931,31.671750235344973,9,2,6.836053492736443,clear,van,3,54.71237124712891,1.1260054885032282,2.673144137000654
43.84968028826017,26.070134380886774,19,4,7.298117941741346,clear,van,1,100.0,1.4196195398985056,2.4035793786328576
35.375725000887144,16.29594868265486,21,4,3.3519762992728768,rain,van,9,49.27641321958342,5.358641974977227,3.6287137213447314
14.18857433917959,7.274749560166446,6,3,2.648330324603691,rain,van,7,88.39964821518683,2.2025232353470647,2.3091228556965566
46.61805319250334,15.336019815948813,16,3,3.1015962601852585,clear,van,8,54.47446375118885,14.703045406327941,3.509885093552433
14.952989678273426,14.48985070381989,13,5,1.859708539817387,rain,bike,4,71.4307537964786,5.597787189189769,2.2772933659695713
17.86367076295855,13.289371120615627,10,4,5.901911837733607,clear,bike,2,99.52268382608332,8.026721781060855,1.9805965041620162
12.741153405406726,4.717019285314687,14,3,1.0,clear,bike,9,81.92251860242182,0.9264731876518869,3.1639554865252237
76.77865554398531,56.78217540515388,20,6,4.573423811285564,rain,van,5,48.42827524832062,5.595447120565411,5.009724625152435
45.00336356302009,54.92252814830775,9,0,7.3747333726691515,clear,van,6,64.94459952165347,4.788085293551903,3.894223254350595
43.99142376741698,20.073497882695193,19,5,5.367504853152835,storm,van,5,69.611976589606,6.187057850046254,3.627986088616922
73.53556280681208,26.757409781362824,7,1,4.464995216300512,clear,van,2,85.45854996469328,0.4793214699454976,3.5313666793721783
257.268271541162,31.275792047419905,17,2,6.586036364257895,rain,van,6,70.70889881423933,12.274052332415245,11.691011860068748
6.90757832497643,20.324229723148996,7,0,3.2413843191901,clear,van,5,67.61696714795939,4.100044303200018,1.655169438092368
15.018739709091015,28.174625238324403,6,3,2.6668505737406516,clear,van,8,95.79954849968348,4.083313566974246,3.2215816842870293
16.561155658448698,34.51459689863946,6,5,2.8013339997864763,rain,van,9,93.70503568240923,4.583292879965973,3.002718622369662
13.726720052005144,25.353603415468612,18,2,7.071789242062234,rain,van,7,80.47996067241978,2.4551522202020406,2.878229093115594
11.449355061611383,38.881167499829175,15,4,2.743068137047536,rain,van,9,60.60828449981813,11.091956852961793,3.2742743315945186
21.33347742052168,12.906306620137613,17,2,7.1600842907119455,clear,bike,9,30.231049564763843,0.7492571307431167,3.7242520463877904
10.24425466317856,22.143069885009027,8,5,4.116844155835993,clear,van,8,50.8140333463736,3.1710127712190324,2.7398351319563905
35.44683236681638,112.95714380673844,20,6,5.359238362367134,clear,truck,4,46.84291368836641,3.2541724056219032,4.127494983931287
28.257492880810375,45.29860470733853,18,5,5.354988734510699,clear,van,5,69.08221123132121,2.460679919871702,2.818128100529824
39.83806777078375,25.785781252524085,13,2,2.070392353801207,clear,van,2,84.06875949000383,3.7719346733391337,2.0041217765218176
40.698155064502366,9.903618351079464,20,5,5.349293105384556,rain,bike,4,99.6373008874,3.161131963261005,3.900385079458988
43.921567336885154,23.018220662837674,8,0,4.0800658276048365,clear,van,5,89.1041467842069,2.1334334834420883,3.3456064276676
20.111119087406365,43.23646943348628,10,6,4.375560169450366,clear,van,4,59.35442402791659,4.253518398522092,2.645953169846737
147.95596890582453,37.262274570258846,6,5,2.484806674857454,rain,van,5,73.80943251001946,4.83918655847364,6.3527348587691606
32.705553431252184,3.5426365768052808,8,4,6.18436254691292,storm,bike,7,76.03478663757478,15.0,4.520260903201764
6.110521967312929,4.915369690761624,19,4,7.355024243687865,clear,bike,6,46.607941353518626,2.1044263489674466,2.330946361637487
12.159361943224472,5.167217851336375,12,1,1.8018522805457255,rain,bike,3,56.895504379499265,5.589625352210849,1.555260561881204
6.736884709352874,31.635868221863998,16,3,4.78989354441892,rain,van,7,63.53887256192882,5.4932259375694725,2.387339736441495
27.49124810577807,5.243107441202426,20,0,5.981964277139346,clear,bike,5,100.0,7.635279539377151,3.2528824778470686
24.59531114126223,9.50819522176203,18,2,8.209204787733851,rain,van,2,75.79681471784723,6.923251301871491,1.7139979106708276
18.63906117200795,19.75294749443145,12,4,2.9896963934246674,storm,van,7,50.281096936804516,0.9703792455633145,2.6129327878548905
135.4687369280107,48.24036943029307,11,2,3.698645964140516,rain,van,3,63.62744277214131,3.642326028931212,6.550983335088139
42.063748932258946,32.72714532275302,7,5,4.102498562997211,clear,van,5,76.73202027416198,1.9780433135472173,3.534185830755934
48.46678360358281,17.925893424052045,19,5,5.742919473089122,clear,van,7,66.23305369589812,2.238274180709837,3.489044907346529
12.87311733752838,39.656429412343385,21,3,5.23939149563954,rain,van,2,64.65762169261,1.4385803796819627,1.8019680317680227
12.190830696861049,82.11598993443597,14,2,3.339985226875833,clear,truck,8,80.97991471695144,3.616623822097104,4.901939489606492
27.922823451777568,23.175554389727544,13,2,3.0392536159493924,clear,van,6,91.02215984188446,5.742604502843963,2.5828777686085767
31.137276780218905,6.8561879052497146,19,3,7.628478028704525,clear,bike,4,88.24237976945312,10.170495250783423,3.3348677864705243
6.1407737142217895,9.820614967689133,11,5,5.2829277895706355,rain,truck,8,65.4963640882186,4.540149527410426,3.424349124190936
23.470736309043758,9.735174120185148,12,0,2.8069934522820565,clear,bike,3,67.52405264863532,2.2766191580661284,2.0653870785994286
27.41958848824226,11.84991140686672,20,3,6.432734850233967,storm,bike,6,65.36307464607123,4.909181893682623,3.7433826212340784
22.8255533052959,16.927119122736396,12,3,2.6678688088201747,clear,van,7,85.83988169104312,6.075889919298693,2.3566638616133972
14.143959890888809,27.436441638472864,20,2,5.336076485511725,rain,van,4,64.16634336061315,9.256099554275105,1.9400980328880124
17.60832593130355,5.83413637851518,8,1,7.0397458494620135,clear,bike,4,41.148382150316415,2.004727415560597,2.09705730952298
23.535564147504918,7.015163279012324,13,5,1.3014067573546195,rain,bike,6,77.23742450896104,1.4111605139091128,3.259570922201133
29.155396342000767,34.29632987809992,13,3,2.9348506971870627,rain,van,3,77.93965206518499,5.147253970903109,2.2232256075279255
43.98432260700204,14.547129372377276,10,4,6.931415779586425,clear,truck,5,63.92023291442275,4.224108390459779,3.6421926687065334
64.37239962290282,10.70529981099645,21,0,4.7696854207574475,clear,van,6,97.7975454810622,3.414509895124558,3.828262079963259
21.42421493156043,18.512704277153304,13,1,1.6455864556385693,rain,van,2,61.866358240211,4.052168939853233,1.479111389396455
18.822915612269416,54.01324091926299,20,1,5.967027062747053,rain,van,4,91.26538122326404,2.0459935643678206,2.873696167337004
38.47945793721008,37.69228273207243,9,2,4.858344419942692,clear,van,6,49.91468996797143,0.861765432431874,3.511242919453882
44.19784061954009,35.89121114262126,11,5,3.1520903489829686,clear,truck,4,74.14560966669812,6.80058977993932,4.474532672232703
19.156453445367106,66.94217953150405,13,4,2.8413300265171992,rain,van,2,57.87013257712192,6.545325312828007,2.39965187408924
51.02495269357235,28.403687815948427,15,6,2.1361692032245143,rain,truck,4,68.90389796246458,1.534135398109108,3.396448206848653
59.36282999999544,71.03673616478062,9,2,6.527941130681887,clear,truck,6,81.4231146837015,3.9091898946257464,6.066918032304479
76.19906349513147,74.82353807207535,11,5,3.007066934788645,clear,truck,6,61.45419095842281,6.328304652082938,5.874819247027145
112.4666491142315,6.029202480753972,15,1,3.8800093593677816,clear,van,5,59.53146263945557,5.830911429721054,4.702006781450361
13.556512905404452,4.407327304962778,10,5,4.759526083230503,rain,truck,3,66.66122591303878,2.5098822438799195,1.767286887199579
27.415774720739282,9.148645375633565,18,4,9.259259967557538,rain,bike,8,100.0,4.808213153332679,4.703725703134105
27.358360214971345,50.42255057798123,13,0,1.7425750724494338,clear,van,6,73.03396686542817,1.8384780164957204,3.0905552017879034
25.06672188574431,18.815345979130647,21,4,4.460813744423029,clear,van,4,72.14651485113936,7.223968849646505,2.1876466870264695
16.128528562298143,16.994504381716084,9,3,6.653283823986127,clear,van,6,76.52302369816667,3.709718400730937,2.4250865089571394
8.26103925500034,40.40689946572475,19,0,9.432516082403955,clear,van,4,44.25901133794515,4.9391100946442235,2.0214700465257383
29.19926555766638,13.931897623888139,13,5,1.9030937501332579,storm,bike,10,83.8130994792369,5.50180032643905,4.573851055760994
14.66282636715938,25.763672222186322,7,3,5.758022370512809,rain,van,4,80.67024847823207,3.74564416987361,2.315607099916867
29.043502279563114,34.28455694821723,17,4,5.903790952405178,clear,van,5,43.24190810424058,5.501818495644214,3.0366077306546835
14.36457586828327,9.944314327402335,9,4,8.222068705171798,clear,bike,2,100.0,7.376841328992775,2.1054171431501554
11.248933490639779,7.943731191594253,8,0,6.0980899573729985,clear,bike,6,70.04556838185299,2.030132602092221,2.4122643939086004
32.70208012618287,23.076177185833608,14,2,2.9522756780742863,rain,van,3,53.24837634975693,8.439212132609079,2.2223820756164976
30.591959758581762,25.36889294212226,18,4,6.797158244103406,clear,van,5,74.70428486499925,3.0294750660922993,2.872649697898935
43.095801400234826,38.242489831108806,10,2,6.282504452299036,clear,van,6,56.36726498951573,5.692225316451991,3.2944131736395623
155.8183667393746,8.933478439971768,15,6,1.470876916097493,storm,van,4,45.84428357429861,3.6708439199145895,7.324020251697064
33.84636557203755,12.173598059297317,6,2,2.882353536949463,clear,bike,8,65.91174784794525,5.110028334776414,3.8120174218528375
39.96745163113668,74.33137750174873,8,3,4.78897521712368,rain,truck,8,66.5867871650257,8.05448310115972,5.7590704184533115
11.449555827687917,44.596442147882094,18,3,7.6976606107735055,clear,van,6,46.38161403167389,4.250448529358558,2.3804376874927407
9.683990398271193,20.234349586625267,6,0,3.553166046086803,clear,van,5,58.295671456716505,5.449693376136295,1.9990086125853521
96.18405133784464,49.59101954266401,11,5,3.683307577271609,rain,van,6,54.50410290095683,9.510207830138263,5.738128203659303
12.951559117253687,8.965523905155546,14,0,1.2957911627651009,rain,bike,4,64.63973776584353,3.101276172234847,1.854853762773224
11.7616559287451,18.43104928815419,7,3,2.5368523544821864,rain,van,8,79.7153087414469,2.324092119635518,2.604642240145745
26.277705052314957,25.207058482785317,21,6,3.827178317423029,clear,truck,2,72.12040828577123,7.70081049657601,2.060974832219808
25.225264941039896,16.78370732138904,14,6,3.091319998236977,clear,van,7,69.50978695966887,3.816653849952907,2.645867812090185
13.170701704310543,17.270708707456226,11,1,3.285423763099172,clear,van,5,42.62307837479115,3.4549626091168917,2.146603073434317
21.242872450863263,36.895752170877145,21,2,5.964951578859107,clear,van,5,69.57873204310724,8.51134097046626,2.62432618427658
72.4937661568313,45.02981120487541,14,3,2.277756571902608,clear,van,4,53.68138904738733,2.5399894747260015,3.475173029812831
14.227904087217647,15.354968285453424,16,4,2.72016681172403,clear,truck,4,44.232029479883984,5.7383319275038325,1.9620748036358506
8.89119990187265,6.378621131995647,7,1,2.8068571753810625,clear,bike,4,83.16396966353292,10.520197618073405,1.3994472195692504
57.631822938993416,5.085757151754749,8,3,6.619646579051333,clear,van,5,50.035456144946835,1.892839764054162,3.144393678521763
40.19881548125488,2.5607915501285503,6,5,2.2449955657763794,clear,van,5,71.41163239326411,10.701138747443803,2.0947217181759235
16.503708339137987,66.19171495739212,14,5,3.012137734584858,clear,van,5,62.69222679717318,3.277711907560083,2.6334773045493263
7.646640393264851,37.00545646932983,19,5,5.259841747759502,rain,van,3,55.69702419000975,3.4430587982881438,1.6940412599148447
14.94387198071998,31.42458760581558,20,6,5.086707572256463,storm,van,5,88.2980888845255,1.356898567291167,2.413015091496562
25.95168267613292,13.729366895946669,15,6,2.331582115600739,clear,bike,1,60.993139357444754,5.056428222693356,1.9121707017956975
68.89183541263108,13.661884067666971,6,3,2.562264797939646,clear,van,5,62.01203364474188,2.05078632394444,3.5292177828382356
11.831132683430257,46.05492261550268,16,6,3.1236115280132246,rain,van,8,58.97487010989727,5.893294190300539,3.182361561059452
25.339997970211044,4.430661369362357,16,3,3.9969621382327385,clear,bike,5,72.63834887239028,4.0135919115669765,2.8425518341389924
46.530859047551935,15.911563591879037,15,4,3.0474332425368664,rain,van,7,67.60730437385004,4.999360948464027,2.8353613565925797
4.034918599459606,50.69064159056353,17,6,5.233979219332199,clear,van,5,59.472982281027036,6.441242824809851,2.1929782567542437
61.99346240167697,15.88820590060849,14,0,2.485009482520403,clear,van,4,56.16063173883092,12.320928208159943,3.1249767465792293
10.528012293046261,35.66959446175628,17,6,5.956704404187322,clear,van,7,69.37992578424803,4.285821449639308,3.2241694778950856
35.36053595544399,20.877202440562378,13,5,1.0,rain,van,4,60.243936769714246,5.940791524830685,2.5444709882435013
33.02769723811806,0.7869640027278009,8,6,3.353602980039573,clear,bike,8,95.86767985327592,5.402281477523782,3.7423757442109133
64.56478337655386,20.19011218615162,7,5,4.0580212121117825,clear,van,2,62.11925935777603,4.952923886596982,2.6401535733942283
42.12913334105237,23.432707273600794,20,1,5.485069634429606,clear,van,3,75.01268609150142,1.552099107740296,2.9428097770757606
4.047776049100823,18.972438944549882,13,2,1.8955812214650702,clear,van,3,68.63553984611048,2.420139776479591,1.2995420337386205
14.47143349281325,7.576979518439414,11,0,3.566900880689084,storm,bike,3,65.66357042418754,1.6442795533864247,2.1262899083430886
30.282321805387994,19.142337975021473,10,4,5.496963435258173,clear,van,8,83.48973458339202,9.891071975124552,3.509537298554234
23.196840663556273,2.781447417379829,6,3,1.5100651858055,clear,bike,3,78.7028442112089,10.009197786627805,1.5086266414524632
39.72928542180827,15.750963079506551,21,3,3.8314062461302463,clear,van,5,78.41443705070954,6.4580520761117075,2.6844781358475682
50.98305101935989,37.72727391568788,7,5,3.7639140584251165,clear,van,8,78.2484972837859,7.736557745472023,3.584102080459206
44.1133028610857,63.7513397227291,9,5,5.596859139902219,rain,van,6,45.78437468404506,1.6820644285522788,4.340816404064889
22.841522591839546,56.73732804882276,13,0,2.6027675791627436,rain,van,4,76.61020038212537,5.933690240806532,3.196857588459999
6.189970934348255,8.742495432505406,11,6,2.848398876120366,clear,bike,7,66.28884445488778,2.7853145836340247,2.320803520690535
18.833081936977933,5.33480399649411,6,2,3.3989532090109833,clear,truck,5,62.30647206540957,2.028148852289544,2.889038124043818
37.82970038252584,25.212778158982015,11,5,2.8385749738014163,clear,van,4,100.0,7.740753071474426,2.632168312141299
11.332131633178474,22.275353428604376,18,4,6.086081186009932,clear,van,4,47.895402298355904,5.913153435094881,1.9992150543488625
44.92613892732331,33.80110141135258,10,3,6.2570723272726285,clear,van,5,68.64158855595879,1.8156386924545365,2.9992699333262896
56.07637707353819,12.75534937855061,19,1,8.386834766620508,clear,van,6,67.43084281696578,9.32685456250836,3.6425982512443214
30.008887297376535,22.807980610633027,11,1,3.609189382659924,clear,van,7,68.77186543130598,4.0401536702449645,2.6973141563610854
3.0,21.868853716005916,6,5,3.100706147035083,clear,van,4,54.789917854828516,6.677191468729849,1.5686605406587697
9.752555076734955,16.20723536365295,7,2,3.375007710588,clear,van,6,73.37531414967596,3.053436432690169,2.0536938880469404
122.60297962602897,4.078852479093293,18,1,8.309508476724513,rain,van,5,53.14375868372579,5.078238669667448,6.176152808786264
17.50995831363431,37.33328526350025,12,0,4.081338638736382,clear,van,5,74.25292653568424,6.9512142367934135,2.432217539349483
5.543829023509915,25.344410436744486,21,5,3.4590074405516544,rain,van,8,72.34938018507363,1.9270430425043161,2.8453760425203427
72.83509481282678,39.20182888303849,18,2,7.591740557612226,clear,van,4,66.33743001727412,10.904506663815415,4.09495172315332
27.403876273803103,46.02787493988068,6,2,2.5921390760061875,clear,van,3,68.91006321190127,6.52865203735488,2.4164311213591025
65.62471586105961,20.39872988735406,10,2,7.306409602493028,clear,van,5,93.76199870796873,5.432851273311728,3.9159261030628993
33.83740813926646,37.50253985836201,17,4,6.562119055359974,clear,van,8,78.67211791683081,0.6443421079790491,4.0661053800269915
39.12835159532793,64.76640788008211,7,3,5.770923602526802,clear,van,3,72.59502536845027,4.307839682689543,3.2026538430922953
36.24884063011142,79.11578030386035,21,3,4.510429426673235,clear,truck,5,76.36828011091436,7.8181863609027245,4.025322533357965
47.37007259937161,27.71796955994499,8,1,5.480649931631207,clear,van,1,70.6032504377674,0.8014322383844238,2.6690164169892734
167.66104614049587,29.356568647961687,18,2,7.30612147826008,clear,van,3,78.28242748710521,9.944158874711881,6.330965507425467
58.95680568598776,27.36871957465202,19,6,6.267627373512409,clear,van,8,60.91168298647213,1.3173694832394203,4.512168271343143
7.657829172360498,32.9400578069998,14,3,1.0,clear,van,8,100.0,5.048920864635299,3.0284794295762296
38.75769094955488,44.64103263612393,18,6,5.838349751768016,clear,van,9,72.81820786726156,11.264634378120585,3.766944385304243
67.57138634240413,26.938472306286137,20,5,4.629673466485625,clear,van,4,100.0,5.572515465322182,3.3918412242228926
70.9631441105229,76.07878570998179,17,4,6.431724800662126,storm,truck,8,100.0,7.218940366044281,7.2106913855319865
19.27320932202519,68.95475160928736,17,3,7.793347572648193,rain,van,3,62.44298884182668,7.750751616423179,2.689093724852031
68.85174405977571,23.385109557845265,12,5,2.192267498735873,storm,van,5,73.59280933338128,6.128917401091982,4.605365765662809
56.9511520957889,23.27564771559014,10,0,4.465646023230498,storm,van,6,75.48360882824507,2.3319911995493126,4.447040114653815
212.30288323755195,15.20485537111212,19,3,7.041800831495994,clear,van,8,84.00634631196623,3.6611317310776004,10.537173615518347
14.879711056957536,34.245278616403596,9,4,7.20983565398448,clear,van,2,71.96886260451237,2.3591501965252837,1.8314407765368734
18.066863939522868,17.40852803622959,12,0,2.7599136927536194,clear,van,3,88.10351372483619,10.58596262618642,1.591763538079865
21.22340880090754,14.611527574890877,14,1,3.5825156202878756,clear,bike,5,43.61310258477197,3.719463478592054,2.5181346143916694
18.316866095725956,33.703808670678114,12,0,3.453579723707761,rain,van,6,60.85029943477002,8.200073421320798,3.002538593979214
13.302917874014703,8.2844798180405,11,3,4.8006729716174785,rain,bike,5,67.13656259778197,6.657281773779586,2.4454806891345453
3.0,45.18610803216698,15,3,2.7340101093905584,clear,van,5,60.00038293745797,4.906435485325266,2.117191740962033
19.148807095467284,34.6932745006125,11,3,4.9358774218360075,rain,van,3,44.02066758018495,2.2706133549199596,2.0965436133891124
36.433418632812376,66.54006697313307,21,0,3.5702898153601854,rain,van,9,83.25792814250036,2.673910978527881,4.489260587879609
18.272962779267438,28.094548785405706,8,3,6.778322706989191,clear,van,3,53.3953642431444,2.928073923201381,1.5801507838376667
127.52404650096297,38.631916214519386,12,6,1.9224791854826353,clear,van,6,59.88526239505043,1.724650501768255,5.572973371997099
27.404319588189463,42.27396991302307,19,0,6.614532226629143,storm,van,3,81.3227992899506,13.018480030195075,2.580045354521743
76.15899878164652,53.67926230873336,13,5,2.2339188615776693,clear,van,3,88.36566277550064,6.383084665245123,3.7092583641002888
33.41939199602974,25.796376766608184,17,1,7.357927891218542,clear,van,6,61.51706458624172,4.896003264534302,2.7891519606765867
52.51641817831439,15.106297243930317,16,0,3.961840141610753,clear,van,3,54.448997967271865,0.9815960286728496,2.645489350089167
33.89926196301311,28.585525747222423,11,0,5.306789992790074,rain,van,5,57.80086659645554,3.8946162488027616,2.7532811393266092
81.04687617770199,45.149470888014,17,0,4.9151402648697955,rain,van,6,86.72033572319398,4.122528785935447,5.238517496395852
28.353528375125183,49.37851379372978,9,2,6.042570775066659,clear,van,4,87.56953299618311,4.65340878943385,3.1181354275771804
40.32197341827497,4.124040353053929,17,3,6.1225121629253225,storm,bike,5,75.04757469190983,4.723368121456341,5.051757211821501
36.345352692989245,124.7237556642963,8,4,5.707076150812047,clear,truck,5,73.70536222187665,6.141185691066985,4.723280097390529
21.52837071693505,14.678440070054716,17,0,5.706186287479653,storm,bike,4,50.21944885105346,1.6244436230054273,2.847007529079465
37.4866869448519,39.10883668841411,7,4,4.162503635806443,clear,van,3,76.97627209528699,3.1454977688407424,2.4325497516180907
161.98585181742135,57.8738476070737,19,5,5.7954691948537675,rain,van,6,81.78579957971448,5.866406815268327,9.021618948238661
21.838674252801063,21.73244937517424,16,0,3.9999419076213356,rain,van,6,72.48169680935266,5.949472583919614,3.1289658614345317
37.92353570791454,50.735055361591094,6,4,2.8994164726657363,rain,van,2,73.02812809551159,5.00213050380651,2.5810404406730436
74.15986943683362,4.081532684469847,7,0,3.5215319547747748,clear,van,3,54.52387426396143,7.340621359873729,2.6627057011395703
67.50506450417802,52.03011548810735,8,3,5.918872730499023,rain,van,9,87.52673534178521,3.639084107929573,6.34385561062857
27.367964052160765,47.69802891031874,21,4,3.7705970792303467,clear,van,6,49.611855358238536,4.321846002200289,2.9510302722240365
4.028076785600827,31.294188827960625,15,6,1.3616769330820295,clear,van,7,69.75112254836809,7.391015493162442,2.3881578110961623
40.99139861916016,45.25047977863384,10,3,6.614735032670554,clear,van,4,76.86298128505251,1.7427772991111616,3.3621616463057555
4.592481882597582,70.22655469311071,10,3,7.370008845605202,clear,truck,6,87.1150255058653,10.722198083416554,3.3545421193809193
87.8780259945211,59.12467627085319,6,5,2.9929987291674847,clear,van,3,85.8048511498308,6.870807478556629,4.023529238715357
31.049387966289547,22.751538119997605,9,1,7.265378229976802,clear,van,8,87.08793496496746,2.943405587373001,3.4729837209676067
60.32455386126508,28.381110705279887,19,1,7.25970419720879,clear,van,4,65.46813251336685,7.572180022188754,3.3914538651192316
13.174868185149785,19.790518811223173,15,3,2.678181603766374,clear,van,7,100.0,1.9411080276331907,2.2092206285874134
7.8302467378147265,17.786113483096972,11,0,4.902197600969169,rain,van,4,86.31726565092828,9.758842496796268,1.5805860490232284
33.40159012268177,42.098450260245755,6,0,1.0,clear,van,3,64.70752846859034,1.0442832158292223,2.4086169000039366
26.39348628380859,19.61651756131891,11,2,3.765972413080225,clear,van,8,65.67429064099976,1.6006854549373493,2.955150108970998
18.297553073458225,42.03013902666345,12,1,3.2728106208060748,clear,van,4,81.4063099955308,2.4838836662638486,2.502504561370433
29.012565364819967,21.71233547405999,7,4,3.1449371550042615,clear,van,4,62.988629582873386,2.6456108326131296,2.1350913995174317
248.1289854615002,24.286151462489485,15,3,3.246427210508996,clear,van,5,50.83843992698095,5.328081438836098,9.666778980899183
52.85860074661187,11.40884989445226,16,3,4.588713055276075,clear,van,9,71.23843555123146,7.230046832279741,3.901906183503511
62.77763532765551,41.25707521128065,21,3,3.1235623721080246,rain,van,5,35.91460828885284,1.2297991037283398,3.9793282211035326
53.25807909859932,3.7968871409329954,11,0,4.126163080709652,storm,van,9,75.3751600295246,10.141001065272517,4.1152582835102605
88.55020816826999,53.38937086515536,10,2,5.509817078530375,clear,van,5,79.56945552764913,5.927826495763194,4.867230769535474
23.288103753768993,96.13920635391321,19,0,8.10580589210439,clear,truck,5,66.00975526370041,12.875618858869426,3.687989501031934
5.239315991608234,24.941556144556092,11,2,4.592411541308317,clear,van,2,87.24952653323854,4.199055422057791,1.3051440562638719
23.315796531759393,24.09350444338893,16,4,4.606272785682044,clear,van,7,82.78059124029801,10.810004877873409,3.330695885166135
51.903621595488154,5.43850579002436,17,6,5.049988256456103,clear,van,3,54.7160946014778,13.563947240021625,2.552177641317459
12.480403372182563,15.476842284696223,20,2,6.470986685094857,clear,van,5,70.66363111599267,2.644777516871959,1.7627412467523385
23.54485298343099,45.595231514404155,11,1,3.1157285214625023,clear,van,2,62.20934281025805,2.416088643085727,2.133328053046036
15.589291022340138,50.18787669271029,15,4,2.883115156021988,clear,van,4,65.15357300682733,3.5265128105645385,2.467947482592746
90.16338392544925,27.41697233135082,8,6,4.165763210265758,rain,van,4,87.19451348929994,3.3455803099434394,5.268788928045726
49.38099395080107,43.719481986368514,18,2,8.598158029220286,clear,van,2,79.38124042870358,5.2232254292562725,3.0114168512194337
45.660450000398676,11.6188330655549,6,5,2.687931657893504,clear,bike,5,59.236772939684634,3.412786154142807,4.61449757836736
44.579809311198865,32.335886025637365,17,2,6.784214076422929,storm,van,3,73.36276358558997,7.560842359641801,3.505116092015642
26.316617873631756,62.96594738355279,9,4,8.370798609098934,clear,van,3,58.66448735355094,6.319765751340615,2.638419068092859
31.754835914942063,37.03346913872147,13,1,1.9351799045169331,clear,van,4,62.72877105545267,2.496362403087405,2.2374193354476457
10.505010518422065,69.49528616981206,7,1,3.616355578983184,clear,van,4,93.08772713532575,4.173898594421165,2.7421685616151854
4.715459739222232,70.93336835328415,17,6,4.709032224055672,rain,truck,8,100.0,7.844365911490616,4.32669094431175
30.571399171189693,33.879640898687484,13,2,1.0,clear,van,7,96.68528095242777,5.613274941771765,2.8918471996626316
35.13480396037174,0.5,16,0,3.0682551419867163,clear,bike,3,74.16086184887175,6.589534934028971,2.7766301720593125
71.33675230684025,49.460462008102155,11,5,3.742146881250734,clear,van,3,72.75937571146406,2.415150743143217,3.9946371777207874
95.30370173409807,7.502039213665377,6,0,1.5605643116463772,clear,van,6,85.29088568814106,4.517305470993471,4.0457509519903505
95.20179417532158,0.9590950684637083,15,0,2.04778653110452,clear,van,2,71.52275755080743,1.8313583307114087,2.9865738773260717
12.201771246799424,3.163539005506804,17,5,4.910538495377659,clear,bike,7,48.61213186298737,4.899519700575908,2.4832067052879028
20.454194511436125,51.902215677995265,16,2,3.9573395564733893,clear,van,8,97.28419978928059,4.014646153138622,4.192987965802535
39.81594406448591,34.0797916820585,10,0,6.712295179168445,clear,van,6,52.18367531408542,5.118467115035843,3.120214118726902
205.51596966738592,27.98434447986417,17,6,5.040283441062822,rain,van,9,88.11752021452571,2.2818450961046928,8.778080600269533
88.59534909697943,36.48941814093513,14,1,1.6441762591000488,clear,van,4,81.39705832834899,5.955904605504368,3.813766407015183
66.3880937625095,3.4251446176531886,9,4,7.7773117722822125,clear,van,2,97.89709051720554,7.99125309637001,2.7221419343836484
19.881102065068767,19.719796686825948,7,1,4.6385945686228895,clear,van,3,82.93783918323426,0.6977048761935265,1.62168423264163
13.375708924467117,13.45281474583827,11,4,2.927793842536186,clear,bike,6,61.18233345306646,1.4818058287871954,2.556750308493378
50.964346841139395,26.358131115879083,6,4,2.8784897321134655,clear,van,9,86.28002968272817,2.6248697863354256,3.70289906064531
11.239911700558741,27.08274370750933,17,5,4.419852965393508,clear,van,3,64.54972230488912,3.493707845710178,1.4916151408316214
22.40425551612358,35.369371018175784,6,2,2.083526182145305,rain,van,4,55.33783404445924,2.9542897662451866,2.496668610025776
24.733970949404668,39.32337818447547,6,4,4.172288145435448,clear,van,2,42.52746941562346,1.75481789664235,2.21380245759789
96.96302025187198,3.6464273025514577,8,5,4.902366918404792,clear,van,5,68.14512031154707,5.145355357920941,5.219061857790733
20.41443314172162,19.9398384435632,11,5,3.071233683265087,rain,van,7,44.670619305362024,4.963031899462749,2.3605669055425973
3.8520300272506547,23.69699031209954,6,5,2.209302113344848,clear,van,3,91.54845455284328,2.95419132214602,1.5073357317737663
40.59137956710518,7.284715088980043,16,2,4.986513848926958,clear,bike,6,46.436285360189714,5.653234311742513,3.4942530256072684
15.49910867629935,6.51918394479069,8,3,5.442403678791447,rain,bike,6,64.29900065660654,3.8989997853933773,2.7149553159089654
28.05325925099943,5.58000510723553,18,6,5.793661645591716,clear,bike,1,64.94048193099411,11.112208823050242,2.028771346355311
25.295746000577164,43.5335744081875,14,1,2.8082883689548708,clear,van,5,72.57563944387046,1.2833432456133056,2.3628775619374864
21.780973279362083,4.438023255045641,7,4,2.842450028359569,clear,bike,4,56.99046866256914,2.350491129793116,2.4051538650987334
51.02279355995007,5.357557861222318,12,5,2.9410317807359623,clear,van,4,87.02147474865427,3.6417571329628537,2.603206411509495
7.954263683704794,25.52523095193496,8,3,4.719543471695355,clear,van,2,72.44638495256936,8.206139798581166,1.4039171403070747
17.928446117617685,32.23712226943926,21,6,3.233009206194087,rain,van,2,69.73478613787759,6.888870723903906,1.5968221629963102
46.86308805457829,23.118718913809808,15,2,1.6286502845786954,rain,van,3,60.245793527603965,5.933125360289023,3.033435425065687
16.588873171182563,8.816048727064722,18,5,5.373340291597043,clear,bike,5,78.24497033090893,1.5673679535862646,2.5558798948570383
7.485401316880691,6.672606720579253,11,4,5.094714079479268,rain,truck,7,90.95933364931017,2.733645521259007,2.8747122197793056
46.28621916694682,24.977777072045384,8,0,6.839253558621979,rain,van,3,100.0,3.9021057980663145,3.544652362473753
66.5847587895575,21.144554343337237,9,5,6.521062131412683,clear,van,1,55.883193378393564,7.539703557156244,2.818918564485901
26.154044236946593,17.00286345287048,12,4,1.5263272581799372,clear,van,11,67.95259665700547,4.107943428754016,3.333814864428149
5.648124376166268,42.17702818681626,18,1,6.932082099869317,clear,van,4,41.3938524012554,6.268755143308508,2.071077849097897
47.69257843188388,20.04343996772565,12,4,2.957415940075567,clear,van,4,80.19752571833747,5.731612379176612,2.699302702818696
7.185676681632339,6.0666542715813465,20,3,6.812143659300277,rain,bike,7,49.521176967092714,6.29697918486197,2.5265856589313773
34.71040234693583,17.088614249956635,11,6,2.6056535259973446,rain,van,11,74.13168449373043,2.573852764865619,3.993405639155066
13.330157375117665,34.963810673005796,9,2,6.536868258452611,rain,van,7,88.52321030339377,6.993177371293507,3.4761680635791894
10.720186698398972,19.065844866186087,13,1,1.294083759510304,clear,van,6,63.82054690954355,6.054765215906481,2.1036114791375327
19.038666427470734,34.511066382652395,7,0,5.382157693217097,clear,van,8,56.0179474212277,10.614084833039453,2.9125162956917814
23.41465140528912,39.60918266599367,16,5,3.0497326716880053,clear,van,4,89.7716586953623,3.294352824377977,2.589000959138616
16.19388010698134,20.099096178743196,7,6,3.2694830114917033,clear,van,2,80.66037838972902,4.903667163774032,1.424002668230318
43.421843570793136,23.03282329852132,16,4,4.354037320441625,clear,van,6,53.05319225405081,1.7382081185554374,2.9918868062379826
18.975420755389653,18.082613449742496,12,2,3.570014247789709,clear,van,2,72.09595270097995,1.2579249200936355,1.7102160252874739
59.39159377042698,35.072435315609994,11,6,2.483291222370317,clear,van,4,57.194357683664016,11.578803391930522,2.7773307488067944
33.95168662731138,17.617453136248134,15,1,3.8423252504934897,clear,van,2,85.90850310071008,5.562020716809263,2.113408411301687
15.517279892298754,32.5920335307316,17,4,5.216916423829679,clear,van,6,71.84427950229046,1.170489857696968,2.969764059912933
13.561678973256301,27.42566880988934,20,4,7.172465873378978,clear,van,6,92.91537136515983,5.974259323946626,2.465841587346718
7.257264453280488,3.136811979717713,10,5,3.4307789662614754,rain,bike,3,56.02664292517012,3.2772278531004284,1.3929484789324316
34.21234494679223,33.92313637205334,18,6,6.134697099650034,clear,van,2,73.40639775715547,6.230119667080586,2.1721997364212124
20.41622570087344,25.51952414959759,19,2,9.073276728759879,clear,van,5,69.81626347465354,7.194718299807257,2.7112628867861344
4.064308336293672,54.8627885752457,21,0,4.8448332029145424,clear,van,6,73.82045659800697,5.254521394649626,2.382545974557027
17.662223650692262,7.6420472813036895,21,1,4.624022147231018,clear,truck,4,61.50510257577915,3.581119987745382,2.3697217107241926
13.186225692253865,27.766928586712975,18,5,5.3796095078451796,clear,van,5,36.23500985418107,4.422140329923625,2.101142925171462
95.6353071699789,15.578434128626785,10,2,5.415932297596905,rain,van,7,80.18609476797131,6.394204432160428,4.964412273683344
6.94329961575937,3.615476290610639,17,0,7.31540965315196,clear,bike,2,70.8042893118285,6.967628996351208,1.0875496422206785
8.558452235651234,2.376191323369332,18,5,6.596213214150103,clear,bike,7,57.53075718921497,2.5030886177963243,2.4231108634169356
65.88927716159635,62.58114846328693,10,4,6.715972690532042,clear,van,7,62.4728814101458,1.4848228100042271,4.601567957410142
80.27116984967287,27.835307699276516,19,0,7.8319620013821565,clear,van,9,52.46087170592415,1.841557257585184,5.747104173645887
14.939573757643867,19.55230442748773,17,4,6.014507809116244,rain,van,7,42.124987256667865,3.7215554301727756,2.6119626123457858
16.351691403578716,4.950821215920081,13,4,2.8124911807375574,clear,truck,4,85.58080715945509,6.826270136140865,1.978022637880616
44.38885024272014,60.062347948954795,19,6,6.4258239886828274,clear,van,4,78.57370524608517,3.8690099014910784,3.7880894152902607
4.213611685410672,12.24491126435255,7,6,3.1084811677310564,clear,bike,3,49.730320798529284,1.6826956863686575,1.2008322064011474
6.11683650783548,28.83406608479109,16,6,2.2984916656976973,clear,van,1,100.0,5.160195205909499,1.1739030220340398
21.658831209126628,24.75220779957707,18,6,6.981468259000178,clear,van,9,53.09779210029467,4.157257493596079,3.1977461013351896
93.6825981209719,79.76940491171237,6,5,2.4933621824198586,clear,truck,7,80.71870410249663,7.107153146991116,6.035315086935804
19.13302557249117,22.594859429051112,12,4,2.200508245692379,rain,van,8,70.05608167620645,2.1469797536193607,2.8786788365613973
29.392790799910227,14.74862054562221,14,3,3.2263533897402494,rain,bike,6,51.05563432664752,5.452219203827115,3.070226386393327
67.15688289747935,28.154856205770926,9,5,5.795054290843499,clear,van,4,75.24517027371903,5.063413158305016,3.5210303498122983
146.27783409800557,30.486097724387015,20,6,5.202630805001501,rain,van,5,67.23335906825014,6.141033616699474,5.915656031841004
17.09047381577539,117.60460691214496,16,0,4.994238099659391,clear,truck,5,60.445451292377214,7.754292513258152,3.944675133298487
26.749896950404253,22.294191446824538,10,0,6.53873858917583,clear,van,7,89.78726538323103,0.8707079424544372,2.8953754551430015
116.47121688022482,7.380606308671154,12,3,2.9204574683153375,clear,van,4,79.35836355158912,2.771794677450068,4.586654539461942
8.022423673054465,17.007271308889457,7,2,3.9046934179158668,clear,van,1,80.78804048119393,3.9431925940387607,0.9182534225281009
61.68648458580194,28.107235473416175,7,3,5.642492784139487,clear,van,5,66.77094450231985,2.7471854497118438,3.402544728686921
12.005292258532931,32.063029809971226,17,2,5.652852339635821,rain,truck,8,75.28226224606102,4.794971603471354,3.608891846809425
29.42892086398045,4.436089954578196,21,5,4.026400124249679,clear,bike,8,69.59681688813099,3.9806539527194387,4.262783773574167
22.329412644489718,15.331834718348961,10,6,4.735931301247412,clear,van,8,77.48813967365541,1.6948043512469246,2.5832085295887026
12.598663279978544,76.65494248465477,9,1,7.363776266458286,clear,truck,4,55.42702801627819,6.298901921745115,3.3493202873686565
12.348300692691952,10.132565564882155,16,5,4.416435965627037,clear,bike,2,34.38740932093875,2.0512715313884775,1.5256022102004436
33.8226768890132,42.880152706953275,14,0,2.033688460862775,clear,van,3,90.34200242427909,4.840267419621022,3.0412137052829054
60.12534476400471,17.49621820412572,8,5,5.284418881350293,clear,van,7,69.77874594252324,1.8628567657178716,4.060771692931163
24.439753234129203,23.34191925290629,16,4,4.499567463071341,clear,van,6,78.575948324112,4.830068370970679,2.6898653996927324
28.676860034696368,5.114276295869159,9,4,6.486964169065096,clear,bike,4,59.73323485622668,3.9444091373727073,2.962769462317559
42.81717268323417,18.93604594923436,7,3,5.062040659727231,clear,van,4,66.64365856551912,4.327754386613027,2.7034957054734363
12.462261299320634,27.845946218145755,13,0,2.7681121128963246,clear,van,3,92.80466370869166,5.023099271616897,1.8704602903035323
48.99675183002989,22.51682348541022,17,5,4.644274451852292,storm,van,3,75.45796477848087,7.289007093067763,3.145011350850334
52.22046551083213,19.920010144659376,14,0,3.1658262242282724,clear,van,9,100.0,3.1530050364248154,5.187779524603594
217.6527796263392,35.20121496914978,16,3,3.6219859186050964,rain,van,5,83.37381684460628,1.5977068409123893,9.926683973788036
20.06780214916512,6.6497764565982775,9,1,6.976857954179643,clear,bike,3,59.97774489883351,3.71974436478741,2.2257612933150033
18.79394152640568,28.83802326487271,13,5,1.4159504334408775,clear,van,3,76.62446642581463,7.421977638376416,1.807209846622382
50.157732866102606,2.1169592305806,17,4,6.840942587543026,clear,van,4,95.23459190996627,0.5108181357330414,2.910995426509931
52.21048491344735,51.487744351262286,14,3,1.8992045180113022,clear,van,6,73.30407833030979,1.5822200438644487,3.818470986081845
17.67109541433988,20.468488011807693,9,2,7.606791858056584,storm,van,8,79.68126175965195,3.8514606510876246,3.412995050762606
19.638066645767726,40.866207946401076,21,5,3.9051907671256427,clear,van,5,91.19165632823928,7.867439430205329,2.7149978281240856
41.80034823907815,0.5352132410797147,7,1,3.755362142821326,clear,bike,3,34.81838241415899,2.8892858556947933,3.534643240502115
13.984262740839537,36.82913275423056,20,5,6.455685806890481,clear,van,5,80.51941542507896,3.74303267463081,2.2809581267130703
19.522600795577702,11.85748159887533,17,6,4.3957266772828545,rain,bike,3,90.2021945097403,2.6614541371610216,2.4000252135875693
29.127251508030646,23.464042472132135,7,1,2.928350191906455,clear,van,2,58.48683424895085,3.207902749393612,1.6961144070044338
60.14455699832743,37.25373978879316,10,4,6.688652602266542,storm,van,5,85.67937117765217,6.492258873948966,4.607170621360031
16.71524382656403,21.79087981784363,11,2,2.3370542399653376,clear,van,5,69.92207605986239,7.119933220540635,2.0297559105008713
6.2095748433652265,34.11339707898186,21,6,4.623076114118926,clear,van,5,44.61851985892994,6.759646246639524,2.1292450873253483
5.8516403636780705,17.712149460357473,14,6,1.90776406317134,rain,van,5,81.85926047387395,6.130707212575852,1.73324787386287
9.899354437045007,54.31165981950449,10,2,4.8621852330874,rain,van,7,69.85672595491546,1.9387062046069923,3.4291384165001557
9.482669082629169,20.422922751068818,20,1,5.481118065174901,clear,van,7,68.88464410301654,10.731129425306385,2.6745687173350166
23.958217918046078,20.755864096065032,7,0,2.7482905203398533,rain,van,4,79.69167889367823,10.15397673000395,2.2821614846247313
10.4739987563657,21.066349976230377,19,4,8.079233313560398,clear,van,3,55.76217033685281,3.944427030500211,1.441562495899341
15.452889865184492,22.96048654190595,19,6,5.156810224324245,storm,van,5,81.5770938094714,7.686734365391012,2.690778310088461
14.595763159054119,6.996463009680424,12,1,3.0871891095674204,rain,bike,4,56.316123740219744,0.7534325142540353,2.047008928660264
19.06003455763249,9.829404031015669,6,5,1.8974818119454921,clear,bike,5,92.69327206012447,8.15598421493986,2.331323846357118
78.10104720094077,45.186245373418224,20,5,4.611620421555764,clear,van,4,87.08567744965654,4.747121184682426,4.437594752359026
46.04218638519404,40.84937557609795,21,3,4.694505089807293,clear,van,7,93.0668441790431,2.0938928960892835,3.722728695237836
27.464754613027324,39.01751676369648,12,1,3.184326948713135,clear,van,4,76.96366729683268,8.379424555837966,2.777968636693093
18.749722935526634,31.88900222917369,8,4,6.920329557190566,clear,van,4,63.644320661275245,0.912322899814525,2.442946066742665
19.17129052267304,15.024985930290994,10,4,5.496750623947096,clear,van,2,59.18697552038235,6.764578822028091,1.8623844038208883
35.24054181541495,13.735366491233977,8,5,4.779102237514618,rain,bike,3,58.29131628677612,8.311368453136817,3.3276754514892746
43.26462206557042,22.209952627100726,15,3,2.399454877087438,clear,van,3,67.41109908207214,9.166842160176612,2.276943476000876
13.116959288653343,50.1369171580873,14,0,2.413341182875244,clear,van,4,59.70524880752752,0.7221237297974852,2.6906321485549394
27.91557019005,26.666560901875748,11,1,3.4339488443792003,storm,van,6,74.87288885626442,1.30862904735714,2.753411039180944
5.337216941278795,9.372304962623877,16,2,3.9478442542631087,rain,bike,4,57.91928519156903,1.4353534423173024,1.6215278559899615
32.11653566768209,5.557257018291288,15,3,2.572516175295717,clear,truck,7,60.667255514305424,6.37633575174153,3.375414854432826
49.88495197081887,41.75664840074036,6,2,2.9113651716072084,clear,van,4,64.28671021790593,10.463914420631353,3.3385324147193676
21.670352854334922,61.170361571460155,12,6,2.1507782817961916,clear,van,4,58.35753100750137,5.52722362642409,3.4008883648089046
115.95725095247282,4.178208508344391,19,1,8.17796823601254,clear,van,3,64.86702356107699,2.996602841279251,4.825230879177987
13.396711173925745,42.74077974078631,18,4,7.687329760713912,clear,van,7,78.75750057580102,9.80660513179323,3.2571819670454114
32.264008862003834,31.34395166614243,19,2,7.309124817949989,clear,van,7,56.7414624745763,10.070233065201794,3.635395909850609
26.34662551045838,11.498190418646312,21,6,3.5826489708603932,clear,bike,10,51.94359800111512,11.061364717430441,4.28910013775142
25.02216084568789,26.933153966020146,6,6,1.4075939783956812,clear,van,6,67.32661860684941,2.083563141058682,2.691706017849371
24.742991212965343,7.967413916811914,10,5,5.2583448869687555,storm,bike,8,52.912115386236025,1.6103647717355862,4.520956448114862
29.538190638969354,19.191541682036146,13,5,1.5309573507138967,rain,truck,4,90.04913368536737,1.1674517516321625,2.683122104390869
53.42971194902884,23.176472493133772,14,4,2.4465667301974365,clear,van,6,59.52008188521775,1.5909167754229807,3.8869941270736166
81.6293590075563,53.956519251628784,18,4,7.9489462303868565,clear,van,4,70.72140796261351,0.8400856713434397,4.623491848255054
27.06387477294969,18.44215806310183,17,3,7.521129383835464,clear,van,1,76.80983052824202,7.621764115565779,1.529153393688827
52.052501722422164,12.665904206948396,17,0,6.5451599575772565,clear,van,7,51.06839614160599,5.429448709156488,3.524110389078649
15.465108825261042,29.620769817199843,8,6,4.86152497009918,rain,van,8,57.32926369758079,15.0,2.809929342389576
50.037081581283985,34.77563990017652,16,6,2.8758006550424544,clear,van,4,60.5498187009859,4.172411851001327,3.124707798914242
14.737669704393685,12.25862826137602,18,3,8.414835150375051,clear,bike,5,81.73730075789122,4.531715406311897,2.4874998315936647
64.87925641869109,9.030454261421376,18,6,6.0021772048145,clear,van,6,97.47316156245611,8.489461089908689,3.4148047034544384
158.93776363497614,9.782055340796216,15,2,1.6873324663714069,clear,van,5,97.83898889714496,3.2001279960486144,5.092262590639384
24.589828691774482,54.08586164829251,7,0,3.8994908829427994,clear,van,4,89.0996071246423,2.1330731588016065,3.1617683624261597
4.692498676131186,33.686540053083974,8,5,4.956141643137933,clear,van,5,51.39996425160197,5.231237140918044,2.0683681236645572
17.488467320054465,17.466770913289885,17,3,5.585088438204885,clear,van,3,56.85342033777656,3.9668069927825402,1.5325013421896847
72.63886487364294,48.013770374131745,19,6,6.123797317030264,clear,van,5,90.81194535448365,5.102346412718286,4.785831344087789
42.20173903783269,12.17474874427215,19,1,7.715740682078281,rain,bike,4,92.88330276617341,11.131886591837414,4.139914127184879
33.08668312559466,21.531383241282928,12,3,2.640791569590006,clear,van,9,81.93572874394626,2.520847033891837,3.0933651588056357
60.76018270780024,7.837158326527439,15,4,3.8954300788849308,clear,van,2,82.08697669528321,2.5932382036249986,2.3426955687394715
39.947366550299364,46.58043558076885,8,0,4.9544409706064325,clear,van,5,63.564064415245674,7.158704358505918,3.52834577491732
71.82123252530042,11.314670394479267,15,6,3.9532152338385047,storm,van,5,95.74206082196665,2.6443378969307325,5.134194345468678
56.573401767396426,11.54639051104075,9,4,6.973737108334783,clear,van,3,59.03435358381645,15.0,2.9261456198187563
91.59350492095271,30.11082557940533,18,1,8.237096013592616,clear,van,3,45.84198338594078,3.8164114104381683,4.3088795538843305
36.126868458331764,1.8446266681916628,18,5,6.320610634374802,clear,bike,1,82.01943712871925,5.4067852949639965,2.774746315771609
55.935963147255016,6.212046269182994,6,6,1.0,clear,van,6,61.258296008935915,8.552695216709754,2.994009523092567
21.206300725007072,38.13456764699186,20,2,5.394627543168099,rain,van,5,50.521511543699795,4.67251265445935,2.174567035983939
16.757255870186803,9.645278751842376,18,4,7.353506322720416,rain,bike,5,83.17005927692416,3.9601560261117585,2.89290559627284
106.20955880476015,97.15088841098284,12,5,2.943390162502101,clear,truck,6,42.57578367484996,7.8972399176445345,6.916235375847182
32.23212870808354,25.88295882526558,13,1,1.0917049677574409,rain,van,8,76.81490503351337,2.430773851816859,4.067574188619114
51.61975523915913,3.837025363839278,7,3,3.370971519118998,clear,van,3,63.30072294685559,5.2822906866728845,2.7406221868272187
29.93391179726879,63.257248001762775,20,3,6.371770339379403,clear,van,5,94.02043354305474,2.061018285484645,3.5552590846180854
16.958810279079206,25.861579018854847,7,2,4.4338466189782135,clear,truck,5,76.85940377389335,7.47169836359882,2.8772524257688206
27.351908691761842,19.589918437752694,20,2,6.594066368622,clear,van,3,86.10756490966126,3.76049316511396,2.1858717797986795
85.52384399636443,25.790041531394166,16,4,3.4999175476845505,rain,van,5,53.734338152997275,5.349276244473318,4.243965552326595
42.27483786042021,3.799419292570209,20,5,3.713518645572366,clear,bike,3,44.589020227612046,8.98271586857377,2.6977576026196672
6.895172108038666,22.089427350936514,11,2,4.4878283071657314,clear,van,4,64.56566268675657,2.243170177719815,1.594609246237724
22.823813319338917,10.297681871615985,20,1,7.386388820388582,storm,bike,2,79.17585305354726,5.959813872156306,2.831223089054373
112.82467150492897,21.032289027804612,12,5,1.8721730157079806,clear,van,3,71.06922686508516,7.540400891441733,4.343704899915717
22.85026033564194,15.368774482335542,11,1,3.1408314050080794,clear,van,5,87.26150359743195,6.925999195276254,2.261920055272596
6.42127725064407,24.786774479886667,11,0,3.712676334623431,clear,truck,3,78.19637255896002,3.7265676658881546,1.7255477103673253
123.27764751041674,17.454539890493255,21,2,4.6022783750258025,clear,van,6,54.258585196279704,1.4272713901296805,5.286396830028894
46.801441692771924,14.54558511816229,13,5,1.5728149756644632,rain,bike,6,76.96965856160386,9.195503819383454,4.301245815171588
25.635797458654338,9.265249672726991,13,5,2.88508441429762,clear,bike,5,72.57911342383068,1.4273366647420758,2.7873953745290354
20.143180837375144,4.010907198539352,16,2,5.027098214186953,clear,bike,3,89.06236144057519,1.2163324345716426,2.0139415406096526
64.44947244334512,3.059870386180822,14,3,2.4304216554012097,clear,van,4,56.10954355293063,4.284413554396932,2.6148477326023793
17.57387246147035,6.440750557089006,14,6,1.0,clear,bike,10,60.051319344589174,2.716370308769572,3.8438127482332924
67.93865323059981,36.054011239457175,12,5,1.5946034049356328,clear,van,6,75.95359298159931,5.6193438297066285,3.805462609109658
41.83595882031762,8.769550381177615,8,5,4.364531946566829,clear,bike,4,91.20679734018302,7.187153885609619,3.8282281785248338
32.974862883194966,12.544427100152456,21,0,3.689735530999623,clear,bike,5,67.00988962944123,3.7014441926510684,2.879341947682652
30.459923752667912,12.649705247662213,13,1,2.351818893849152,clear,truck,9,78.94797015544913,14.728629362503122,4.449156304735449
23.571198651729823,15.577150050110085,21,0,4.4561819811462025,clear,van,3,70.52833661527816,2.3437617952675933,1.9856166294300666
62.58415281683604,31.68813465606042,13,6,1.0,rain,truck,2,69.36336856257708,1.0448018344739165,3.8713480667715547
13.56815813961117,17.31326585517604,15,2,3.551395032761488,rain,van,8,87.27829771819799,4.215679071722163,2.4291310027235453
7.407254801513664,40.986585302368155,14,3,2.295850167498874,clear,van,4,71.64792309037665,4.477744276963717,2.024550247228873
44.32514389486167,6.519997799715947,21,3,4.573141447124907,rain,bike,4,63.36160949987645,6.2466633045305135,3.724754000860525
44.92483062336978,37.98140837909468,7,3,4.651422528646684,clear,van,7,62.474705429102364,3.2980963821786684,3.4109103834362497
39.812977302065406,58.23612100054231,14,0,1.6693754269656758,storm,van,6,65.39370455527089,1.388920225004882,3.477494165209338
37.56912974267767,21.86702870791836,8,6,5.810074359096017,storm,van,10,59.61936556751826,4.6250173122525196,4.10496700534508
20.97996001974888,8.15837237146376,19,2,7.659492105727825,clear,bike,3,66.431210276419,5.627938299666545,2.1516227799552086
50.90627330010656,32.14823320377998,14,6,3.036398743203795,clear,truck,5,70.88266856666175,4.853964575743095,4.229946506089667
26.1422687995172,22.172775851541715,20,5,4.2767657855004995,clear,van,3,74.30117856717759,5.740023365170924,1.925517172769991
18.3624744733491,28.11125755336632,10,4,7.154370578476303,clear,van,3,55.221826209300666,5.231330002252469,1.9075675969247128
21.12562904748585,41.83453913150562,8,4,5.280500040060156,clear,van,5,63.69151702947164,4.866265538252101,2.9365469310438885
136.52554760047695,16.221459408880413,16,6,5.46872234021529,clear,van,3,64.42519907867168,3.0000980167208096,5.476569918891335
6.766737967300858,14.13119658534952,8,2,5.242220248846923,clear,bike,3,58.54987045020598,2.8643820774323245,1.4228228093064326
40.44044845314635,109.85155041035485,11,2,4.9018499689596196,rain,truck,7,61.308849338717735,11.515135508341634,5.824253104712666
7.076020390255653,32.45371563981051,11,4,3.766665213641304,storm,van,2,83.51097763782242,2.1830761292876955,1.4824541227171246
24.86380991933491,47.05227844051729,9,1,7.572023271420988,clear,van,3,90.45979633686473,11.661804179496832,2.2379910633867586
19.165235980943596,40.13175514739793,8,5,4.770529753942828,clear,van,6,65.30470374895178,2.621777196532577,2.896634974195247
5.113976914367349,47.460698030265775,16,0,3.414137338373352,rain,van,4,59.33491728600271,9.914810302682495,2.1399023768073797
37.01155171189874,28.833164047659174,18,6,3.9808774952945805,clear,van,4,68.78100219647035,7.401259838054129,2.5650115420171113
20.004746096891857,43.52380451802288,12,2,4.691584521964977,storm,van,6,71.26441944667333,6.389007380874166,3.1085662266114285
5.056299673482805,12.613845653555783,10,0,6.062192673423601,clear,bike,6,80.38110925811709,0.277667890108159,2.038613073550929
53.072264851950074,3.890210421053905,8,4,3.6488631972077568,clear,van,6,64.0543408569356,2.938886481284432,3.527817470087557
85.45628361130787,9.898057258551141,16,1,4.5292085238354485,clear,van,5,61.86957552356233,5.110921933174736,4.049960298476551
89.30875057447366,19.6869160797227,18,2,8.324596351654508,clear,van,5,100.0,7.785804322513337,4.66829446263483
36.13150330524968,17.65699222064472,14,3,1.7108865756266098,clear,truck,3,50.5963129096795,4.1892238907642385,2.700502109097989
28.13027816094001,22.272135111242775,12,4,2.118834254687777,rain,van,4,83.51684049956495,1.5944452542587302,2.604395357677476
78.4550066455786,11.96289382490398,16,0,4.2712481610315365,clear,van,7,92.34571163056833,4.397364239302863,4.435426447370791
104.1577803544497,2.221837484705829,20,0,7.201965051766539,clear,van,4,66.19270575968275,5.747778834869794,4.908583663960179
67.14503372475042,15.84311787788841,21,3,4.36699641217644,clear,van,4,76.59886229068658,3.778802414713555,3.5158966393021545
12.765802529153662,5.683041401226544,9,2,8.170585607961737,clear,truck,2,44.8476654977067,11.032568875487355,1.3905957260683472
31.85122626624323,21.53175577499068,13,4,3.1041372143814057,clear,van,2,70.37312859001814,4.612466406867062,2.056309744508702
38.5367725044537,29.86689302421558,20,5,4.808883914314632,clear,van,3,87.39254742708599,8.115680014528337,2.3586524876829285
6.374504897340121,15.585146954180928,16,4,3.030702631308986,clear,van,9,71.80737680167303,2.941070730772067,2.459043544084484
39.46793332683098,7.663919077224242,19,0,7.591590280360481,rain,bike,7,70.57332629865016,6.883721086458841,4.920463264922865
167.0667546155463,23.168878864202355,21,6,3.850808573370431,storm,van,6,96.01370256738628,2.590171649420569,8.581346856180257
45.238519834420956,113.8374469580478,7,5,3.292363949705067,clear,truck,2,82.2862710345434,7.002759875056356,4.7127633368164865
88.12272675866858,32.44291021763255,15,0,3.4152564484656027,rain,truck,4,80.62374206848894,3.7398544617622447,5.626916829028523
31.385053741631925,34.23059629895785,14,5,2.517096942870023,storm,van,4,57.841433416987485,1.6475905998377687,3.422343197124332
25.570141952500826,14.23815370025882,10,6,5.227705477077981,clear,bike,5,33.326865348502594,3.3216105082496905,2.7726166920644566
36.782313273186354,10.60435563981972,16,3,4.066858795421663,clear,bike,4,75.59581133700419,2.2723079913593245,3.632620976582404
14.116420321442424,47.5363322598718,7,5,3.660355948595101,clear,van,4,70.08306353182998,3.515250346237196,2.246219149220005
12.540706210081664,1.2483519620099794,13,6,3.5477168863089212,clear,bike,2,81.43801744340648,1.681538365772496,1.4211187860956271
74.66740456727213,11.631395911404834,12,6,1.0,clear,van,5,71.87015579229572,1.4213007019335515,3.593399065981536
81.27787784454047,67.33085900376727,12,6,2.5382442815216972,clear,van,4,70.6657062612362,2.167543398371585,4.638806129902751
12.269480852648512,20.503951347680875,15,1,4.373319211157153,clear,truck,4,70.46001228041024,0.9114636333233674,2.3399882011642514
58.81512464268492,4.5030550810503085,21,0,3.347356319450466,clear,van,4,53.354462015157864,8.802669230042232,2.7479406608761257
25.290580635559728,30.524187923395143,21,4,5.087908389794751,clear,van,4,42.32451811311711,4.350956877476416,2.2616131576175316
35.58224792128674,15.671145542037996,17,4,7.147666791980335,clear,van,8,56.71560339645135,4.685401208986622,3.649652959818868
39.18033299347533,3.3886613684495797,11,3,2.8751036686682143,clear,bike,5,53.460516307341294,3.590122849855562,3.6384462175355092
60.068187453384056,26.37383418796451,21,1,4.8569176878525715,clear,van,4,69.31301153052172,1.9140145285530297,3.3337148536181123
28.967501436830634,23.468781126841574,21,6,3.2125699321255112,clear,van,8,45.50464298244627,5.764171431395367,2.9067683188810776
83.77457799440049,22.4285215041383,19,2,7.724570314189681,clear,van,7,62.8615686691144,5.285907073066071,5.075169583586107
34.72744414150476,32.1050677193107,19,5,5.958377780942292,rain,van,3,98.94184921543683,2.004863203362554,2.904111743260646
44.67202282005904,7.165993297456559,19,4,8.823078224545268,clear,bike,6,68.88139483780684,7.1179708566216355,4.045211552588822
13.920880772209648,28.414977943303068,18,6,6.128644804824976,clear,van,5,70.72111944267039,1.7137668164536208,2.3264786110552897
152.46380270531347,24.797043214032502,17,4,5.869242168606527,rain,van,4,70.23252572368185,4.591017574971937,6.585413933602116
39.482594868740016,46.84302709636478,16,4,3.930021227989755,clear,van,4,73.17915821463838,7.817464502011621,2.571714498678877
47.96146808366908,11.491107379471158,16,5,3.156905346219547,clear,bike,2,62.103341425024375,9.798281623119076,3.2175215922337297
7.489120377382581,52.655707920926226,12,0,1.8218894690662322,clear,van,3,67.5228195277482,3.7875894165954094,1.8007580073265437
14.038988916872372,39.6380498192435,20,4,5.862182421101218,clear,truck,1,61.87031378193491,2.414333731614169,1.9346921833474777
72.98886901932902,19.863765485346516,16,4,4.381257338426258,rain,van,10,47.60604529589236,1.245224441539022,5.616357149261664
34.10734969469046,22.417699343058644,15,5,2.649678402476062,rain,van,5,87.59479676860434,3.37323553646779,2.870980002285853
5.864845928658013,1.4267272003375173,17,1,7.203124242601278,clear,bike,6,56.76753878171321,3.2801852729511745,2.159168998480657
62.21722826760524,21.92581204637667,7,4,4.24834458038527,clear,van,5,94.00899115326017,8.115587987862847,3.737594915909487
17.548592662364698,37.70249169887239,20,1,5.860313883479304,rain,van,6,58.52844411037542,4.636567454795333,2.595772156077685
83.85202084558749,17.456944295301792,15,0,2.0988845880606,clear,van,9,49.62154057446337,1.6480580241278664,5.0877334903519245
25.27286921044285,46.761517360782975,21,4,4.5226178209632995,clear,van,6,99.03845140354443,7.044023168061015,3.038294354227727
31.93700436107269,30.91426546467207,7,0,3.9616648361455935,rain,van,2,47.80529426689766,7.901097101780903,2.272795876592242
69.62778259267853,81.3351080088368,9,0,6.932551569276409,clear,truck,6,36.03066933461891,5.016909666629282,5.810882180493095
13.223633208321669,12.238738636059965,21,3,4.497051930036497,rain,bike,4,48.30425000509865,7.175760957657317,1.8835629965917913
12.25240879188752,35.15089456823871,17,6,5.407425662057411,rain,truck,4,67.93190854298201,4.21279779362691,2.655054021418247
23.16867761548435,5.863643877881625,16,5,3.6454854902399947,clear,bike,7,49.93343720277092,6.731472804999039,2.907877307196349
52.54858865070744,18.80088981901833,12,0,2.5491034024149006,clear,van,6,61.560886181920516,2.93196137140736,3.5535506546839444
9.349269369138609,32.26256000866094,14,0,1.6418457592030629,clear,van,3,39.49847300851388,9.998860857150074,1.7202859379653221
7.138997212709345,36.742081580681685,14,3,1.7927233873369801,rain,van,4,86.31204180403813,1.7727261557872653,1.7636680403248424
52.403676005076086,16.351351565725416,9,3,7.6786132245880925,clear,van,11,76.29807660316956,15.0,4.572752932179234
16.736924891456635,50.32465490100569,15,0,2.5688475923951906,clear,van,3,51.012179841733115,12.767329589725803,2.1804646255843836
19.810640446917578,57.967199764788475,14,1,1.2061169684878392,clear,van,3,35.26717494904403,10.210670122084808,2.160735906812124
6.138323617703332,12.36649730032284,11,0,4.984240337805092,clear,bike,6,56.443458486278104,2.439554130349893,2.117857142675873
15.749624890603618,19.28384212069216,11,3,3.30267779881065,clear,van,5,79.75267718267371,3.447929450204047,2.1683423719758426
26.948999239496533,17.682239711375843,18,4,7.801124709476265,rain,van,2,86.15078120734816,3.0643136320395414,1.8462035879678504
57.07135266347122,14.228350934364235,16,2,4.680052106831084,clear,van,5,66.46597473581814,2.5459713412484066,3.7476462282682332
14.629146393374514,55.50805230042792,13,4,2.2017365767874346,clear,van,2,62.478277191278664,2.9511083595729897,2.0877725641634646
102.09470839780039,55.07134402149684,15,1,1.0,clear,van,6,61.32136001647374,6.042421598636696,4.582888249403317
15.679516526161327,18.178688435829454,9,5,5.9123946888755805,clear,van,8,74.56526004284873,3.5631185945252124,2.6472962022738185
15.697893929399939,35.02683792254414,13,0,3.260332476457542,clear,van,3,83.22277996993881,1.9941687087409137,2.1350668571372267
92.74799105960402,46.38385712060979,14,3,2.912176984837694,clear,van,4,67.8528358534059,1.1063197541857839,4.616449491957027
32.110019708793665,26.6454036211138,10,2,4.3045781073352165,storm,van,5,64.39191729434953,7.485361148716225,3.1421918628430627
17.43326594296055,17.05884591014906,8,3,7.705482717956364,clear,van,3,81.71114738373801,4.8796247149445815,1.8817394133579597
23.948207917257022,11.584011852390752,14,3,1.2222699608903613,clear,bike,6,92.41554926266733,4.412238827743275,2.9436830761845845
80.03458566267769,37.46506542040506,21,4,3.424292748602382,rain,van,5,65.700726747443,0.5078434718289897,4.007741023809773
87.61587961872682,6.404076122579832,13,6,2.384831575915603,clear,van,6,71.27382974492039,2.0273042639062697,3.88554756786467
14.105509370788505,17.44458645449216,20,3,6.602162827870653,storm,van,3,58.728321996127384,4.4842786321322885,1.9075675346124017
26.20769190753568,15.030683212000088,19,1,7.83719503558941,clear,van,4,71.20455797305964,5.788333022418873,2.3686614581904712
29.140398094953618,5.986456772152959,17,3,5.784368002569878,clear,bike,5,56.1018758986084,0.37213701904166263,3.1341796902734416
12.317338594394268,20.53609542549985,20,3,7.304575049740652,clear,van,5,91.32795155782462,4.365709264622546,2.145873496996479
25.93133175568024,18.95017831613565,12,6,2.116953627863217,clear,van,5,83.29202824949292,5.153260254802076,2.569407405594398
27.228338521719913,9.47591479597182,18,3,6.520273418731005,rain,bike,4,96.05537776957604,2.2311868065667895,3.71085003442991
67.50269905974699,54.073122405399204,8,6,5.788789767626133,storm,van,8,61.599905725061454,8.659868251268314,5.890214682656373
71.23184806201263,37.65241236941879,11,4,4.232008586969045,clear,van,2,100.0,1.6378599152163331,3.851808078774149
20.83496283952671,22.70050813838146,15,4,3.7997219489429424,clear,van,6,73.66842979976042,5.225741394279434,2.601594349308051
22.847403646518245,41.820745669600676,6,2,3.1347153151500993,clear,van,6,67.9931046898808,3.1339569416575173,3.067926473268936
46.12863199245443,48.92623308786743,18,1,9.686225223395198,clear,van,3,88.87144241587553,6.1720743298214655,3.503452224399438
16.97682605505663,55.75700721185454,20,0,5.991913449723016,clear,van,4,54.69219465350593,4.2597535517055585,2.415618982717163
43.41965077172952,12.174438150107715,7,3,4.068436053808839,clear,van,2,70.50250898713537,8.149924823931643,2.3667073160025747
25.27143761845509,41.80929034379532,21,6,4.005487168222248,clear,van,6,67.65419545005135,1.9973674190398856,3.479547236066264
12.484415891420062,19.015179420578136,7,0,3.812527632106498,clear,truck,7,76.26340519699443,3.1252272161067407,3.1207848147324064
12.610510459593879,25.95354600152566,8,6,5.445059974707595,rain,van,3,63.34477916392871,6.237711685675686,1.8049149402684832
86.28423949817635,12.733261543257948,18,6,3.8604111683543776,clear,van,12,61.908853092413125,4.700255119700147,5.569254294652385
23.923537733049063,21.873464673191716,16,3,4.228895034002982,clear,van,6,64.28917501074066,6.3093652888671015,2.588651641037187
100.71384472382171,42.23824574892357,20,2,6.157495692223633,clear,truck,5,65.64276373727148,7.005490383624481,6.286138282708007
17.97696096053829,65.55939689323206,12,4,2.574145714220151,clear,van,3,71.17983835572136,6.807326260517142,2.7404220993606705
34.22526660457098,20.217242838804005,15,5,1.6246317076832963,clear,van,3,89.3200527700691,5.13918502099078,1.9500540123036114
183.85389226838623,9.770967778847037,8,0,6.728585530391242,clear,van,7,37.652607299048675,6.932906294553063,7.2798609641643965
11.635847146277372,72.19335891563938,17,3,5.836337137309483,rain,truck,7,81.49610394110805,3.981724846571546,4.514890153218359
5.940233248810838,11.749825249868646,21,0,4.447247836375607,clear,truck,4,62.916829878401586,5.984231165232854,1.8490356604515885
75.88902721891854,4.000710247834274,15,4,2.877985671341083,clear,van,5,67.3165058612449,1.8349378820948676,3.880188606651396
13.9929371871307,13.65185114773252,20,0,6.640181033439837,clear,bike,4,53.69923350854148,4.809637602507979,2.189953722559927
26.66721501121746,47.27349789272231,12,2,3.830286524133771,storm,van,5,70.69232372934148,4.992626628311786,3.3394936339436803
16.966917720055235,11.048952812951756,21,5,3.5857057372251084,clear,bike,4,64.1293483355816,10.731307841752821,2.075822670635899
33.60013970220559,7.501622481021883,14,5,2.499478583055441,clear,bike,4,66.62583185736872,3.68987666743344,3.2662461154529963
12.674232992720512,24.128827841605293,8,1,6.119583397025872,clear,van,5,78.74687868925598,1.4644014040868767,2.357656508560867
23.477627107452147,65.58077918395699,11,3,3.6517740374541137,clear,van,5,79.53044181434842,1.4434738886500462,2.9521693603359216
38.855601969015176,31.34194947716223,13,1,2.085915847109259,rain,van,4,91.29963156181593,10.703191795855505,2.913298979425289
12.101784135894349,6.294372045857059,7,4,3.8287275556136144,rain,bike,4,61.11577790247322,9.433388804876877,2.0558102812332915
15.485944038633384,89.38177895035273,20,0,6.694419372692427,rain,truck,1,80.23528571532364,5.4118202801640285,2.8850812816069378
20.53423992567621,28.655288999555516,9,5,5.685325925405547,clear,van,7,79.50252878515424,1.1548950735404797,3.147919550799035
8.644710686807969,43.98222299826842,16,0,3.6517099726139213,clear,truck,5,71.31652199213967,5.4765653819570055,3.1101070139173674
19.335662983414544,4.924662830658256,20,4,6.062319855866237,clear,truck,7,95.28156031369477,5.777514873386139,3.167630513464472
29.815763552465317,79.48423304985397,12,2,1.4647845257497925,rain,truck,7,60.42583691355311,4.395494883971231,4.834374548332521
19.694922210937932,16.091012068912633,15,1,2.7600340321922325,clear,van,4,72.26401106182196,5.454471797078042,1.8372259743184531
21.82156728323293,4.469769124600423,14,3,2.2839958967612075,clear,van,5,74.57418883604622,3.345683542270353,2.071361571347777
26.68438767937459,26.385738501809033,18,0,9.219685586739399,storm,van,7,52.031924512314625,1.1668114555696165,3.4046475749676044
16.045127646382156,43.96724111097505,6,4,3.75543806506102,storm,van,5,88.97415679040782,7.424827694298142,2.965937734796889
47.127186977101076,34.89476182977311,11,4,3.2293209144781985,clear,van,6,68.40100019883928,5.296785356549295,3.8763730319801355
85.52275662124542,34.44794435201901,15,3,3.0691321185779907,clear,van,7,76.55902174294992,9.451193555065853,4.223215574085953
18.699479443809523,32.6616505060749,7,2,4.231009712049529,clear,van,2,93.69601465057417,6.71012402269566,2.055626069738251
39.97117563327261,24.599107251711466,19,3,7.588577069185732,clear,van,6,73.22518293784009,2.405460753669709,3.3971160062928094
22.383101473444015,4.903277806221001,16,6,3.296346491025845,clear,bike,4,70.60536621585247,0.9428534834506151,2.313590585555765
36.3207744341092,18.784735399477746,6,5,1.8581813384745947,clear,van,4,70.99615037216151,5.6662723979873615,2.302032603826406
94.88101424540824,16.725158431567525,6,0,4.174843205892084,clear,van,6,54.92606993155485,4.408216187290091,4.564167776260905
40.72848131879074,55.911332883470536,8,2,5.670739856807047,rain,van,7,64.29137410821507,4.620862799347342,4.058074465806573
6.561822398023833,47.322705063649536,16,0,4.559871353542937,storm,van,9,67.72846590211017,5.3470852923555166,3.6339085267811675
38.98576210166711,14.929041240152358,14,1,1.0,storm,bike,3,71.47295448961599,0.8284471795044654,3.8009264501230717
72.69633674712847,39.15576560761429,13,5,2.4181842078056546,rain,van,4,90.67961097507138,3.950892183406889,4.1946317788971985
22.70813122294065,21.022735694505233,14,5,2.7737648077521957,clear,van,8,83.9370077942042,2.400021221474791,3.5880855470313344
60.129937455379384,4.020603065047965,13,3,1.3575378530767144,clear,van,4,61.18555241721455,4.8413777244418945,2.593462265017953
15.60993494625826,1.4528959162770847,11,4,3.64707119252457,clear,bike,4,69.64787832264436,2.5071772182788736,1.9186053483163121
8.26119022659992,35.87055948147279,6,2,3.037879232486543,clear,van,9,91.0116362021673,3.3436430250705365,3.0641962130340303
30.35420976289953,8.475022593764994,6,3,2.692244971915397,clear,bike,4,44.14029101218904,3.2088674877590995,3.0434522391287984
6.6513418974609095,8.438368162928576,17,5,5.365010069477005,clear,bike,4,66.58771077585071,3.3531615552352165,1.6352253101474425
22.38034659729799,12.047011979922885,17,1,6.010100144667217,rain,truck,7,50.40768286188278,7.140529705694862,3.5477623650197416
75.90433596560109,36.44815468450687,9,2,8.490617674128966,clear,van,3,100.0,3.1960487989223396,4.167182052862499
5.883722709287743,47.77420341659101,9,0,6.4642132587765415,clear,van,1,81.58441295695184,7.530858180172711,1.4898050363097588
9.741572607226477,47.065219785839155,12,1,4.838777655449235,rain,van,6,62.556265356835944,0.5896119853153879,2.9179973883911754
11.874273912855546,3.470934848238578,16,0,5.280660772542832,clear,bike,6,69.46330772980552,2.5539938766186507,2.0675687345058424
25.773429894833622,11.584131433070743,15,5,2.9918654963975113,clear,bike,4,57.67354255774822,0.7859452309389477,2.33715636635063
20.235258871151434,9.93421455184821,14,5,1.0,clear,bike,2,99.87039926808094,6.4883547930213314,1.7156365464414738
83.03889440775875,36.429173233717975,6,2,3.4044223233414175,clear,van,7,35.601610599654585,4.08878350807089,4.4423649742762334
58.17633536922105,11.752820241639004,12,4,3.1686686295551536,clear,van,5,74.9117352169031,3.6193780321260283,3.084582040248537
40.2946359394789,19.8216877559655,18,1,6.077238704292306,clear,van,4,68.93237119552329,2.805198522926838,2.71597138431318
30.462738599190157,38.832686541583165,15,0,1.7840363373355876,rain,van,2,54.56859826088692,7.186805156090383,2.1288490906924333
37.13588755443371,22.9959070012852,18,3,8.059029367563046,clear,van,5,66.2306859746866,5.032424387276076,2.9083909469860987
13.604683599188398,28.567180216231524,17,1,6.133253218994385,clear,van,5,45.68911255607085,2.8466127999687947,2.4482611599937436
53.826627670803425,19.2427302240553,20,5,4.578729166084774,clear,van,5,93.5473282694835,13.257106091565815,3.3867818001001497
11.138021288582758,44.36204480705519,15,1,3.7708759386769364,clear,van,3,70.38429941388821,3.3136278719863,1.9708419225639455
52.89461802981892,47.50454712739939,15,5,1.6191498357545937,storm,van,6,83.72582163170773,1.131805863684785,4.796902257608437
70.02931931364364,32.650846699334295,14,1,1.918758448024961,clear,van,5,62.73110362615908,8.102304892930158,2.8822081027125352
32.094724847750896,47.63896132271825,10,0,5.486149462518027,rain,van,4,90.16880647790114,2.922424256613267,3.300093816920695
23.547733006387023,109.10158406525933,12,3,3.093653291314444,rain,truck,6,70.52154869249088,2.147243658127332,5.25276157788983
37.34682594769909,38.35128246625949,8,1,4.628120699697395,clear,van,6,86.09388237554354,6.274476319575581,3.212869887381107
3.0,21.587671350863594,12,2,2.287380403530338,rain,van,5,78.51145580964645,5.3439149236297405,1.8976028675102072
34.52924253704285,29.06574313688663,8,2,4.625475083024053,storm,van,3,69.49554211186265,2.7607388716309234,2.771170454798064
24.762162977326042,51.03437109744432,13,6,1.509029120892254,storm,van,5,84.99525222796774,2.6362457771739405,3.3034130243366393
26.036450787151736,15.927184601308323,21,3,4.865467524124034,clear,truck,4,100.0,6.957012073003732,2.4315553496767444
47.71405508292255,14.855267418107621,13,5,2.3520466972834586,clear,van,6,53.03238576242616,4.55440314656955,3.235236100842676
25.538442417650558,28.697095492849606,17,4,5.657814330113057,clear,van,4,68.18683206611693,6.966432112568196,2.369951694758962
10.889886502116939,21.274310887450042,13,6,2.1859870634185135,clear,van,4,50.59492393770275,3.947757633082327,1.742592090554592
24.212713908856795,9.84080641812162,20,3,6.091758929360848,clear,bike,4,76.22070324130442,1.8864497974167986,2.8056024812795948
28.61824316188641,25.454258052487166,9,6,6.688872270052926,clear,van,5,73.38663958085654,5.341860835615982,2.9556988522726106
29.723771987166558,58.381393256514045,19,6,6.114371271938892,clear,van,3,99.13976009522747,5.8349122885828955,3.0689537007051757
30.86230368909975,31.855251881366655,17,6,2.6134765072350494,rain,van,6,66.15067287465082,3.565898487701378,3.2847550347618584
62.27096314068196,8.04486271262703,20,4,6.955634474125578,clear,van,7,84.27780144672181,3.946242030058058,3.8452603779618215
11.372206560426788,35.64409465766626,8,6,4.435670448252091,rain,van,5,38.80496119220502,2.142922267552498,2.33487378164381
31.204439143404265,17.94081611252611,20,5,4.772551772005892,clear,van,5,72.27667154597782,1.3565574824997073,2.975268899087584
76.0920475109996,86.08475953591422,20,2,6.5086284449492,clear,truck,6,56.952869575289704,6.428686414207807,7.286616619584395
6.768711896668345,33.625045313547915,10,1,4.864006962471802,rain,van,7,78.88410592883358,1.7915916140058576,2.1490932315211295
31.303106587696693,13.56395518032011,15,1,2.9674394430154862,clear,bike,6,87.26984427497203,5.2571621938158755,3.4565898102993264
16.97424505326953,37.59331691751592,15,4,3.3353141790209806,clear,van,3,61.000843908284885,7.307076294432034,1.739472399329685
20.15458271222466,26.859455300187378,6,1,2.967927767955895,storm,van,9,78.10858719389672,5.89026226917064,3.3723668305535015
13.146479411641163,54.59961460719685,14,1,1.8038062016110716,rain,van,3,64.64626905966483,6.674018909918532,2.0922481656292944
23.67357453251592,14.78823724787253,16,4,5.080667209480518,rain,bike,4,70.70964085981795,8.657778601734552,2.9732637140457063
118.27406208584426,33.568751578270906,9,2,6.2020086050909935,clear,van,7,76.16999810443919,1.017803828739851,6.3059982015429625
9.859699693068066,4.909414362840885,11,4,3.5561632866926383,clear,bike,4,54.940212219309046,5.8623292810729,1.5859648849476462
10.636718216278618,24.61880529561135,15,6,2.217372118068338,clear,van,6,55.013845171105956,4.677876479566778,2.305475851454392
9.568269311041773,7.828502151538436,20,0,6.476264354574278,clear,bike,5,83.00893782100331,4.634636390225827,1.9100137226471856
107.97876952225337,26.19405727736903,6,4,2.4170417617006463,storm,van,7,59.83950146956614,5.8754817459706175,5.817469951730396
18.730032199275886,30.691521325529028,20,5,5.974781252926714,clear,van,6,89.19532891480847,1.5081092957785849,2.6920143410355024
26.562189354367785,32.635031198830525,19,0,8.009155922278484,rain,van,3,43.37378817822841,9.467552640997958,2.3039190078409075
19.64403337396661,14.769160433946968,19,5,6.2788679320779455,clear,bike,5,84.0301821053417,5.504577241275045,2.8406174747165998
12.736370217663909,25.19342522788848,6,3,2.8847853436839768,clear,van,10,70.12364288677644,0.929116830526822,3.2851108032517735
22.46322399149224,50.02094105645537,15,4,3.494041327881927,clear,van,6,68.59644582501015,6.177604527419915,2.8820095930804666
193.75507948551706,70.44365163068089,11,0,4.249200507108119,clear,truck,2,72.21054829858102,1.0037105122405952,9.572980680610495
82.5708519905606,25.85539497283176,20,3,4.7922762006375335,clear,van,2,48.31164022350454,7.321906749220848,3.4200160452855215
13.70347904883886,50.96913588273196,17,2,7.111500087550129,storm,van,5,86.83109343208226,7.220238321777836,2.9462639562026576
45.515789259340806,10.657601059447872,16,1,4.382861805124401,clear,bike,4,63.545626839411526,1.7957658056254284,3.4661873790347104
13.940270111508124,16.780645323556218,6,5,2.6892233788857487,clear,van,3,57.48608070487165,1.1401284989746328,1.594909859185895
6.546338521029916,28.039757731772646,20,3,5.915134846330272,clear,van,8,100.0,5.704286651810962,2.9125265073392588
61.2895119272451,21.384609030123734,13,6,1.0,rain,van,8,64.76682130431405,1.0281612831042835,4.374058705964149
68.58502917500012,19.657654167748614,8,1,4.180559563654733,clear,van,1,57.04541414689758,3.563196596060055,2.788643441774992
62.60479050632888,47.34459617051432,19,5,5.462847329631836,clear,truck,5,82.19370665971519,10.269933119796523,5.2088934992146205
18.617608019451957,9.120651655945906,20,4,6.653725056642839,clear,bike,6,73.95216326068353,3.788299849265797,2.99496178558615
23.72618790021273,10.010617155741349,13,4,3.2374746403286343,rain,bike,2,85.14883501304402,7.124002946195928,2.152663954307534
49.39318419562898,6.635319861313621,16,2,4.528698618884257,storm,bike,5,71.25122464925757,8.90659928542007,5.134107724034481
37.08441608977425,28.676810357603976,15,4,2.0659346556132356,storm,van,3,84.32701934232445,8.170716543224184,2.599167271352482
19.78828355609512,17.920996926382,10,1,5.376473978016673,clear,van,6,100.0,4.7765643209181246,2.340583040611423
7.424182249718688,44.19204083944386,17,5,6.080540875982568,clear,van,6,58.63213962990444,2.365883446917062,2.6565065993312076
29.698607384947646,26.869996649940994,21,3,3.238403619884778,clear,van,9,63.116835153868806,8.91973866300957,3.3370438597125824
64.27737553457668,14.475508404454626,20,3,7.9213079723682895,clear,van,5,45.96071636845609,0.03599429843607577,4.126256396847874
10.401285130699037,12.634075012902914,16,4,5.787951659323227,clear,bike,6,75.69978979528383,0.46009781647583076,2.8276420680436605
45.19595109767342,20.37128656317386,11,0,5.764358248491214,clear,van,4,71.87692407611587,1.4000492450611108,3.20137226395689
35.34770104382909,7.940020719796625,20,2,6.544450857144355,clear,bike,6,88.9413483163921,4.649745104638938,3.6048631448485295
49.40830910648403,48.123612877544275,20,1,5.966669813078004,clear,van,1,69.57082662454201,10.050497632619017,2.5854095680986275
54.46620402971323,17.212453246478695,6,6,2.4264181460295804,clear,van,4,68.73682272012019,8.70624923071386,2.848517259444048
15.555710508119374,5.493513159969455,11,2,4.78344855343686,storm,bike,8,72.93600539427129,3.6213211949898527,3.4930339287509615
7.436739249569568,54.831825930429595,14,0,1.7623304778055533,clear,truck,5,66.48751279484584,7.316647314208126,3.210365052444636
17.693270675296272,20.61334028181891,15,0,2.026753992851638,clear,van,8,75.52055300487254,4.1067950453133815,2.730181254180194
55.21871049108885,35.4860761664797,17,6,4.764765201837096,clear,van,4,73.39678085697516,3.1756119209901157,3.082398773196009
17.573584205934157,14.652343317367645,14,1,1.6651049804119151,clear,bike,2,78.08419285931978,5.845118863600259,1.6253548532938045
15.560961982601864,56.1273002480327,6,0,3.669385599305728,clear,van,5,66.58193869281902,3.712746167769936,3.003650037281572
6.31494929490779,11.17320787022655,8,1,5.51054364857075,rain,bike,6,78.25116218809481,5.5654989344366435,2.2014134869291495
110.18029215325451,17.914122449934087,18,1,7.849440199708521,clear,van,6,79.2566761262087,7.721785137383529,5.85425716456079
52.48728307643077,3.743530817449011,17,0,7.026325412813307,clear,van,5,65.10474513118697,6.363015709410146,2.986970189848832
50.19506851001372,55.19522548119078,16,6,4.45357115920749,storm,van,5,68.77493383161111,1.753679041696869,4.246460921149243
58.802261169192846,13.123192498450276,13,0,2.366009301840989,clear,van,4,67.36129547846627,2.6476917538654043,3.051742364107699
43.00716325885796,29.183256312462298,10,5,5.1104556236358745,clear,van,2,51.59476820827538,10.167784523535618,2.064689278772397
22.298890321414245,32.291751876178274,10,5,3.9894261323424924,clear,van,5,62.712979244474774,7.354463020496687,2.567281465878962
23.7834204149192,49.15464431742478,17,4,7.058338313866156,clear,van,5,81.40948270389396,4.775176266422352,3.4496412651500457
19.25842270826817,27.572431913383664,14,0,3.2937697962756225,clear,van,4,82.69254895399658,3.284191862529452,1.8064495024343774
223.13848853664393,21.595627197650643,8,5,3.306667349708065,clear,van,3,75.07827635570023,7.1784959605017455,6.603375546157985
42.29756946899476,45.71087032091939,12,2,4.095874541439159,clear,van,5,54.80150934674966,2.945538517840567,3.289271444437472
18.70815727985004,31.901639056465587,19,2,7.212399377901312,storm,truck,2,84.68121068406279,5.681358843600228,2.44121725750297
39.34612203097999,19.054754346346744,15,1,3.3834212936207857,clear,van,5,97.78006209671393,3.9577075330152183,2.7893791099726757
12.077024738814302,56.88957471641178,19,5,6.2803909409707614,clear,van,6,78.90073625474562,4.850131834774329,3.5530167288204035
90.34226256155478,33.723228799816326,14,4,2.2346505255493474,rain,van,4,69.95837782464062,3.518076054013354,4.1822082707198005
15.976912690868105,7.28704233478364,13,1,2.033947493735721,clear,truck,3,57.04107003190565,6.643535743673875,1.683529566095215
40.482441872535,63.949703960546415,21,2,3.4929776506991734,rain,van,5,69.79072549146021,0.7048268319517134,3.5221821443019907
63.610725991675274,14.334308876437422,14,5,2.245423370468629,clear,van,6,62.57722244702019,1.6510970562079779,3.1168913558360494
36.88536409465476,48.986914651019475,8,6,4.574114072638815,rain,van,8,67.01370965342873,3.6061683454268265,4.237000019860851
29.2411216262195,5.600346458113668,12,6,1.100876450949016,storm,bike,5,89.33797343555932,4.550265816931781,2.970772718361292
27.347952628745148,45.51369924901744,16,0,3.459117887904294,clear,van,5,83.24698029910898,9.260984612484796,2.5950611234658436
25.91565231075219,7.742070529369347,11,6,2.2113074631231378,clear,bike,6,64.8559464336431,7.5905775230602845,2.883877975236623
17.092524579924664,27.024720297713223,12,3,2.265845444769047,clear,van,5,71.31771910203922,1.285776003388256,2.371114158234775
18.92366501817666,33.04693576117361,19,5,6.606421007863939,clear,van,6,69.92725110005853,4.903059335957787,2.548747040611902
88.55929245451013,19.385099544873935,12,2,2.1166234445315575,clear,van,6,63.500190381048526,4.440815586890883,3.887455456543333
24.85777780846984,23.63285738982507,10,4,6.784126538320889,clear,van,2,49.84766386691664,1.0228578533174189,1.6471955257496071
14.4596640657576,9.44018133370797,7,1,3.9601898772179736,clear,bike,5,82.42040230768225,5.676098596097616,2.3706405050315063
17.938727487022593,42.25430130936671,12,3,2.4539939475375654,clear,van,5,87.72855520901552,4.992333677061627,2.611707721741529
65.38523997642247,28.11260256184357,18,1,7.786339370667503,rain,van,4,60.88867253874949,7.693200962361098,4.015335545678185
46.54805903620262,11.114011945750493,10,2,7.119897238336648,clear,bike,3,60.20324371186146,4.598076521252522,3.609479971756146
42.447301531989616,28.915548389779897,13,2,1.1020909228033662,clear,truck,7,83.6167151106856,2.3988885947864946,4.45020512724585
22.064788136211373,29.58351391387801,16,6,4.754790888066134,storm,van,8,60.01093996638702,4.5922804191372375,3.2784973439814094
42.89219935306262,24.51066336994018,20,4,7.008017754296507,rain,van,4,49.199877967129225,1.7300201477158876,3.4090905231125768
16.202265854823562,1.501506839488694,19,4,7.755601755367644,storm,bike,5,63.33965717231568,3.6538379530069567,2.7482256935335205
22.027876721152804,17.194458354015136,10,1,6.950193840747682,clear,truck,5,90.33998995137034,2.193259451412067,3.0817296056430745
58.90014720635383,41.8044442913248,8,3,5.745708977894752,clear,van,5,62.149157025679756,9.077366524023189,3.5023343220667082
54.56660923125712,34.38811544217345,16,3,4.515664338925103,clear,van,4,60.275366742688846,4.016964998787866,3.537605542335112
12.360082456428321,33.64916713760526,10,5,4.3698870283118865,storm,van,5,62.93534239868047,2.1773581431884734,2.201517680258726
13.675129767683368,27.95335323519757,12,1,3.458698016118896,rain,van,5,52.73766585681668,10.58019954900249,2.203927879040345
29.575955654263797,45.22792292948286,7,0,3.48975697656333,rain,truck,10,50.23669455690453,4.268174995359035,4.61621018774436
107.86774568599405,14.260415423131677,18,3,7.731832795229255,clear,van,7,66.06491594769238,2.5086954227854257,5.6164788161401225
5.856474892635171,11.772098094316979,8,5,5.346260862303518,clear,bike,6,48.95853071797328,3.347001727139004,2.1615588495335567
33.87462983148775,74.86629770303895,12,5,2.986966021199075,rain,truck,6,64.02361206111763,6.825007758395226,4.14332628168385
9.017483777044466,13.003184461653554,12,5,1.4914902745934233,clear,bike,3,73.9521911315158,5.762548664783932,1.588964415122615
16.322347892978367,7.0265739475272895,6,2,3.279187004481732,clear,van,1,75.6518837177081,4.854732395553106,1.0788026681548961
20.256125984342834,19.104317429309123,18,1,6.987338961529703,clear,van,9,67.89010329891033,1.595548705026711,2.7537248131879415
19.367440381631035,25.202700182084286,15,4,1.1874519226254234,rain,van,5,52.02515577288714,10.142357659548049,2.282807125752715
17.689358574014705,45.428904715347706,14,0,1.6845002846531787,clear,van,6,63.83001355864861,7.473669960790524,2.9861799396441793
27.269412377198176,17.225039861638013,8,6,5.470677788504416,rain,van,4,75.17867287290278,13.621657174721632,2.1599318209196317
17.66871473737601,17.106926418756263,6,4,2.666902913203162,clear,van,5,79.31018390187842,4.043112749646579,1.9717350622402459
8.415153696951531,23.452573549671435,6,3,2.248678038980485,clear,van,7,65.90528604636485,4.243091804065432,2.0880621997019895
50.59717223349235,14.877133885185366,16,1,4.33150429745633,clear,van,7,59.44155321523189,0.6471105070038919,3.290356533204898
49.516093290684914,5.673627883374659,17,1,6.257812734740437,clear,bike,3,71.24635875249668,3.6399851145657354,4.384841311954715
53.22559810538458,7.5995751709847,18,6,6.715860460235978,clear,van,7,64.69409683200846,1.1441527352365175,3.594211363899254
7.904343377319732,54.0167268672773,18,0,6.4835590868901285,clear,van,6,54.723460636601644,3.4137333078569245,2.7779050746668275
34.43710173792525,38.87135977142924,12,0,2.603635519543047,clear,van,6,74.60455097979445,8.437310891801829,2.9391703404500036
46.56192209338582,22.838443725336447,6,2,2.776098233618659,clear,van,5,70.27662322289603,5.683236566689567,2.9077263718297623
11.88216272884455,34.30854738351903,9,1,5.9077092334043435,clear,van,4,53.386615668344376,8.861701438036796,2.19676535310067
27.312339558376483,39.691345580893106,18,4,6.669661089442939,rain,van,6,60.531394829394,7.130228289563735,3.5402854796177206
24.704531386515395,13.606626239139949,18,0,7.481160291244736,clear,bike,4,67.15460591514444,3.606345488816751,2.98830002075243
118.35878081810235,9.347374249979246,14,5,1.833180388566347,clear,van,4,47.13963348805511,1.7867882531382073,4.247818168705539
126.41837330944747,50.276191705247776,6,5,2.1509779531527755,clear,van,4,59.0961831939844,7.347360787792591,4.704502439679927
7.160035115327229,2.104828410426011,18,1,7.327848241356051,clear,bike,7,79.4770196298391,4.04565026094513,2.421112580110563
199.36585508648983,34.7019243212874,19,4,7.2950592770238645,clear,van,4,62.65168597030152,8.09908983489342,7.9065477605047665
13.037364446563684,26.74706525334843,9,4,6.683864307304334,rain,van,12,58.02313872652232,5.109515539403697,4.18934807676444
59.4145196744424,46.87985228003992,18,5,6.4571590302235125,clear,van,4,86.24070945623714,5.7344736093082815,3.3910178260623915
58.932833766751166,35.61909361621976,16,5,4.425394116365473,clear,van,4,75.2427923720912,7.01794124946508,3.2762728348389927
12.22456948178048,34.15178800511013,20,6,3.215594224570143,clear,van,6,80.43063271116101,9.466715352509008,2.4568442181606414
40.230050251709876,10.257827933198719,16,0,4.785523335704983,clear,truck,7,58.22072692175452,3.9499839251972024,4.130852478630076
24.877729473107753,40.76174988380444,7,4,3.9666401317970803,rain,truck,7,65.73388297250429,4.035562979298792,3.633354001156391
42.24407062449427,31.690969461910043,16,5,3.850275135809887,clear,van,5,69.83806769817812,6.800900629070503,2.991096460232126
32.60735387445293,11.526921560937803,7,1,5.0039961305606555,rain,bike,4,73.40219225812878,2.507821705707582,3.8099881397732567
70.60292599269998,26.927938236821724,10,1,5.399672432278331,rain,van,2,100.0,6.508758859786884,3.7249786693643694
28.79839436915803,8.346092712545186,19,0,8.528370693715361,clear,bike,4,71.2619299525775,7.159778960767293,3.1994597804712015
23.705349606403928,20.418402669383354,21,6,2.426388361592072,clear,van,5,86.2572597529311,14.683625470479344,2.139613852263259
65.16036507373008,95.40872642729113,13,6,1.8614088872995744,rain,truck,4,100.0,6.315818633075887,5.516530724110038
43.13422527467931,9.742579425401788,10,0,5.809759877462804,rain,bike,5,95.74169807156497,9.03025838898697,3.942561165547225
48.68888234663946,5.610839265397414,12,1,2.7225414594165724,clear,bike,5,72.36110570594695,3.528622237156047,4.248262195067151
15.932015882200096,7.692367013390312,9,3,6.208777936608149,clear,bike,5,87.21418427135704,3.3338738431756827,2.555187977981026
11.74925430158326,20.1884931749321,15,6,2.6756800313302147,clear,truck,7,71.91324010868968,4.262122661874475,3.095926692096534
17.215709076478394,37.49008314612015,12,5,3.417444120420354,clear,van,2,69.41558166207678,2.8972385946580568,1.8292119191230942
16.4997114265819,23.99378004627196,6,6,1.3638556364552488,clear,van,4,82.61574890445414,6.455306389362139,2.1464946569276715
50.854032179810275,6.492645973102153,15,5,2.477889683820632,clear,van,5,83.25408379930226,2.353985029333823,3.3199700614854444
59.19204987591002,37.14481224335425,16,4,4.971820135526734,clear,van,6,77.60687200512453,2.2545656439402366,4.086268552515905
23.948262359224316,3.2221296329484623,16,2,4.049729056131163,clear,bike,8,67.4870214487178,2.1121837957331917,3.408920435392864
85.17732117920075,7.257914213609981,21,4,5.375342653563344,clear,van,8,62.75607034368761,5.7801231458723805,4.795434091141013
81.02643950168053,14.357360571187293,17,3,5.896142323192061,rain,van,4,51.89811175537588,2.2619974346501404,4.8768873062377445
32.941034607986246,49.067744549583786,16,6,3.3366615483717825,clear,van,5,72.4346078458215,2.253005176457969,3.3308499087984003
14.048091956722159,24.734967764528502,9,3,6.205482007346492,rain,van,5,73.54795332039744,2.282310434727158,2.373377018775896
95.61228534066002,25.484629750419035,13,5,1.8606017867416011,clear,van,6,82.45631439795321,0.6543339451678466,4.865870354514618
25.82094848307218,6.60785202804466,12,1,2.6879362414098376,clear,bike,7,48.112276923847915,3.2106756088277555,3.277849186489273
29.992044319546114,15.603280564684736,21,4,4.795749312193911,clear,van,8,71.56194353505792,6.580085458125511,2.788447277095434
20.662407357153274,44.223654104705474,13,3,1.690197044019377,clear,van,5,66.9625237070753,6.118193544574742,2.8152840267190613
13.30537034361025,30.22059078454336,17,3,5.694296496686573,clear,van,5,69.1374404622521,6.24182154736494,2.11174693856881
8.373638151793045,38.11823400889183,14,5,2.196354656270232,clear,van,5,88.67864224507602,7.1128334029497005,2.2565113766015434
44.9834506522655,22.72329854798692,6,3,3.7944288084450903,rain,van,5,89.2244470323958,6.667547318064865,2.986324540532008
14.487397837651583,44.55881906793893,20,0,6.7430978652615865,clear,van,3,85.23479248611366,3.5311552433749016,2.1686637196662395
313.4453376155919,6.564004730574719,16,2,5.765051437552438,clear,van,7,71.40634188828834,6.779184952743239,11.505797846916199
11.371851484028808,19.804245178255492,9,6,6.044250268567762,clear,van,6,67.15891321849179,2.0384676092577685,2.5136612132543004
9.91544874365233,33.59965506812302,6,6,2.5567754177918465,rain,van,7,88.06001190989066,4.801944346037999,2.625016537531377
40.7767054085976,4.5338545403637776,20,4,6.7833239716927345,clear,bike,7,95.65364313726388,2.110393022150294,5.083388512414368
92.153050128673,0.9575846712463794,10,4,7.194309897554922,clear,van,4,93.98215737068227,2.9507962031427994,3.7792065342438024
28.55042224199288,74.91114285176258,6,1,3.6667324692791885,storm,truck,5,77.33767355441604,9.410592751393615,3.990872546238968
42.85378344091304,24.996913376497464,15,5,1.4582706800030376,clear,van,5,70.59936254528807,3.581340926947539,2.6406457395038427
6.203800362951167,4.02804417161411,6,4,3.3171419264734965,clear,bike,7,80.37531753886155,2.941163253440758,2.314136145667845
15.768129197153659,24.51326390231219,9,0,7.212290569126556,clear,van,7,81.32748487843708,7.692335695454391,2.5292518646656905
11.485753217301873,7.3669903672250365,20,6,4.836683721014297,clear,bike,8,63.99843760505425,2.741903351320718,2.507206872218243
5.953404971780863,10.254890141166001,6,5,1.0,rain,bike,3,67.11522225048155,5.998992336793536,1.5681929723761072
29.772471375514428,50.21697033492593,18,0,6.540798298222424,clear,van,4,100.0,5.113750734306655,3.055898902890225
4.5074784840244035,14.663571473403827,15,2,2.616142807022088,rain,bike,5,63.99371586514029,4.158285642382744,2.0572397397616564
9.414426314650939,14.562231709427124,10,5,3.6313454275974775,clear,bike,5,82.77887788335164,2.5273818765264355,2.3027555817774004
17.641339177505998,7.129045734098959,10,5,4.528013179342142,rain,bike,6,62.28408824446996,11.001537795970474,2.864608299388345
13.942912731402174,17.42458149257124,13,1,2.770634878566778,rain,van,3,68.13471795138938,2.8500724027447277,1.7899628305319284
37.23044355643293,26.24930792077723,14,0,1.8181861436728834,storm,van,2,56.17149195925778,9.724642822367173,2.2673281224856723
34.62112876105396,14.649254520266192,20,6,5.058681815926429,rain,truck,5,56.208108138756785,6.255542883991304,3.086071652965667
55.42545677294119,88.13309510668427,10,6,3.947057067722019,rain,truck,6,79.2613925187949,7.622935548280716,6.008622942952921
49.49674877825396,8.996544704537012,15,5,2.5651870944667188,clear,bike,9,77.47439415226555,5.057672784629897,4.68972585721368
67.53528698899689,8.945770108493283,16,4,4.693629951839176,clear,van,6,97.6059357293158,11.229622000182552,3.736130117194601
27.071060525016037,16.846109250159394,6,4,1.5383290107741259,clear,van,2,70.39037329035861,12.997543009096487,1.6813637872350597
34.56264659268853,81.23501283236467,20,3,5.638380629878408,clear,truck,5,72.3327223641746,3.8590697160510654,4.221866569794224
40.821584016285165,38.56717752988587,21,4,3.2732921023921335,clear,van,5,69.35680815532042,2.969434107675626,2.9926127682650168
30.366054551135463,14.23486014968759,7,2,4.462933298206146,clear,van,9,55.409323138142895,4.742342604133097,3.2772869670453484
19.73205660516795,14.244826110741318,10,0,6.134978541370136,clear,van,5,78.83988994045694,3.747797027016655,2.461199355680841
20.781142658305892,8.671205292975102,18,2,7.7331575910421835,clear,bike,6,67.46228389443795,8.831201025115297,2.771621711536205
14.0968769696353,16.438739872631203,18,2,7.670301795917592,clear,van,5,48.46616347122993,6.452504567063926,2.3454848374072776
37.98887918724314,19.36507236136829,8,2,6.261955607900275,rain,van,1,86.60974721102104,1.901447697680831,1.995936334299922
25.14823866096022,37.30729527728847,20,3,6.514170860765923,clear,van,6,61.38268827975905,1.8601625403616397,3.425909752427936
15.950034615680321,31.843575248610144,11,0,3.6601185975444714,clear,van,3,74.95890173194957,5.239623805503431,1.934368221669817
15.961892210358796,15.988050984160541,10,2,5.495295849835259,clear,van,6,75.49172584290056,8.795865910070109,2.390773652554322
10.295233465389067,61.81253521708575,11,3,4.009384436565811,clear,van,7,73.15291240913037,2.631645393396923,3.3174772496739107
59.327507760377074,12.592264055261305,16,1,4.135333720263738,clear,van,3,54.93498093895153,6.135855613897454,2.264379860937754
28.87263138802652,5.489692734163008,9,3,8.648551144527204,clear,van,6,90.94270132004678,7.142322959985879,2.592728904644831
13.595787258356605,27.19607303998346,14,4,1.9758354645409437,rain,van,4,59.06994663891107,6.344461836043339,1.9048511290428622
51.77141690049856,47.67046371515978,7,2,4.287293710443367,rain,van,4,33.1572280011723,1.5862640608245182,3.923336778122535
17.316173551947553,22.02346762380231,8,0,6.376428450180722,clear,van,5,82.72801761190735,3.431436831122766,2.293229737450123
8.800420446817009,6.839686605281645,18,4,8.893346458922,clear,van,4,82.23688666446778,3.460133304424723,1.7502691285272716
61.373480696675735,25.541949293209175,12,4,2.036570211613754,clear,van,7,52.07748291553399,7.151449270493096,4.217365467847392
17.64270543848041,28.040698384499382,18,2,8.844645289743983,clear,van,7,69.91571551738545,3.224291107238861,3.040014883945084
19.54815146679988,30.28257744940118,17,0,6.12197653687036,storm,van,4,86.20049900180744,1.9517717467398072,2.665325299438369
28.020713828973363,25.93753144496894,21,0,6.288104500035141,clear,van,4,91.17902885428921,6.873308296117134,2.28857095484295
67.63133277354999,52.10574263395663,8,0,6.293769034935122,clear,van,4,79.18724262704613,2.3616451948364863,4.530332907407383
27.55075204520744,8.468616431963403,20,5,4.0087684302447455,storm,bike,5,82.40342352536224,1.2147533032611235,3.6825606904842063
10.388571410598217,0.5,20,2,6.082162729042491,clear,bike,3,80.75297341225993,3.356226116350031,1.7232780937918892
41.89228174051797,3.2267946951777438,12,2,3.7545333708732644,storm,bike,8,67.94247812898045,1.3279715848928615,4.856330521844971
18.393700108694155,6.7381203765964,8,4,6.068920183083184,clear,bike,6,53.665328044052075,1.0351235610716982,2.663319937300837
122.77325234693309,42.01400595737765,8,4,5.9559869334765185,rain,van,4,66.08198088115952,0.5707055831356712,7.062103808051206
27.088362900662364,17.420520474112937,14,0,2.8581489335319556,clear,van,6,86.86369211263613,5.874471016228111,2.98086484205091
4.535664508326904,65.16178146734417,6,6,1.8653429805743083,rain,van,6,86.72207243772525,4.523595920574538,3.1016284400790837
36.085530857567676,7.868402793024897,7,1,3.886974920125515,rain,bike,5,73.05146841628685,14.427780318293857,3.888134766277369
128.46779287412596,64.27179668751747,14,5,1.0706213540050071,clear,van,6,64.99855112543491,2.9796452180833777,5.880123194856517
95.65387724655369,10.361009441066212,15,5,3.7092298912631656,rain,van,6,96.02051470613696,10.422513748434259,5.256327636188081
117.30336366629189,19.336725242925418,19,3,6.794837927999538,clear,van,3,71.86015414853158,6.082366387992551,5.084160782643553
11.991425487769526,4.063232035570642,21,1,4.422601644128809,clear,bike,6,79.56065384977357,3.1231904488661217,2.4097867715738284
56.24526820698242,58.52449194604055,10,3,6.387680931397137,clear,van,5,51.9019597671584,2.068802127070834,4.210849526517957
15.216865242993647,21.516445895288562,11,1,4.045659696660536,clear,van,5,69.1593713343334,5.219640133046245,2.0893735409938667
32.44127460192802,90.76791873708417,9,5,4.59691405519834,clear,truck,6,86.29309285664822,2.3010274607355576,5.165280666878991
9.79270829310043,49.215700844462724,9,5,4.800993069421293,clear,van,4,49.45830198312015,5.153030696377524,2.206023060344779
16.190673848368164,18.951971361968457,13,5,2.177343035771065,clear,van,2,69.4197050546904,2.2476530464895443,1.4807422174525666
15.78409270584096,11.95203154815505,21,5,2.8057192061774914,clear,bike,6,76.1339366596042,1.79139932699172,2.18118862107708
55.63676502080098,43.34548060093123,20,1,4.582275889166027,clear,van,6,91.42745535244265,0.9781691067473353,3.8635038133669295
51.44819079542446,23.334942509041532,20,0,6.549472325388078,clear,van,6,84.64014966933536,4.918494794421178,3.5149032831245974
33.83364709331111,11.3790468998328,13,4,1.5011655723925874,rain,bike,6,95.39727867672428,4.228491067383236,3.2265848613637327
9.204227280699348,24.675568521023248,16,4,4.792097057519724,clear,van,1,82.47740594921856,1.7446839110307042,1.1152607012234192
21.129886346520685,2.6047227851370534,17,6,4.830617358482199,rain,bike,8,83.34433940651576,3.950445218485948,3.64819810989314
14.926032164618698,30.714451644710678,9,4,6.800155501676707,clear,van,5,55.67002392325677,1.3505408193490116,2.394899275557166
54.36608953476576,35.175866982498476,13,5,1.8011200474994296,clear,truck,6,55.23807852877003,4.455644435543318,4.629620940146748
69.58492035179724,7.59247320884534,14,2,1.3721565383895036,clear,van,5,95.20917807989098,4.030913855450524,3.456430547553808
63.12446856732917,53.08204004040297,11,0,3.3962181225172166,clear,van,4,63.19784468927076,6.673890358568712,3.9917877032164197
14.817730410753285,45.48759306656694,13,0,1.9912226373534816,clear,van,3,61.87231318271651,1.2882277864770904,2.0525022197927356
3.029427028601955,28.65920268206258,13,3,1.2836875365407563,clear,van,5,35.38628173809569,0.5471815477310604,2.0003990787168475
6.595782842138377,9.661388002123514,6,0,3.247730543954754,clear,bike,2,85.90345053471934,9.883777856673237,1.1240888805039477
84.5464918498777,36.71805807998909,18,3,7.527023842040175,clear,van,5,53.21463472585203,5.536503661108076,5.256267695393292
19.66806095111724,16.63866582048583,20,2,5.080340385836074,rain,van,7,57.69562456027304,2.63544447014514,2.9373198992925285
14.871108524215536,26.438830408565796,18,1,7.325703843399424,clear,van,5,86.41471226564627,9.404298315370035,2.4291293498753013
100.89982921573743,39.28131841984793,20,4,6.320851719094325,clear,van,5,36.868384617052484,14.219535533813929,4.831163582264914
74.59906371477416,5.596750923752399,12,4,2.328645522201152,clear,van,5,90.38099547317506,5.772257211487999,3.170608964388564
27.648154412138545,3.8582136380824026,6,0,2.996529125501991,clear,bike,5,57.561362681282056,3.953608870499778,2.8122752898432366
21.440411457835065,15.287197768841386,10,3,6.463002372541701,storm,van,5,67.7963927725691,1.608429634841121,2.3403248156153325
24.39355674866538,80.63985495175523,19,6,8.139701781880543,clear,truck,3,58.36229975731263,3.2675667530160193,3.8425597111789105
32.51593375930619,93.29647253361738,8,2,6.924202620642783,clear,truck,4,50.05115832125813,1.6058283805473759,4.132461865550665
97.51808276420465,30.201030200273344,14,5,1.0,clear,van,8,58.61682487521722,5.696981169248095,4.605011853008497
38.01473848466665,46.38611124552529,6,2,2.3884904283865,storm,van,9,57.59066598402621,15.0,3.693547644561848
48.464095578198915,22.23991464257997,11,1,3.8432675586369327,clear,van,4,51.53538301061271,6.1041753071970195,2.5554567409212297
69.09042039703192,24.692707155204804,7,5,3.7045059065412027,rain,van,6,93.13736352194628,9.414139107059045,5.0596567323392385
10.636156624758726,19.31808239278756,7,2,3.308692604190495,rain,van,6,55.45700786634037,3.861890892325658,2.077916062085469
49.594974794898846,50.38262774676477,8,6,4.377948076284691,clear,van,3,41.69426665615629,5.582670835366431,3.3061540472127993
21.420426931653356,65.66721163472188,14,4,1.2874217017103509,rain,van,1,39.03338398869879,3.501146239602161,1.8155959214403363
3.6223531039709873,24.244022658397196,17,5,4.51010181826842,clear,van,8,76.53474927207859,1.2295671185529766,2.2822308289736686
4.9404892581713975,24.608696400554834,10,5,4.351046196543611,clear,van,2,43.98908860093681,0.7208255424584309,1.1667943219684376
12.007193287077536,20.13853336236782,19,6,5.967936910832938,clear,van,3,67.32727538373918,15.0,1.5812511362055282
41.4703445597276,66.7984901214812,12,3,1.736307695474856,clear,van,9,99.5434862384339,2.8473008910633406,4.408864854191511
29.69681058323285,42.366612301481084,17,6,5.777534988582341,clear,van,4,72.72870722460236,3.914054064531333,2.793080367305607
31.421531225438446,9.444944483805807,14,0,2.6607222927045164,rain,van,3,74.86131376005864,0.7595325244262061,1.9409167904248612
129.1216245499903,79.00037225896837,17,3,5.080829178155472,clear,truck,5,62.05513577629729,3.5228231679073603,8.742764682389401
9.823017027393695,1.4032331156323548,21,2,4.307806667651961,rain,bike,4,69.79920920362413,6.912950910386621,2.0256514474708474
26.52408840852245,62.317263379288036,21,0,3.034824412523979,clear,van,6,66.76311956851282,6.522098302235189,3.5991331681156007
34.589439484036824,47.58144238224035,15,6,3.3999778473113595,clear,van,4,74.63082143564394,4.494919355792012,2.6108819028784214
15.044034092168344,24.303195321947996,21,5,4.720909351579717,clear,van,7,94.85717797266506,7.187984130008364,2.7854158630917207
27.734063753180898,23.84088946040003,17,5,4.94732456195079,rain,van,5,63.59442891127316,2.9046566903892694,2.5776240001817783
7.538630488762585,20.97286932148411,10,4,5.321657159047857,clear,van,6,58.1814317251194,9.62295471825885,1.9944150325026901
83.75743759110411,9.885775252889854,20,4,5.708474205080337,clear,van,5,68.86702049648878,15.0,4.092293455858737
15.716456655121984,74.8180627778573,8,2,5.640693593733558,clear,truck,6,84.40217148063195,8.664706621747671,4.034998439214887
137.7058835080329,23.285521982221262,13,4,2.1137000876175325,rain,van,3,64.92379395405266,3.962904707114181,5.398109767488944
26.417338101718776,9.716082767861492,8,6,5.899325525568424,clear,bike,5,73.99815594128206,2.440268494199377,3.1457470493371313
61.70980623006315,71.77515696674328,18,1,8.537408474677898,clear,truck,4,77.67034890481169,1.6598090991660521,5.178291340026781
25.980797431046845,32.76182615471296,20,2,7.016693270144075,clear,van,7,100.0,4.3428586188097125,3.050203222697251
26.453935414958398,34.22729501347911,19,0,7.909389567935842,rain,van,2,83.83782118967609,1.6655472289872588,2.3581400791442326
16.992575840818898,82.86711328596787,7,6,2.321559789448118,rain,truck,3,56.909187918049476,5.171654933885887,3.0478225960115553
29.82357366866424,37.73750569392104,10,3,5.387727925226288,rain,van,5,37.131815439075474,4.0562715078180265,3.0066883134660096
34.96679705051487,13.671744892463728,11,4,4.1051576031172505,clear,bike,5,72.25568770897327,2.4063596063274635,3.7982734920149412
14.477463411785054,37.69583000426146,7,1,3.0946813832765905,clear,van,4,59.422790784940965,4.689246226699008,2.0814159802368573
24.531658505857134,10.75569555328605,14,0,2.526137562879494,clear,bike,3,62.71320290972592,5.029757109880599,2.301390168903482
16.641854993494913,16.025211977491683,6,5,2.78543995023663,clear,van,5,55.06010469842989,6.075160611228584,2.1509138061103217
170.66989559457178,29.471369583467887,15,6,2.7624495800567135,storm,van,6,62.421050214722946,4.220664089298948,8.448703784240804
25.234582724517413,45.89197868335292,15,2,3.311868161447233,clear,van,6,62.121625203119564,5.767823079022763,3.092066721058523
93.33411797653488,14.374928293400245,15,5,1.0,clear,van,7,68.26453857108974,9.121492545973044,4.132959675992337
23.18492157711184,20.484734945029953,20,4,7.306574304493676,clear,van,3,59.90858656956038,1.7931693218044629,1.9747450958110957
33.36241987996182,20.309452026347966,18,4,6.519018762405036,clear,van,7,59.243201518611464,1.7083685610723984,2.905660940170449
9.420693847131759,51.56674251486095,10,1,5.881573921854932,clear,truck,8,77.95026778429822,7.015385640295156,3.632803276372808
18.96019774774188,23.816815718554377,15,4,3.4025514181414263,clear,truck,7,69.96173162550663,2.845599909773046,3.6950210029788733
32.08625472221992,78.29223084540288,18,1,8.059805047218505,clear,truck,4,70.0670768090767,9.298069738592611,3.575350813353712
96.4286218559713,16.01464041340475,19,1,6.750657889760794,storm,van,3,69.25917749092363,7.931898988512972,6.315548260861765
32.38146600179322,14.929824396983742,16,2,3.4084611403405662,rain,bike,5,56.57432879557414,9.470418524093432,3.1753833102101616
82.02108012771176,61.547438927232996,7,1,4.285218758677289,storm,van,4,91.55210467197173,1.182634450437288,5.144620550274897
45.26722624334345,35.506467247242554,12,6,2.557090319024122,clear,van,3,100.0,4.079787024013794,2.693837281268262
99.67561582438644,59.98261443391935,19,0,6.8871638757073015,storm,van,4,88.57761277522653,5.801336994368898,5.77813650543338
25.86178059502342,7.319965212398577,7,6,3.5585232797734725,clear,bike,6,43.53671508686489,2.008343613242198,2.6616767102741377
183.4933025606468,23.37790959012853,15,1,1.6954977993573155,clear,van,2,60.07556087608464,3.9404228604380327,5.686530302870326
18.387719763953594,29.44253157604231,14,6,2.325872367793279,clear,van,5,80.61994751988757,5.3416269122992945,2.0663927857478352
14.68505827006757,27.908766377856384,9,2,6.2929319070741245,clear,van,10,58.74835359185031,2.551092558062779,2.9757976155068913
10.2980825761295,20.75141795719373,11,6,3.3096752404108085,rain,van,3,59.484108296695915,1.9803368110764317,1.5609725545559001
175.0059086812627,27.485710477792217,21,3,4.217110162481614,clear,van,1,49.430067233407684,3.3684481257914114,6.017152969643749
52.224830303060116,28.60153418618337,15,3,3.8362424454415813,clear,van,7,64.56530725114776,9.770957263408608,3.737547529500299
20.753261463635088,14.574193677237433,21,0,4.480732339278289,clear,bike,5,57.67666643342628,6.037237330184196,2.7265590423180868
73.64219458820223,50.11826866594093,13,3,1.7198803926447996,clear,van,5,34.13511012206144,4.906931221713979,3.8246535609112557
47.00028888094363,72.35149865769428,19,3,8.060601115832903,rain,truck,5,87.27168668948433,7.625507706079515,5.560610519072633
130.69965449112436,40.0269395346518,15,6,4.040103857866836,clear,van,1,76.25040432692637,4.182617943634984,5.281895117467688
7.859584432090451,31.99727795332279,20,1,6.831988004186267,clear,van,5,49.96563055931037,3.0434781007979663,2.0862172514661927
21.926850001901858,22.22115856578632,11,0,4.009246981608349,rain,van,3,83.01890788730486,2.0934552701921354,2.136787646552856
18.727310122949422,29.26099419189087,12,1,2.0186275079402805,rain,van,5,71.90336521065305,3.696560049872338,1.9419805507475463
5.590416871380371,31.506945072079453,6,1,2.1834832158992667,clear,van,4,87.38875684975429,6.7133030235869935,1.789567867063231
63.323832800305205,9.920214015705175,9,6,6.143998628898384,clear,van,6,81.01399030782636,0.46219617214161035,4.347501501267569
21.838681001687693,48.41353265857066,8,1,5.295045201696864,storm,van,4,58.37016618356329,3.069077893033795,2.7542371782862154
48.99434895393801,16.943841164699393,8,6,4.80510081650667,clear,van,6,80.03342496878496,3.8718671738113972,3.4664380159957453
179.07729843578062,63.789207702815034,10,0,7.15386842280312,clear,truck,5,80.66831970205263,3.0288317183295885,10.648306047817924
20.438186668216748,26.800840649167927,19,5,6.338655475536974,clear,van,7,85.83310798781275,7.792919283660026,2.758900059444247
19.357454947320477,49.00048549466484,12,2,1.8222124519727165,clear,van,5,84.96153176184833,5.817620933417629,2.830456685906916
29.812606345271778,39.60366295683542,19,0,9.515205233535651,storm,van,9,100.0,3.1679669342677164,4.487483255948951
59.727818439967606,7.416928110073535,19,4,9.182885589754292,storm,van,6,84.28899911126157,7.417163306060246,4.52187116543255
17.22961283267347,59.95112372981576,21,5,3.830563899757689,clear,van,4,58.232190185696496,1.395311326304794,2.4935889913148976
16.36640441195142,12.493525466304153,14,5,2.846965291021516,clear,bike,3,72.65949953995101,5.939838770493787,1.7887911178199178
63.16506732831002,16.006397737358963,19,1,7.5593432064901185,rain,truck,7,54.264192503748255,2.2897827192074316,5.2785066514366825
36.7049439701423,17.218056278887392,12,4,3.2650814671430215,clear,van,2,88.14084092892907,6.250926362786058,1.9029548762982178
5.281538245143979,4.882614710030668,16,3,3.9482897945189213,clear,bike,7,57.15578744229573,5.0803813111567315,2.1219503029442275
10.172485346839705,27.749554603017536,18,3,6.688595002466683,storm,truck,4,100.0,5.1793877034967535,2.5144631075745147
90.10617444447155,51.14424085227869,8,6,6.876487896315903,clear,van,5,65.61367213675958,5.31089663567945,4.942625743304796
37.39521019113289,62.735007428451915,6,2,1.5514459630867965,clear,van,6,69.34103068449079,3.8603389640426533,4.383042313606911
14.735259912670587,20.747030272334428,8,2,6.241733764400529,rain,van,6,63.029698540914765,5.096321163216865,2.5660153273706023
23.65731274717536,23.65796067388862,17,3,6.46859434446957,rain,van,4,59.24630592179197,1.703392762443023,2.1047182333107997
27.401269330216873,41.56471467269489,13,6,2.1721339684373846,clear,van,2,62.04481020386986,3.9104918421243977,2.1063924711559996
48.84180901736455,21.211025622571825,10,6,4.731271221391795,clear,van,5,73.47511782646346,1.6422713323331963,3.2879167979789345
9.14666456223288,54.346415872220184,18,4,7.709527151848161,clear,van,5,70.26470396116282,11.363331190044791,3.3934282964380786
13.835540624597941,22.759501251752006,6,0,2.787405803097701,clear,van,12,63.59525259831697,2.2914583198301663,3.7219689402999667
33.72922269493914,11.012389545642996,8,2,6.38758204462683,rain,bike,3,74.59735468050857,10.183050047857883,3.8479131494075656
25.031432511894767,28.29492327254621,13,0,2.197708787213028,rain,van,4,61.85745823362656,8.118320539455276,2.194128401231445
42.840646911581814,5.96794183480074,20,0,6.1852007504968824,clear,bike,4,69.92520597537109,3.3834541413761503,3.621399111189114
10.139047735962885,28.012449209946503,17,5,3.9350264427101265,clear,van,2,96.48718516604464,2.6668027849793576,1.39884057587829
36.078710012341986,32.087100879053196,16,5,5.040643286688721,clear,van,6,61.403816822759964,3.6391152819399717,3.404898599732148
64.92721644444147,12.54847145682607,17,0,6.668452315768926,clear,van,3,65.4492689434069,13.558778987512254,2.805783384537352
40.023021966815605,31.165747596592958,10,3,6.170898701974915,clear,van,6,52.677552698334864,3.1884425694463827,3.1592463263443182
30.304293186727335,19.21732401556366,13,1,1.6995880408855242,clear,van,4,64.92486400486541,9.106284807509676,2.211560045449239
25.11067659248406,12.091917794152124,20,0,5.4369983128769235,rain,bike,3,75.618703430868,10.109633303463498,2.5760370949709603
13.903200671724939,5.122556855161659,17,2,6.9278821547650615,rain,bike,3,62.070942349274546,2.8384528264696667,2.0165334518377187
25.59510509683381,6.695620112577821,15,0,2.7798266750449367,clear,truck,6,52.98710122086771,3.8588743619758428,2.675854287270007
74.2742766360036,68.21523629322965,7,5,3.741300836259807,rain,van,3,75.42237591712188,1.1729987596185418,3.8317604589349
24.65000725280016,18.58919565939734,17,6,3.9101942901007067,clear,van,6,77.00921512049634,4.96275896130893,2.855453513463652
13.305224910839947,31.51447676278702,11,2,5.294064467776611,clear,van,2,79.20972072188404,4.967476179969864,1.809077004491469
18.287217691484535,20.61115470982848,12,1,3.4066198333382114,clear,van,4,51.41337691444473,4.118945686336558,1.881912942643766
31.838626988335356,69.36083223514149,16,3,4.222271484451809,rain,van,7,90.55808923946836,3.7016836153220924,4.217415264857846
20.10942885335777,12.144232642355332,12,6,2.522514642746855,clear,bike,5,62.68185998908691,6.9732059284179755,2.302485947103148
39.97453500273102,25.24672415606376,15,1,3.5005200707404196,clear,van,7,54.88450465165093,8.22447630145421,3.1313466005419217
41.19327474139886,15.914669047687688,6,4,1.6070919760538633,clear,truck,5,85.3681054686049,7.45657978504059,3.9235351618888856
55.212343605353304,48.628824340291736,8,0,7.3459487726645385,clear,van,6,90.02910871160628,4.1610037556295465,5.0324369291767335
84.67730142226125,31.267789630934246,14,2,2.6695600009041818,clear,van,6,65.27000322063455,6.466475779585383,4.330963765253584
60.1407097727099,24.540558247456506,21,3,3.723746486291855,clear,van,4,57.50919812079729,4.366467586884808,2.7326309472335613
12.840557915511193,7.643413000993691,18,2,6.895653701098998,rain,van,9,76.63458443731557,3.560529600681947,2.9599935713567453
13.15987520222997,90.45807197653744,12,1,3.475196078117899,clear,truck,7,50.0131123119021,4.586209692400289,4.107913081009559
25.517967677201472,21.088516174042848,21,5,3.5985500108360187,clear,van,5,100.0,3.177136736858224,2.414989966243919
18.898068370215825,10.393220070887356,10,4,6.389854015277265,clear,bike,6,54.518132214273415,2.1492722788012593,2.8963834332157776
10.906278345691906,5.14824780992744,20,3,6.261221310801822,rain,bike,6,75.34240659692388,9.425358809958377,2.7329445964463637
19.041990456115904,6.467313810442828,12,2,1.8833229336698203,clear,bike,4,67.58891575393528,7.0319207126245615,2.1114015223466236
18.5485135377124,24.3596248925153,7,0,4.462455692694358,rain,van,8,56.203729549741865,2.313498359026289,3.2617277334926684
15.839737403564015,49.15958966208418,6,4,2.5186483050650743,clear,van,5,55.96306051359462,2.4947341754533734,2.6316529551201193
21.059850566565853,29.7534007175969,21,1,4.269675415123507,clear,truck,5,86.91594882222675,5.123613322444883,3.1417523118447064
69.59972945936045,5.481556877185925,16,2,6.188723803227984,rain,van,4,75.5088791265265,4.342199657739587,3.964492799140643
31.79758784567197,24.320413045407903,8,6,5.498205117855129,clear,van,4,59.558324815312076,2.974216166101559,2.417507303904626
195.86923355782636,59.59998129229437,21,4,5.028440244124359,clear,van,4,61.60105095606019,3.3853952182697213,7.255948306486488
31.075090472475406,18.06811487421285,6,4,4.853094918335486,clear,van,8,57.795250648911676,2.718874214839472,3.658421792982697
21.49773070267563,29.820022921886594,11,1,4.364239690339401,rain,van,8,83.21559937516315,5.30945444036156,2.883965478803759
27.202429961292825,18.722667649974593,17,3,6.335659025486483,clear,van,7,83.83476512864623,7.859344165519285,3.0187114110501714
33.28788718962884,34.790870956764195,6,0,2.133310536872446,clear,van,5,77.91011308401312,4.55691590075612,3.2511267592788613
38.40559552353888,11.974896688709986,20,1,5.877848180574922,clear,bike,9,73.80627783623468,3.7911330048629286,4.8765398117430365
142.78914915191072,0.5,16,5,1.7920142976922495,clear,van,6,79.39958666423374,2.0797709004493248,5.526911346365672
13.787241396331158,8.097447425794364,21,3,4.919366987363278,clear,bike,4,45.26553757232332,1.4051107591058278,2.1271971256261506
53.90573357393887,16.236818538968485,19,4,6.759390153549243,clear,truck,6,74.12721629560357,1.700130495306667,5.042027621562136
32.01486986314837,22.465520826269156,19,5,6.940530346682655,clear,van,5,86.02672077656156,5.354909151249514,3.12453537484051
7.7146553024910425,16.786268609894233,9,6,5.565583478021741,rain,van,7,73.46491005785872,5.456692779313856,2.081107801455579
50.227316178014775,16.506432543422697,9,0,7.102452336299241,clear,van,3,70.79447204433038,1.0259583910950176,3.261506914892528
74.7462354136314,49.449034839695514,9,4,6.96611102037223,clear,van,2,60.460070648557334,1.6442296440080462,4.045910864044069
13.657091041713567,9.423768438185334,8,6,5.911809350749735,clear,truck,5,61.458899264099145,3.118024977529777,2.2708365001909128
26.919553156203012,24.446528010403984,16,1,5.254675526612666,clear,van,6,62.150623371839224,3.291521470779015,2.5516278969426844
6.819025618044556,5.869270662999584,6,6,2.1182280085846537,clear,bike,5,73.34522442001455,15.0,1.7669776510482726
9.904159617223334,40.04606894134803,12,4,1.9663146238800246,rain,van,7,62.72370453375532,0.7880022419123616,2.6196647445138357
62.703900967670926,29.18402716870241,15,2,3.6468278673781986,clear,van,6,42.64899618228573,3.594445825233834,3.7586356280186783
18.66904482318142,89.29552198993149,14,5,1.0467009848180377,rain,truck,7,81.96615557282685,1.4700347843199562,4.651273043449667
11.166939917077531,9.077198201217465,13,6,1.0,clear,bike,9,77.83323078598849,5.1514433342651085,2.9426740322926763
32.575754724449226,71.6232978211486,9,0,7.398685259277931,clear,truck,4,75.32897365018002,2.879100920836491,4.378791940044699
17.851187896861997,10.294182398750234,7,4,5.030353398194445,clear,bike,6,55.947295721871114,3.2500075389877185,3.0100750087601806
18.60336863593281,17.953745770248453,21,6,3.105554518819314,clear,van,3,62.61595570654753,0.4103354730919055,1.8801805626963237
48.982388764647204,6.943281988529654,13,4,2.522776026945021,storm,bike,5,77.78484003273397,6.689126414875397,5.501111857997834
10.703955144625006,88.52340146060294,15,3,2.5751775337224068,rain,truck,5,70.39650194161256,13.967985648004184,3.5693073152115624
13.140615187127066,32.54767801299599,15,0,3.4853112620612214,clear,van,5,59.53089504246519,4.0655165498786525,2.0944595885502006
30.66935641498796,32.80494115133452,11,3,4.932604341725078,clear,van,6,89.4946033987666,4.494371198457172,3.0832445737124408
58.881551989971044,11.19578279456076,17,6,4.781622225476008,rain,van,12,57.293329420217574,7.210330004862639,4.761965672156273
73.00502257594943,1.6515914301588583,12,5,1.3263317818305058,clear,van,4,30.0,4.299640983562926,2.575742227136547
15.925962253441119,17.350931122750282,12,3,1.5198934029214302,storm,van,5,71.30972464574532,4.231938903638028,2.153512963129174
57.391807894708,14.723130583689102,18,2,8.513477772398845,clear,van,2,71.94854385984746,6.6491101951884115,3.0498849594409756
14.478809478237213,3.4650225522677323,11,5,2.3360112807099833,clear,bike,5,70.86962651720904,0.8886254947334146,2.355002658377673
116.85892961394667,18.31840515119912,17,6,5.28953379002352,clear,van,6,76.02709702991848,5.085545110574775,5.358555847489647
10.946099466124421,24.48190425428829,16,2,4.909047293417536,clear,van,4,61.64529231560064,2.824712151206515,2.007875851508457
78.47523118026423,34.18838295721317,6,5,1.7402996302679168,clear,van,9,85.39167949236966,9.228669061887917,4.667574234401809
16.03559781839112,2.029826457006553,16,2,4.154152958519559,clear,bike,5,49.50730568036485,5.070539421145662,1.8192508134286538
135.72043755108032,7.389554709515222,18,5,7.017576379149936,rain,van,8,69.67876826974282,2.821589600078124,6.652076294684234
43.512862458216645,11.561392284131161,10,6,4.156463604477465,clear,bike,3,60.61293032239926,6.012322248488013,3.5007398026695618
12.02739273781345,50.97058432695618,20,4,5.512120383129521,clear,van,7,85.10125571950978,7.251890001567411,2.671078860034274
17.853672267999944,50.296466007209375,6,3,2.4891634394181827,clear,van,3,58.08242884217229,4.333272905549896,1.9520269491376814
50.650290401812335,31.250509279393427,8,2,7.026017389215301,clear,van,6,71.06412492047802,10.118817477983614,3.2069281064255093
62.935823594762006,18.05205649960269,21,0,5.5756131920009,clear,van,5,71.27704292596847,8.856111934018926,3.3899161423874467
25.621389414163907,53.173330060405746,19,0,7.6939005350449765,clear,van,8,72.93728761541938,4.974271970983156,3.872522888418712
28.098793086832742,28.455215332446485,18,5,5.648644318708677,rain,truck,7,59.051626102197844,3.051242482352503,3.5325944577683868
49.733682811375985,51.134546511629516,15,4,3.759008275848235,rain,van,7,75.4852404552155,0.9329978697893164,4.65670211826383
30.127511017304762,32.32493124023549,9,1,5.664568899159368,rain,van,4,70.42917430647259,3.5664216205487707,2.762806935186713
9.633013570535036,4.09344320616723,13,3,2.3972505596756846,clear,bike,9,75.1509939105724,2.857318585374881,2.490279339749123
14.148672172515477,1.6133753804786286,15,6,2.291042392218689,clear,bike,7,93.61619090219197,4.902030819458055,2.514015282390612
32.72358116394633,16.564687543129136,7,4,5.090623735571369,clear,van,5,71.740549539077,4.010655764863645,2.455341366392109
71.6924852008245,43.58563597238982,15,6,3.4421880982007544,rain,van,7,55.07382664201782,4.393526430235211,4.451990099716218
98.76921225407779,14.558000657697752,7,0,3.301538614394045,clear,van,3,99.4154003187824,4.9256532964468525,3.5065152168279203
50.58340391461732,60.361790173465536,8,0,6.1378296879341825,rain,van,2,84.68653055022541,8.249809816849112,3.537539970287834
34.118256041906044,40.82208522621038,8,4,5.54720378576097,storm,truck,6,79.81043092076352,3.1660411424092407,4.610277185636207
49.35559378943752,56.747194205278966,9,4,6.765343456562357,clear,van,4,67.26029782094699,3.3093999837973755,3.6518013504118807
15.904455972948725,16.95671978718051,7,4,4.549471680398244,clear,van,3,81.09546577917502,6.557921299460309,1.6378145937914868
23.984678527347416,9.737703914525657,21,6,3.1617073553808686,clear,bike,4,39.13922506907187,10.423654159011292,2.392586254341961
14.022952100092706,8.40382011244383,18,0,7.928067391653067,clear,bike,4,93.19368895343344,5.608903626808703,2.159288682778185
9.984220646908797,34.60389361428091,14,6,2.5921786941740574,clear,van,8,83.44492213603785,15.0,2.455012779545855
35.404509863838726,4.536642698650414,11,0,5.268709971632046,clear,bike,4,67.34402434260723,4.193411317058992,3.227524940801765
31.450366775854995,4.890025254184764,9,3,7.230949480335313,rain,bike,4,83.06405954084101,5.852565242243929,3.20445711505024
46.998796152583914,13.81517304893379,21,5,3.5238349786865255,clear,bike,5,79.28251905464616,3.1975208276795177,4.504678048380484
41.967246328193006,27.652397104089857,18,4,6.887094898845169,clear,van,4,54.85941331345306,15.0,2.89360136503437
32.92115357816854,11.73931059299724,18,1,9.041565789719224,clear,bike,6,72.68383192018722,7.37185503661035,4.247357268581665
42.321419647872325,50.37454075026667,13,4,2.5957227306197312,rain,van,5,75.62535014755744,5.3520015005762955,3.3441901576724047
26.2024658570072,57.30690156781124,6,6,2.2503212326977056,clear,van,6,67.99227864091432,15.0,3.3836181670597307
37.724626959087594,0.7490106305083188,16,1,4.355161016420878,rain,truck,8,66.71141810379288,2.9868431729655067,3.857805384479106
15.166430683694664,32.784222227418645,13,6,2.047852279929973,clear,van,10,83.51876769450853,0.7000574028044416,3.4483486183751424
36.44355920008363,14.62018911598301,10,4,6.621205684836177,storm,bike,5,72.63993297666362,2.3056125470718736,4.6263779730291485
46.28112211400947,44.992058659647256,11,0,4.77302101669978,rain,van,5,98.16738324779999,2.7908293013141767,4.049166454337703
15.867212250951065,33.61462190346704,6,2,3.9653179330307244,rain,van,3,60.201979707695294,5.584235319199209,2.230738988263449
28.260517217497963,26.666772756021516,19,6,6.412492367928144,rain,van,8,76.1418463115243,7.100832031650644,3.568390899760716
16.463042040474697,21.06461167482598,8,2,7.407048234966526,clear,van,4,56.1930732964808,1.4549697216626425,1.7884178751701485
17.792813552798908,4.917876559050544,19,6,7.064520184704101,clear,bike,5,80.16231677879297,6.041745295530268,2.3868924992237095
11.02379938318169,97.96797317582215,21,2,4.238923211382439,rain,truck,5,53.284624850744315,0.8310774544257213,4.819971122424154
74.63577427109169,7.3014856660846235,6,2,1.3427774336307792,clear,van,4,74.3230725727257,2.0047431736033006,3.332233813427631
63.59584511146766,72.14943806026484,15,5,2.3946230779276396,clear,truck,5,87.70939567759436,7.838165686532993,4.734534170414656
41.67690270493179,38.46350401987895,7,5,4.4912314125137485,clear,van,6,70.77964340836147,10.456695078954157,3.5827355413866333
131.33571586312368,15.267685632870757,19,1,7.152716447291795,clear,van,8,55.140032429705144,7.9761359548463435,6.409685640443427
23.303497177071016,13.34316319185769,14,5,1.8923310799202884,clear,bike,10,84.17619893162237,3.5057847873846852,4.713582278696202
306.55890782247656,4.677659556704002,6,1,2.8088515438428603,clear,van,3,75.40299219093366,2.5789159288749217,9.418620745650756
22.600600296317076,24.05111045939636,18,6,6.972042894609478,clear,van,8,68.72166986424544,8.619826428238671,3.0340394371290498
33.25332231654378,4.454036550354472,18,0,7.46267778820401,clear,bike,6,55.48347747319271,2.292131888016358,3.7986310133859087
19.722846189333957,52.39427330763445,20,4,5.544382668392567,rain,van,2,45.84451609523959,6.080535597590446,2.072518137659981
36.52001432758311,28.735445296286418,13,1,2.6551635973362,clear,truck,5,100.0,3.0474026913876213,3.3432610557115625
52.90468732988056,22.812131713922305,20,4,5.645180051926717,rain,van,6,61.4021972579714,5.738149056506886,3.440299942668147
24.75102458564213,25.185554495717284,16,6,1.96129302921713,storm,van,1,55.10585438995338,1.3938375556711982,1.7224729324511758
112.3226886828119,29.621040432636406,14,4,3.7552487419801004,clear,van,1,74.71992783869541,10.946465788736877,4.092120406505866
32.829234944939344,17.681051610402662,11,3,4.7982051223053475,clear,van,3,54.72853200651048,1.5627801174028304,2.1298194575919394
33.66262962613633,19.716657472654802,10,5,6.309728862679023,clear,truck,5,77.4722073376125,2.1697960774412057,3.3108566088418883
13.102484181293711,77.41465231305502,15,1,3.606926785524996,rain,truck,4,90.26592056230197,4.902499623252926,3.096065626148213
37.89424522916711,48.81469423904411,17,3,6.7841849336809945,clear,van,5,54.13192219190257,9.925957961425853,3.421366605671124
24.355999941696112,37.28132742777184,6,6,2.4369696398446377,clear,van,5,65.51877266145932,1.905337311785262,2.9774066282684473
16.66662499622099,15.27117911523608,12,2,2.536695259760839,clear,van,4,76.46266508342819,3.545395337552422,1.7058764198640413
14.567899933567512,2.765974878982043,6,0,3.0863616819095165,clear,bike,6,51.7280843121537,4.292160123996552,2.20443787799411
229.84627222021206,34.19492120501713,12,3,2.24293189751138,clear,van,5,56.33679345755387,8.050194446917418,6.909460895614048
21.959903007625293,25.129802563755447,18,3,6.917543688447273,clear,van,4,68.24866750192042,1.696380905852434,2.4485014566566816
8.452072380036087,19.356201360041826,17,5,4.726133743524767,rain,truck,6,99.41121367340673,6.5431441322779875,3.0202562239567152
15.50903616139459,21.95210715225774,7,5,4.277643001682606,clear,van,3,57.20807359475691,9.207211838116628,1.6649440829604303
26.01688443034825,7.753825374868223,17,2,5.2539676467868315,clear,bike,7,65.75802095347298,5.210991649102325,3.0740367390839833
41.98589069845273,10.194401442217636,6,5,1.168127812468272,clear,bike,7,100.0,1.1790941650128999,4.1493776765724055
42.259839631732575,48.8835333654103,6,1,3.1497237465556975,clear,van,4,81.92725446329928,6.880809293801034,3.1792379025879294
46.58560749653081,1.8731841072650628,20,1,5.907826703607466,clear,bike,5,44.58610804765418,9.630036860162523,3.9896808287273826
16.1854348532852,44.07774222464157,6,4,3.0650724525130117,clear,van,6,66.4969451473451,3.5077757447100972,2.5234140596632724
35.600239123982846,62.22131465376896,10,4,6.795659238435147,storm,van,2,78.77447857131098,1.4409182948925456,3.2771492011025667
13.452331391862304,33.66575550889277,8,5,5.1721757950496645,clear,van,4,91.70018015459041,5.3069662919941925,1.9093857671572076
16.51527340389387,32.45256610201538,15,4,2.401920120169809,clear,van,2,90.8929811463154,4.195690732038389,1.9044783849929467
13.011490092985632,10.108149119597202,14,0,3.3092982492606926,rain,bike,8,78.40111165192701,1.814895230447821,3.2849855807444572
10.47811625756882,11.602828764710564,19,4,8.366625097480371,clear,bike,7,80.75383597897351,6.738336690257352,2.3403101909436907
63.52081141903348,16.388413557454463,21,3,4.308490599669681,clear,van,2,50.51448233718226,5.411850666005974,2.544424740194973
47.03487560948424,6.177351675306972,17,1,6.222626745208288,clear,bike,8,59.611601290653084,4.11247822739763,4.648667831657454
59.22432163704262,10.819181067382502,13,2,2.498355907938804,rain,van,7,50.54071459621102,3.7913729105823575,3.9909580555869826
27.978894352472967,25.058637954957035,6,5,1.8917541729017082,clear,van,9,85.45752840052435,5.340627627714941,3.404929574499528
50.47338456808625,15.54312106909169,20,1,4.934925911380751,clear,van,5,75.64932633906882,1.996917833234994,3.591582772831469
6.625782487947347,26.794234791246474,14,3,2.8830773994471475,clear,van,5,71.59465432486276,8.025138144679497,1.918136006965804
54.08030191334394,48.75570930397847,9,0,7.552599780384689,rain,van,7,93.15306784598425,9.24578363073421,4.205449943807054
31.239891879563615,26.63459072277209,14,5,1.0,rain,van,3,78.07256692017711,3.820013022400064,2.1088889449676866
44.77668948990009,32.72314067499722,12,1,3.094058799136464,clear,van,6,87.07168830691134,3.3472254130710386,3.170139502457027
36.74560546183542,4.36436306288394,11,6,4.650451305188014,clear,truck,3,81.34509877623296,2.352631568157729,2.8218365478031906
12.309309873649262,48.14636837010307,13,6,1.0,clear,van,3,82.80783376321263,1.5276329221988023,2.444418326671161
8.178985980668863,4.226823468818111,18,5,6.159708588431949,clear,truck,7,54.36022444313122,3.087333450386722,2.8098911514882454
15.338356730919088,14.61467302453238,8,2,5.858101408246956,clear,bike,2,84.6135276320936,4.584591015572579,1.7632863634200182
42.60338989111998,8.155034930574582,21,5,4.757952200551121,clear,bike,4,77.09713574127696,6.906434369259081,3.643337087195406
47.090587116357774,2.7875538988317055,6,0,3.573434051711009,clear,bike,4,63.86651337584215,1.7166802367557734,3.2897921654754314
9.076114459763408,25.57253345770029,8,2,5.300954342344258,rain,van,6,80.26716942417086,3.939430288096528,2.3046681575179155
12.3680991197799,34.843504342695965,16,0,4.560816457350343,clear,van,4,89.28765811457978,4.117285735369766,1.881264481007184
15.201763657916294,63.32640951188201,8,0,7.845824965376224,clear,van,6,68.52732255003461,5.932870736410169,3.280255581047643
20.371888825495407,28.46505010910603,18,2,7.273160707117737,clear,van,5,58.756515269741605,2.8395009506282536,2.4520747529269666
9.118992580477759,10.756403359284013,17,4,6.230969969399567,rain,bike,6,59.44865688289919,10.077246285970663,2.446898863350054
8.691613429234222,15.223203911416897,12,6,2.5592201507986245,clear,van,2,49.071401011656825,7.820581769319802,1.1639750725280726
14.04872666537742,3.376762931266107,13,0,1.7111182365818065,clear,bike,3,67.47084667155323,4.871855237767895,1.5295667765046268
29.04955221751569,16.649387753676525,21,2,5.697590784312215,clear,van,9,78.85321656477811,9.431800102376986,3.6271344412574567
10.543657857359536,22.547421627692678,18,4,7.39479238620383,clear,van,5,96.00571873301253,6.1565175595517685,1.9425835198327865
24.71368631560604,33.76288399534466,16,1,3.1758935353641675,storm,truck,5,57.91329643609857,8.711618757482015,4.184914960623695
63.23400769770278,40.66119229928785,8,5,4.38296417651033,clear,van,2,75.38863965400131,7.378094467609114,2.828191391739123
9.569454569607087,32.94407052690619,15,3,3.430132652061503,clear,van,4,70.33973489544819,5.634550615394616,2.0589050703820804
22.98503594887558,9.698934908936168,6,3,2.0381371157820367,clear,bike,1,69.87097206239268,5.773617610236655,1.878831423502202
61.54726320133024,7.19895948524328,10,0,6.245532804025273,clear,van,4,47.052990285041986,4.98473427275966,3.1846935441110316
19.402177221973016,38.57233049988697,17,1,6.689933348440365,rain,van,3,54.8373019494213,15.0,1.9886120611290072
17.13399064092194,2.659220814481553,12,6,1.181267074344806,clear,bike,3,97.21961444926183,8.104278142148349,1.5983971167800668
68.77199766777494,84.64657592834061,21,6,2.9786608789790354,clear,truck,3,85.13900257798495,4.704519738496891,4.606827033992807
21.221999095335082,11.72068557322668,21,3,4.566205003948472,clear,bike,12,74.24290266733165,9.847954793192487,4.157760816725488
65.6013332820143,52.89586818967299,7,4,4.617491188754675,clear,van,4,76.92788240188271,2.816172632834148,4.311402913458297
38.212867823250924,13.750475167825803,20,3,5.808862451342688,clear,bike,6,81.15160112446688,5.148013595763631,4.22016806965032
20.608925891874826,35.45235405957151,19,3,7.894344799595986,rain,van,7,63.27647960378492,2.865479144129029,3.210865898311083
39.795443645896235,7.4693397617405655,7,4,3.828412460955255,clear,bike,4,63.893394830365025,4.4706773230808485,3.0061713642250463
35.035422148168834,23.63807846521167,12,3,3.267798021651137,clear,van,5,60.76221429641849,3.463741048429542,3.0719187985797407
61.35681548286852,3.6660320098871333,21,0,4.702559179650504,clear,van,6,72.5333584973125,4.659933306505557,3.3663576141148277
17.484653786311075,29.632545212076057,6,0,2.3778900042289015,rain,van,3,52.740952843198016,2.8242646441722994,1.8218801378975993
28.021297706760294,7.3356609516269495,6,5,2.524096214065278,clear,bike,5,60.03988243073772,5.237738944928774,2.8667087247675807
25.81065668149246,8.56866772132212,14,5,1.4962822645160876,clear,bike,6,77.59085861625779,1.60333607886807,2.5997197315976432
47.62312741538423,15.930097650298,21,1,4.652917879803201,clear,van,3,64.70599450097247,3.692090965541868,2.5563811161406997
11.939552693952509,18.835088842354523,10,0,6.380808929207261,clear,van,9,43.741299453275666,3.049605946596225,2.8107358727460268
61.16539806870611,33.80087859809133,18,1,9.669764249285453,clear,van,6,64.31172304548149,0.3965962439952327,4.479583221127456
39.372319464498034,31.338639379558487,17,4,5.970883202643744,rain,van,3,78.18236476233496,8.399494876396515,3.0830768253526943
9.454208072753142,25.619859932499722,8,4,5.890672469983408,clear,van,2,71.74010065015693,11.853767302977996,1.2544891346240603
71.27960633746027,43.978776841412795,10,1,5.4859880126178915,storm,van,10,44.6535048232729,5.9135471374413795,6.1641302645052765
161.94786535449447,30.684715614942917,15,1,2.081457624881211,clear,van,4,85.48447797874408,4.341979454654816,5.543413901180313
60.4288823735631,32.36384625607757,13,1,1.8339934814832763,rain,van,5,66.30278679291544,3.0498037205949116,3.595336652487322
84.90965541638167,8.492222767389617,9,3,7.5320859206647395,clear,van,5,75.08579008980244,5.1127753655707115,4.626633071650398
29.02905152543251,46.40890514508342,9,1,7.589974589567194,clear,van,4,85.67078829752207,6.852930099179373,2.9101298945741307
7.1763870799518985,42.42525423660742,14,3,2.5194950781876724,rain,van,7,68.14315870430595,8.190917928869677,2.6425876804067574
6.2009570253476936,26.59193211413556,19,0,7.536315046973635,clear,van,4,41.36403937005848,6.937525927166538,1.392583260511919
33.250361362709064,41.32783186673312,12,6,1.7537143192638818,clear,van,2,96.332860992069,2.7542750014178834,2.50531262727629
16.884853100775725,22.21107433855733,20,6,4.258447325355819,rain,van,4,36.88493080464127,3.278010043756131,1.7297395150944268
13.044139824747102,65.53371070064529,16,2,3.841611557893118,clear,van,6,65.01167743939534,2.015778959840197,2.931907494621333
25.785250768650712,24.728180311037484,12,5,1.1123118607027085,rain,van,3,89.43509259252247,2.5156869430946096,1.9659624462607441
44.36577018316189,21.609856509801972,17,3,7.326179645827563,clear,van,6,59.540848911511226,6.79616322361792,2.771943270697074
8.480708218001485,30.853011184774886,13,0,3.6688830654148483,clear,van,3,60.42802536744299,4.288481347145878,1.6454614502362581
18.93283854963464,74.97936216867002,18,1,6.224236823630705,clear,truck,2,66.74915194279288,6.97426433116164,2.738717884568755
90.73076969440885,14.140618939198696,21,0,4.518439226598507,clear,van,2,67.29018513670106,7.7085749196539375,3.5611395579747125
11.470394169670909,29.351709486790426,18,4,7.991080590715469,clear,van,4,57.09593476876035,4.799539593728925,2.0562409038206395
54.36980527822444,15.080027798772072,8,5,4.969996839315468,rain,van,3,60.46204703258529,7.202432948497076,3.061189320166929
18.397511129427265,21.587756173132263,7,4,3.5813660037814574,rain,van,8,86.12095423163382,3.750423160759655,3.1226192054274735
41.95656883409911,10.712421725487964,18,0,8.5909381934352,clear,bike,11,62.032050636607195,4.8863508604920805,5.870936533561392
65.22625068437475,31.73215278032043,19,1,8.101308792660411,clear,van,2,77.53718574748655,1.5602016041653688,3.9093882818273817
49.059086254120864,23.15259554158226,15,3,3.735013986283633,clear,van,4,56.307546857713334,3.598598898915868,2.945709305475473
56.1107648971948,40.70374015455874,9,1,6.409995780957505,clear,van,3,90.76668460109691,2.5643472457218155,3.6071241919919257
10.791137261227956,48.949811496492536,20,0,5.133343423430455,clear,van,10,84.0645366930905,1.28594342604366,3.644094859785123
66.08407304431746,54.232371286890285,13,2,2.547086300022828,clear,van,11,68.65580693031428,5.4735705096988525,5.3992832482819155
13.706161939108048,15.598689778526454,10,4,5.233418312276989,clear,van,6,79.62008925420125,3.9929469980925227,2.3511127433358245
33.3692031237019,30.89883097014165,11,0,4.900260277262404,rain,truck,5,92.82817815539403,3.3561208683288473,3.9340312615544426
33.33463510134499,56.67314619450427,10,6,3.1017215828438065,rain,van,1,54.97260784996695,3.4710124301136207,2.372992192778378
39.96875592802748,10.637047446905372,10,3,5.628941377009836,clear,bike,6,54.16145667212413,1.693040746161724,4.937000191573831
35.50115889393634,25.138172320983912,11,1,3.5638431144728524,clear,van,4,75.60911364582975,6.366948875676728,2.8423028981547125
13.803911819563035,11.314355326510446,16,0,4.021220325197793,clear,truck,7,50.60812111225435,6.355385717207656,2.765370123648734
9.208307540769034,74.30190941078651,6,6,2.3502203906789156,clear,truck,6,46.71673697205249,2.734379503229522,3.4661176542070367
54.48246702619771,56.22341478351657,11,4,4.373569181396422,clear,van,6,45.95169156094935,1.933826047181387,4.598502728642435
31.458451085683308,34.91576141513219,8,6,5.314739889495119,clear,truck,4,72.22675147658909,5.514629303656284,2.9878154085209303
67.99957619745066,34.51408555432253,16,5,4.033686402362523,rain,van,3,39.467800544495816,10.373536892703276,3.0816882511407333
26.15953242192686,12.332452139058692,21,6,3.292402172517004,clear,bike,3,63.949346838704166,4.487499596147786,3.034396555911687
8.809833241584373,60.87130630533314,18,6,7.905305110509684,clear,van,8,30.0,6.874564072340907,2.990097049632986
58.72724417519864,18.117284658328888,9,5,6.70967655875579,clear,truck,6,76.56798765044675,3.2293798084840333,4.05862181903595
20.160061872504745,13.450936055436541,14,5,1.5767703894211578,clear,bike,3,77.57325113622846,5.0098661209739825,1.941360035401789
35.64478190200197,50.8315475324273,6,5,2.031842179394769,clear,van,7,66.81342594904139,0.7924768473893972,3.4750415739076774
16.151815483930797,16.711577554815484,12,1,2.41907965085046,clear,van,4,87.72463208529952,3.04045413171835,1.9893755456711442
101.03241118522315,13.951938059703881,10,4,6.294412184020053,clear,van,4,81.93246144602858,1.8937089433651777,4.750238873148041
13.44689387416284,42.39991839448205,14,6,1.0488106978359668,clear,van,10,58.1291566150211,13.242772037019728,3.0425409708972584
20.69839573855414,7.844956764502417,12,6,1.516784339269368,clear,bike,4,56.838400383892214,4.3013622952223445,1.7313216083368608
29.54631293097893,35.22968260874458,16,0,2.553228642332022,clear,truck,7,83.25454181277544,15.0,4.014982067078854
11.316412870559555,25.361228909134283,14,0,1.9640230994192673,rain,van,5,80.27147521033415,4.270340420039238,2.137442141814496
35.31880786890309,39.91016720445746,21,1,5.13883566349722,rain,van,5,65.96419709287876,5.464616240398692,3.537665089658768
98.44798936523975,32.44850093030712,7,5,3.1227683524819185,clear,van,5,43.607000503628896,3.9665301516020373,4.259467389265795
18.31334943892841,106.6181565980702,21,2,4.210098763134286,rain,truck,4,83.93900580234282,3.343796362299273,4.10016099810087
37.19276507844241,27.20988083913481,18,4,7.995454341515056,clear,van,4,71.00129742690173,5.348879598786595,2.730912791402802
3.005523285718628,16.668390104583466,17,0,5.43810305009093,clear,van,2,69.13079425782087,6.6820322210643415,0.9900630823787467
26.281273191607724,23.25525583293019,19,0,7.7931559215129536,clear,van,4,30.0,2.2986277720076247,2.4001918193049225
21.106185965999224,32.191933253810035,6,5,2.8536047295074116,clear,van,2,77.99215256825286,3.2919063263954462,1.7618280096089103
14.086289072315116,71.5101521152272,9,2,7.2452558977773345,clear,truck,3,69.08445676026979,1.5061606076719187,2.605553333599477
64.40301029331204,36.89586463722375,6,0,3.459208201394807,storm,van,8,61.89759481077603,1.081138536292523,5.899974695679208
20.884454005398386,11.740439774877215,18,1,8.784232551445573,clear,bike,3,57.45209639876509,6.677805931782571,2.483961453739014
23.523925516721754,180.0,11,2,4.5866524019055515,clear,truck,4,71.6627185403108,6.242511659496562,5.733594677983916
20.0503317583888,47.54063053797501,11,2,3.4858869732512585,clear,van,11,77.01948778420831,3.7646630625871444,4.518624263355226
5.850618034507838,11.123088801416216,15,6,2.0508649755938455,rain,van,3,64.2679897281184,6.248733524451224,1.21000676909254
10.961738025740052,8.552917660109582,12,1,4.23070896738397,clear,truck,6,78.38965798241044,6.864315955366162,2.51699658075945
58.491110702963795,7.054826162111784,16,4,4.538456449326321,rain,van,3,52.71553813715981,8.356785616861746,2.588270826115854
5.013024785409342,22.310943229773528,20,1,6.384654938974717,clear,van,6,60.214913684434585,0.8220170864858611,2.2224178033385567
14.68677927860353,23.056029616831644,11,3,3.3686131202961413,rain,van,4,80.29412715086008,4.388507017593453,1.7649178891279749
19.692226322879012,13.188839782865866,20,2,6.166720742664541,clear,bike,7,63.93306206694503,1.9090597053320861,3.2751473963112434
109.38759516402732,6.035639086233918,14,2,2.8560500713600376,clear,van,5,95.75206631234501,2.528176757251296,4.659618895407883
50.14320503453204,8.738469019261636,12,4,2.6973944534078353,clear,van,6,74.15412714270748,2.3796929020969477,2.7610965215985237
17.361647006139265,37.434440232942954,20,4,5.824387079276281,clear,van,4,52.47974543135966,5.208862099245551,2.4550598709448472
76.98502771541786,18.372172587525558,13,0,1.9692529459992771,clear,van,9,46.464697506162665,2.937978374122442,3.803658935261454
14.993058743983546,9.717041861816268,8,1,6.95714751396708,clear,bike,3,81.76598212317367,0.8140353871919443,1.8639012555282732
60.78115820423738,25.292963253891024,10,1,6.53799794306298,clear,van,3,60.89272635458999,5.775880161594859,3.2154838826845595
9.1421739131385,29.091341267042665,19,6,6.64557374260784,clear,van,3,83.75144405335682,1.875381622121889,1.8502917263809417
63.98228610446089,31.507737108584834,14,2,2.635656913596739,clear,van,8,61.89587325069205,1.9449780046077365,3.8164366966832604
19.59144680757578,24.560943827594983,14,4,1.3365272350496296,clear,van,4,73.6296854088461,15.0,2.0944064629009764
11.907835243164634,21.714969442577928,16,3,4.505000908062936,rain,van,4,64.96859686005483,9.638675461536048,1.9593335845013127
22.789162853927937,53.7835950516053,9,2,7.854411346271848,storm,van,1,73.83216010825099,2.9445612563508856,2.4923250878672505
33.8478453271247,9.091677254793598,7,0,3.8468242277756683,clear,bike,6,80.94026605224936,2.1654294570981354,3.646235736746569
18.250660215746226,19.4970021891047,13,3,2.9811043262458714,clear,van,7,70.28698309266113,6.509629157191037,2.8302290202981553
42.23134867249806,3.2430540233477934,20,6,5.428093108542422,storm,bike,2,79.9150442214972,15.0,4.513165570495915
17.006657636523453,17.466334566542308,8,6,5.465088081688727,storm,van,4,44.52070337722469,11.054656174725169,1.9539440807749158
44.53600286205622,26.68040731885454,17,2,6.280642185572697,storm,van,5,76.23432233566874,6.885487257497972,3.5494141102172785
38.62028473197816,42.10294551858506,21,3,4.996296765292013,clear,van,6,70.34519660584986,11.002139534727162,3.295120352574644
25.822896412890778,3.3726982551303095,7,2,2.8838161700153524,clear,bike,1,66.06829362160966,5.972292456900924,1.6313145460247567
19.046705559480163,26.08048386624732,8,6,4.829466383782065,storm,van,3,34.13349416817343,10.556726969172894,2.184239246282527
30.607119234241924,78.73418703076115,19,3,8.34333884025958,clear,truck,7,44.97061587398643,2.656108963985272,5.087269760968608
42.106536689805694,33.26664446161797,7,6,3.481488789598254,clear,van,6,73.41029082712855,8.230249255407317,3.229845580058124
141.09583243691998,7.53676214669953,17,5,5.868413321864856,storm,van,6,75.30264590702447,4.12903671840861,8.888234540036834
57.48570668083359,17.493069722648396,18,2,7.6472479662737305,rain,van,3,76.14028086138822,6.753040503657114,3.589761394888293
59.192329240399694,34.06484480771123,11,3,3.618616374191259,clear,van,4,69.89153156291509,11.322493787790446,3.4599797394274785
320.7973950811703,13.735087832952091,10,3,4.692513293601703,clear,truck,5,52.02145954032369,3.5687551311601933,14.413429896765738
40.96699659347108,28.419399729524127,14,1,2.06457800213949,rain,van,7,54.579353731608556,2.5275583674186475,3.8578493776944645
39.95344131485112,27.177139850536705,14,5,2.2398609194062162,clear,van,4,38.3629009131532,8.689987981991752,2.182033171913423
47.61805801974045,22.05264925772581,19,3,8.381733762396852,clear,van,10,71.86926297332595,5.144144124317518,4.664341708301452
12.095424225865862,6.747851814236216,15,1,1.7883681177877502,clear,bike,7,98.58519058484295,5.463460571422824,2.8243137333832764
19.008356359332367,12.46546690352199,21,3,5.227288417379325,clear,bike,4,68.6215442391616,2.4545983531826483,2.3918560723762234
18.08466943168406,84.10070954497003,9,5,4.820467634686429,rain,truck,4,58.59652366599963,6.470424487715071,3.3919556194617173
45.517241205512164,16.550437464005302,10,2,5.906854779895861,storm,van,3,70.38425847355016,7.70562204899981,3.0453724117961203
23.586165917604,18.269094469171403,9,4,6.544952259161717,clear,van,5,67.96487651442496,2.9517435752698193,2.4195181488526467
30.28276504785151,18.1899046715255,16,6,3.7634972179967283,clear,van,3,43.95550966353035,4.090986061037322,2.171101781932628
64.71310272796215,41.37088675796281,6,2,2.7519361904189155,clear,van,6,73.81244751532704,2.9784682380564864,4.04195154066146
54.08303717636475,19.019436869655,19,6,6.760716405413922,clear,truck,6,68.37091397568139,6.108336275380032,4.904150112968934
23.822325746834903,22.449809629214087,18,2,9.247970718050155,storm,van,8,67.44137408920281,9.58998806802961,3.6669343922732764
15.863231110858447,26.092306217770243,21,3,4.605310294723416,clear,van,8,99.8244089848613,0.2052134447458035,3.26500561182221
67.23673737798791,44.68487858057239,21,5,2.968278942147017,storm,van,5,68.48089706857657,3.1788353097352555,4.788023379530617
50.35575662117143,22.531959508705473,7,0,4.424416682796308,rain,van,3,97.33886789094598,13.029800336647938,2.832503564650885
7.500686467574651,24.477291147582083,17,4,7.796004393716934,clear,van,6,57.593021367850774,3.884768138128521,1.9727755458402538
21.104300795311772,14.320420346000576,14,3,2.808023413500975,clear,bike,1,47.3484285209006,5.168119669297107,1.4013989040607535
30.951218540429913,28.91433225705923,17,4,6.996447883575025,storm,truck,4,57.852421020291104,15.0,3.450037542128176
50.555097124006586,35.271439775412745,19,6,4.943480401199476,clear,van,6,87.59917582541092,12.135365596925617,2.945456745908006
56.153061087624,37.0454571413579,15,3,3.217219462278467,rain,van,2,58.62141399833658,6.300384297037684,2.950363630472493
34.02599532756472,75.56643484156912,6,6,1.9269269331678287,clear,truck,5,48.60873803807292,3.980077280750555,4.182700996264362
43.30196543501042,11.688199091936394,19,3,7.22882706173963,clear,bike,1,75.10413449882452,7.5781406260741555,3.2890995679777975
28.54008076414265,23.266912365282238,12,1,2.667664023203519,clear,van,5,64.24772023463886,2.9522364189686674,1.981106473668365
15.814364134301215,19.121335818130127,13,4,2.2860690613949313,clear,van,3,78.6168884757559,3.0904190617648455,1.599622215263755
21.998812775826252,66.59568696161266,15,1,2.4082030615189893,clear,van,3,59.92588227904578,1.872637958533576,2.6932540673152956
27.52770492390931,38.06764498257619,20,6,5.142682741892422,clear,van,4,56.150277050687066,2.7205118450250905,2.83894642489981
26.37078055352961,4.8484522893261435,14,1,2.144161524198699,clear,bike,5,94.89076359257946,3.9277433712405547,2.8494280201421085
5.998693385593768,13.288434650230979,9,3,7.561956464100643,clear,bike,10,57.510158187418554,5.983467087803163,3.0014224749847003
19.72749468626842,17.30837903175605,17,5,5.1739742697180855,clear,van,5,57.46790435317459,6.369215129073463,2.2526542915603334
28.35956952136488,5.659428197452117,16,0,4.587860325742961,storm,bike,2,76.92512557278368,3.6311666594845087,3.5917810789349716
21.647803762787042,24.643916832353888,7,3,4.839071835701194,rain,van,5,30.0,5.246199409797247,2.3668859314448794
22.25442718866223,14.86260026398368,14,3,2.726915890309179,clear,bike,4,80.99184792172358,10.06745486660807,2.1355424051546823
40.06059154659176,77.7858180587521,18,2,7.768059512343344,storm,truck,6,96.82705779895176,7.312044301352054,5.702370399885935
11.436777398826045,28.740608010774498,20,4,4.570349707143679,clear,van,5,82.97873241512191,2.483789708705521,2.08260425124859
7.371094693131823,16.752146904071513,10,2,6.414755687967599,clear,van,6,54.383636913810655,4.449868294314776,1.8513502440569345
20.521316339235604,9.664575962641468,14,2,1.5534125606321745,clear,bike,5,59.15063248091008,9.23152462601937,2.227064212887694
49.963439322015596,21.739187670875953,19,1,7.703936691637329,rain,van,8,70.96514760367263,2.7727307300513564,5.456219839415836
104.58942337842112,62.760706463790754,15,4,3.20455417132039,clear,van,6,75.47737888477482,2.3549615017174785,5.167991847205639
50.6886789745567,19.298876300884725,12,6,3.2148375270414986,rain,van,6,94.20952731466265,2.952878813845583,3.4185135517505696
8.376155112699509,21.889943138234422,8,1,7.47754550071438,clear,van,4,93.53351474531283,4.0029283096204775,2.290143665564234
22.513299162830652,49.03899567010124,6,2,1.9397017868883073,clear,van,5,66.77137168020275,2.455359300682427,2.8757187115027834
33.29167963200539,28.12663932692391,17,1,5.187202695237062,clear,van,6,62.030554373302536,3.0373955841776024,3.117195639728313
31.251672462141947,40.78516439660816,21,1,4.547602051667478,clear,van,7,58.27570092591939,10.27865359980886,3.3955924260400274
41.73932134255416,30.255422036124674,15,6,2.520115469720369,clear,van,6,79.66712022935376,9.387113731041767,3.1486028614908514
13.018362265794291,29.02130989285446,18,4,6.811426324091367,rain,van,6,86.19855305022358,0.7342514741401145,2.5217874237840965
28.558495857786653,4.561032442231989,16,6,3.4164149093867517,clear,van,5,71.02413736977351,1.2493908613652163,2.279762233208435
37.94957344361033,8.434318906385396,11,4,4.5346133491927105,clear,truck,4,69.98173035785587,7.306519374480601,2.9978472352584227
52.485490640217186,25.925886167444357,14,4,1.2988298246946677,rain,van,3,100.0,2.865414983414051,2.550497824793908
14.231039605045419,10.510173927028543,10,5,4.007350320640544,clear,bike,3,80.19988513177265,2.2623896727028354,1.8106438238294429
20.570839325387766,21.75737753583948,9,4,6.484677416197947,rain,van,5,39.206487193528915,5.7027929495009655,2.060150791944302
3.1172333322546013,7.70128025498752,15,5,2.15636506728732,clear,bike,7,69.48588699556915,6.713538782906704,1.8934965309796083
16.491258059637513,49.315324339426034,16,2,4.842298843283896,clear,truck,2,73.02203561757972,7.246327744201094,2.37137606283288
17.822613736669854,11.68605321288087,21,0,4.025843777457813,clear,bike,6,65.95841631862179,6.8962681279604725,2.570178307992569
11.993110902379788,9.6373949696851,9,3,7.044258825307352,clear,bike,3,88.92632501648359,5.9391427858976105,1.7841641742983299
30.953612727504808,6.081274992532206,10,0,7.800715557123557,clear,bike,6,65.05332466724668,3.796302738610113,2.959014424026294
25.92593073064106,36.74926522262668,8,0,5.2386390334112045,clear,van,7,55.2299366110859,8.024581090218291,2.765077418329011
4.448775536323792,21.733734660268404,21,0,3.764633598476988,clear,van,7,59.34734441309161,7.690911421688748,2.0268906271647906
32.21416863341614,48.07053787715109,18,0,8.315398125863378,clear,van,3,80.11748535913958,8.676207148682996,2.4593749609648348
12.901462736538743,14.404556599295718,11,4,4.847015145501514,clear,bike,5,49.67659788725541,2.3668431638316156,2.314838981994083
39.98687068474713,8.221244942754243,21,4,4.618869015234814,clear,bike,2,62.60555981288109,2.2823302262225584,3.126102927609343
9.723241026332754,20.97555033485486,17,6,6.439088452073895,rain,van,7,82.70792310933528,15.0,2.656348938119241
27.771358805625407,54.78484976043951,13,2,2.4531266242548035,clear,van,6,49.59472968983933,8.703607255031375,3.39611346879771
21.61676858509023,4.434592488340069,12,2,1.1046349382028158,clear,bike,4,54.4409409802802,2.9254582019546223,2.420830895650699
34.55255533463675,27.65388336621712,15,3,2.985313133070454,clear,van,5,44.57357077300485,3.7446377286405674,2.7402021838022357
29.95684428383188,29.77108564383556,7,5,2.7876622693234836,clear,van,1,56.56670515374543,6.792895888394991,1.7099427468450328
22.10643317339359,61.00928864575193,8,6,5.909999206727849,clear,van,3,62.16319351754939,7.3746156656548445,2.627986534528135
7.932610296542386,10.92900248371664,20,5,5.763610985097461,rain,bike,5,66.44107904833093,1.0185529334785732,1.9167771468710195
8.316434599157466,4.103185492676236,9,3,5.728252743319261,clear,bike,7,56.24907361797578,5.577345605560495,2.3496371224334296
16.994511665516615,15.650765946723531,8,6,5.883204258513396,clear,van,3,64.26692480332574,7.694895185476404,1.5813739907421558
26.93364080595142,40.37482519512584,19,1,8.52442116643656,clear,van,2,84.69511380935955,3.0449187160179854,2.184152861825332
16.666515425364054,22.842307186170654,21,3,4.027458613037356,clear,van,4,75.00885746558833,1.0418952817467193,1.746708682756801
44.70876397415814,32.111255568184745,19,1,7.7101734359049825,rain,truck,1,100.0,7.055603945889649,2.6970861220134736
21.68505393810705,8.730275878327086,7,1,5.169303093661081,clear,bike,6,59.904850102527305,1.6090031248257006,2.92577238032457
12.528296678178078,18.375189646130472,19,2,6.195717418777601,rain,van,6,63.262092272067605,9.710591118948598,2.146570198832333
21.704572781609908,23.502491586913468,10,5,5.159337038377029,clear,van,3,72.31259515930141,2.1171973151833945,1.8657116940973864
32.482057795301,5.200204000303756,6,2,3.551404124485466,clear,bike,2,62.28291568103417,5.213862915928843,2.2242020644034395
35.15995437088263,23.395126223333598,20,5,4.920941309155812,clear,van,6,69.60116965218312,1.1599297836442566,2.9218148356416282
121.83934170118404,17.00508095502931,10,4,6.522101143445022,clear,van,4,41.23477136101853,5.086135507361976,4.794072190793063
15.87701598658935,120.91843974828338,16,4,4.369645267909782,clear,truck,6,64.43956605677346,4.459138341249679,4.692199023285923
25.564817011388403,22.132204799810676,7,1,3.4283300449823297,clear,van,3,83.16587274639264,3.7003508799455656,2.1414186517849263
38.12610268732486,63.288188574761904,9,6,4.952780277658797,clear,van,4,98.55509610477935,3.021222822113909,3.417766889389258
26.609322721579048,31.935730476697145,20,1,6.809433081060088,clear,van,5,91.73183539057489,3.8041982550655944,3.099951467367905
18.165160171245997,20.075850036185955,15,2,2.399151202682046,clear,van,3,71.88819045702408,3.1119978712074543,1.6161603329451593
7.8506337335521605,57.00070968958439,21,5,2.2099579023378073,clear,van,4,77.21781450424007,6.733827754630062,2.002862340466697
18.017299014847783,7.541412799879486,8,4,6.101606212931402,rain,bike,6,74.95750489773934,5.2901754946317965,3.25400420719512
11.48495674395021,15.356193591896515,20,2,5.8294245303819885,clear,van,8,61.68554162818048,4.904993131246644,2.1977769433567045
6.812196817194483,42.08420291006773,19,1,6.813640451205795,clear,van,4,55.61266176824417,5.119276330029075,1.911359694049161
14.345795842942636,1.892048565823238,20,3,6.2972876136111084,clear,bike,7,73.72420399432727,3.370578650180881,2.8635413786691584
11.732075932936514,21.561680192569945,6,3,3.2904978084550365,clear,van,3,68.34819857619785,5.783436384089046,1.7323120715707467
43.251384145690515,21.41692091092546,7,0,4.071681512104999,clear,van,4,82.58933373574564,7.740920983071271,2.6461109020760847
43.85433045013056,26.98180430594302,14,1,1.4299585175852092,clear,van,3,34.29147008948374,6.2754914369654085,2.1802698368613136
13.156245230237225,18.53899545309147,7,1,4.441004310674706,clear,van,5,67.39698303069223,7.617687587869628,2.3700025587964726
22.017048730686625,40.884162595612416,7,1,4.883686566413028,clear,van,3,88.1383418666172,6.641334251403204,2.486658485394226
6.1312943044403525,11.433475854757752,18,2,9.543354357068186,clear,bike,11,78.6459091883448,5.655957715699481,3.5783219021470294
18.25662521908398,44.971444998870815,17,0,7.39336822053958,clear,van,4,55.2547704096053,1.8707773012155213,2.5601589533651787
37.30716952186872,8.483290668351758,19,4,6.96864023923861,clear,bike,6,50.36445389073847,2.6923882366619987,4.279273240754558
52.45471949804839,28.5976859798804,20,4,6.926355857632476,clear,van,1,69.30785213122893,1.1500599866727663,2.820966968785317
15.326177814796743,52.41613637927439,8,1,6.20890639608028,rain,van,7,81.77776088771844,7.734542404117974,3.2414567043315667
62.89608300657977,10.546861471032475,19,6,5.2966622324226265,clear,van,7,77.74437638080728,1.907749629012116,3.4088993642574956
8.064296369221097,13.000502012293728,6,4,2.903712585843016,clear,bike,6,71.7319639495736,2.4980192449394236,1.9735223688538943
9.993129038496622,46.075840619421925,11,2,5.591521950920979,rain,van,7,79.63077441840376,3.517441418432494,3.1422830279955534
47.83365601707121,25.58863103963955,10,1,6.960464661506927,clear,van,3,73.86190274705997,3.5341235577403873,3.2432567947540614
103.22354568131725,4.160449555594489,9,3,6.189245519498439,clear,van,4,78.99022179264367,3.962931150815125,4.563339550913438
40.235335036182306,26.34493175019945,17,6,5.002888170569578,rain,van,3,84.06119812036385,7.857982902629848,2.4715796322612067
26.251577717959194,36.08470862107516,7,0,4.448901004997341,clear,van,8,63.32692669827488,5.598351530182993,3.393995667052568
4.682597619184038,47.4085710771726,18,0,6.38900414511933,clear,van,2,56.71278657736153,6.413262944843101,1.6248293966809124
5.376525540138789,28.091566583039675,19,2,6.416576740445894,clear,van,6,80.93358816074881,2.3140443300063405,1.9308694049922495
30.069988949765893,32.71368012652779,16,6,3.5533995862177474,clear,van,6,62.3386468437306,6.4977642765247445,3.2641854137816133
20.35954542044742,67.5745852826455,7,1,4.189701500699079,clear,van,2,40.80355772191629,2.218203783037706,2.4301005406046285
11.193484346936664,42.96116736759588,15,5,1.0,clear,van,4,91.41082691835115,3.8724987246414875,2.03875274878151
28.57196706711217,17.990657047976864,16,4,4.597500459229623,clear,van,5,73.81071046278099,2.9519702960181746,2.488274320063965
29.728467665989143,19.931155855742336,11,1,4.92615075539404,clear,van,5,73.14135552343446,3.0786535856098047,2.5187116510678225
57.71589977032032,50.94926343061421,11,6,3.070623138992635,clear,van,3,67.2265175444505,15.0,3.5270004131389503
30.24351636341735,27.6634521211061,13,1,2.247011305310155,clear,van,8,82.55806956084062,3.24470230460699,3.153079087485646
72.43687512549369,24.66890110757632,21,3,4.744157689665416,rain,van,5,50.75171105354098,0.9385116098138968,3.90834689035657
27.28658593216746,17.53219160220679,6,4,3.0278998374206836,rain,van,4,70.05322574765314,7.539452374085797,2.190661214473212
24.72295104120962,49.61385922808982,14,4,1.0,clear,van,5,74.23416429545615,4.098077808254941,2.5799708025816845
63.52603037061237,11.118626796028718,11,5,2.5211675203853496,clear,van,5,78.26506218243134,6.255008121936736,3.3954344488286807
12.394431460335282,15.38672680613117,14,4,1.9662684534869208,clear,van,3,44.37238773999921,2.49685811076202,1.4058407710277678
257.63863475231454,49.50583988531356,6,4,1.9880147757564908,clear,van,2,78.90774252346634,3.968769163662055,7.4060780587063055
36.605773817189224,49.08856694531678,20,1,7.413464465538507,clear,van,6,63.71998632665663,4.381235795249778,3.4027331211830045
36.76930530936977,95.6845210899612,13,2,2.706742626971119,clear,truck,4,60.226769377753676,4.3617401647099205,4.064849499842238
41.26756247650512,21.625103968075393,21,2,3.3992479916807388,rain,van,2,46.576952639559636,4.100965939432581,2.2306877362779294
121.71827831156851,17.754835172598924,8,2,5.8322186533185985,clear,van,4,100.0,7.246285524147626,4.487318577940796
51.111316434627454,19.250552461211633,15,0,3.8120302927528296,clear,van,5,68.07775967769463,7.911553238936713,2.741260901090221
7.507895625054577,4.764582989929405,16,0,3.770130125552844,clear,bike,3,73.68496236440802,2.4270231605412693,1.4128660827915618
83.32730676958289,2.3653836953743523,18,3,8.454194109906053,clear,van,7,54.22263634779857,7.627752458603317,5.066213350170891
20.641069093631135,28.0187893722204,6,5,3.247884885556876,clear,van,6,47.05922260049114,2.612554721768374,2.431851715395909
29.53937320235934,16.6643613449587,16,6,4.402610082648072,clear,van,6,82.21942434419049,6.00699397428025,2.714949084530535
9.743465179109586,11.837484364040835,8,6,4.947273123310425,rain,bike,5,49.750368954926074,0.8481979911915892,2.606430985320432
41.304093633042854,24.399006724082476,12,3,3.686337882862893,rain,van,4,89.55375354818239,7.2899408901081815,2.9053797513672808
16.101308918088357,28.5138397178639,6,6,1.723550719840103,rain,van,5,97.0079630161057,5.630170312735192,2.0185246733216453
29.374757302709728,20.45634415987316,6,3,4.665381486742317,clear,van,4,58.36819298549367,2.7439516970586344,2.4217999510781594
21.600593598215397,20.88155730672929,18,3,7.965606659578278,clear,van,2,63.08175666850939,4.619397181301159,1.7822797069981442
126.47064695853454,16.501372355748334,17,1,7.157328326014949,rain,van,3,31.852599858890628,4.0913274033837315,5.747626210300785
132.3974310165594,38.0552501210845,20,4,5.950282579944708,clear,van,11,43.854713051666344,4.948735658741305,6.6909347181020005
28.14052015823079,14.500005407244068,17,2,6.639424622928226,rain,bike,5,79.47833859819927,5.032754368668027,3.8248677883855273
28.53644861908082,9.674965660052088,15,3,3.3424873676416667,storm,truck,4,88.81773081884218,4.134934201600819,2.436047414138629
20.110571597384734,15.926474329483776,7,6,2.5013822291894776,clear,van,5,58.27335911048672,10.520312837902381,1.9797089572003028
65.68069411372086,27.077672330192858,18,3,7.006172330501241,clear,truck,4,60.542692600838436,3.269033197967798,4.467709997285273
20.83978924298078,39.70784963481497,9,2,6.836403319349715,clear,truck,4,46.28224188997514,5.92271352640103,2.6847797992305567
19.354601218601065,76.58064779465377,7,4,4.939827495828657,clear,truck,2,53.04714288550969,5.414565910079239,2.7229561934085935
59.315715688366005,24.492025468799497,17,5,3.526772281985612,rain,van,6,89.92963429357874,3.4969858655268924,3.5684644097700633
17.625746876051476,63.835329125410695,15,4,2.6174372073584102,clear,van,3,74.65053771038357,9.7695265323745,2.5631309803026014
26.30597165252732,13.468221879125341,8,0,7.051585357847149,clear,bike,6,43.073000823895555,2.3079326580865724,4.345594595787797
7.651880042167679,11.471187517116327,14,1,1.2972476876876602,clear,bike,9,78.49736976770029,6.638053355773612,2.56365955399352
47.624735332021125,31.640762605656175,17,0,7.243013526931632,clear,van,2,100.0,5.891669142563539,2.9737803083366567
128.08492895355215,35.126520892445356,13,6,1.0,rain,van,2,64.08970358417379,5.566898515287868,4.749452103172314
48.278208942289595,26.404367297028788,17,2,5.506659705059512,clear,van,2,60.00490644476405,4.59073854140009,2.6170668884287727
87.30775879984849,122.71579444197754,14,3,2.165173780137021,clear,truck,5,78.72414099117188,7.595256900362859,6.348598578352351
13.778622419875349,14.12884681841636,11,6,4.744031728780993,clear,truck,6,85.09641975045982,1.8017970903419636,2.826691759367352
32.75512458187222,55.77300541585275,9,6,5.087998534460347,clear,truck,5,82.32396642777258,2.680073690308681,4.089752443568221
12.749245080825695,11.753898000597792,10,1,4.617403062241808,clear,bike,4,65.24349158693974,5.714115350772943,2.130288837113602
22.596331351798355,37.156420332219945,18,6,5.096792783161217,clear,van,3,63.692245001295575,2.8150156157274226,2.340212932441627
50.28813586964925,23.692124408749898,11,5,3.9908230262942532,clear,van,5,44.13579218385405,2.4576422353437963,3.4757259315671707
29.413580530069886,27.783430145067985,17,4,5.156100768253207,rain,van,4,51.55344837290984,9.052491561386637,2.334553402944772
8.75729600367797,31.885944056534107,11,1,5.006952252980239,clear,truck,4,75.41064658944595,9.349816993877987,2.332889964022397
9.468558854948927,24.367895583706282,14,4,2.338783859318293,clear,van,2,61.98159901887463,5.941988833111154,1.2878059287712003
8.980619394349926,20.821370149694168,15,4,2.881899601820612,clear,van,3,73.69629817698322,2.863436584066765,1.6082982002877215
40.17167205402613,3.6481039619735602,13,3,2.4370052731247784,clear,bike,3,66.42067773800464,3.3249944409250047,2.6204388360107838
141.33255062605744,44.17626230586647,17,4,5.599156727609616,clear,van,6,70.92659420904913,5.11559632796062,7.253127695415844
80.63772524841482,7.122859891729794,20,1,6.350187204352952,clear,truck,5,70.29085283307064,3.9491574998222894,5.1985632467264
5.948932791417578,16.83133786478697,19,4,6.81846855400792,clear,van,2,81.19169434525641,6.776533571868715,1.2883493285352605
84.50922926381591,29.30256190971784,20,1,7.319002410880051,rain,van,5,82.7304345061032,2.067400940462263,5.288759643407974
57.34698863264809,8.49740121445646,6,2,1.8548402324569038,clear,van,6,69.74249598481875,2.1117723893631877,3.1369534565478383
7.875526531165656,20.803217711461834,18,3,8.124031534369603,rain,van,5,66.935925019139,4.152667554703624,1.8923212368060724
21.273000928388473,40.71299416745714,17,1,5.412092754518543,rain,van,2,69.46177107121213,9.377099248164562,1.9981959077023308
65.13212696158442,16.509630226084678,12,6,1.721850638815402,rain,van,5,58.2396887410445,5.842199737658067,2.895852229703171
42.1125926482402,21.08014240965618,11,6,2.9461988467483966,clear,van,4,86.29392097336637,4.837930207660169,2.602048203910271
9.513615262376,10.202045175727989,6,3,5.06175480112252,clear,bike,6,61.56894220181201,4.8193178294660015,2.1541612139673862
44.19420733107076,18.170168453445296,19,3,7.76137008200939,rain,van,10,67.60214357625468,9.124950643220814,4.376975384078767
4.903746589903544,7.325041920737922,19,2,7.115703113765399,rain,bike,4,72.64319450930385,11.937889352348156,1.473946738695749
22.68586990200196,26.78568743194827,7,1,3.6999169713327626,rain,van,8,74.6504021107621,2.0184917998717014,3.3152276533877756
67.38115743269609,5.695605311961089,15,6,1.1224352250600318,storm,van,6,74.0336649903976,5.182491900880785,3.916778484682867
27.51456146792053,13.675802942914844,14,2,2.152722465273762,clear,bike,3,67.95004583468138,5.4882596169058235,2.1048816947553712
18.189599233247463,23.851704202697213,8,6,6.283819139170456,clear,van,4,94.67230923562065,3.3387008825305506,2.1915185419331604
55.228382839833245,19.71565348224594,14,0,2.5517828272218295,rain,van,6,71.12917251014791,2.599446121902237,3.8464834895150672
59.13372780494918,30.512974593019194,18,0,8.49564778621213,clear,truck,5,66.23083638068971,1.0140772544725043,5.343347274961093
77.32611625029355,21.13421915540098,11,3,3.3286256807512222,rain,van,5,96.9633219452611,4.629682317940511,3.903880140414483
54.56943583418925,3.631626440154819,17,5,4.829240661668261,rain,van,6,58.33409846183977,11.546890017196146,2.9136985425992976
64.39911141746828,8.359469184003093,21,2,4.4501504245229535,clear,van,4,96.92278192794976,7.621303403969956,3.352176237198654
48.73155885351351,22.98443859640868,13,5,1.1790840367447688,clear,van,3,40.069024650015464,4.65194517426132,2.446788807612553
33.52940849628573,48.41385325797785,7,0,4.375566850136732,clear,van,8,63.97423911168942,5.73600469033242,3.4744419257421058
29.12529963736238,42.59446496309847,10,5,5.295361366496286,rain,van,3,44.95421301498928,4.546936814107972,2.373049676536071
22.425354694034176,120.5884843225012,8,3,6.437965700223434,clear,truck,7,49.56813845267658,4.526275694431295,5.127185209729891
10.279024531083095,15.035466185655721,11,1,3.935713970724629,clear,van,5,76.79279078158548,7.6349833621801535,2.0088083372550716
12.62590673206631,39.75333753693453,16,4,5.159850679185571,clear,van,8,74.2828332879439,4.734701151368532,2.9951991482871247
21.6366452047173,37.79094727987992,9,5,5.393910340775416,rain,van,3,60.87518419340163,1.973814260558306,2.040897236708987
32.8897719902397,65.45792878074289,14,6,1.5473043317284239,clear,van,5,94.50553521752082,2.3290116616334413,2.971575256914012
85.85416305842936,53.872125855977195,21,0,5.440259521998385,clear,van,7,87.01542433807117,3.417273216485871,5.127796026018679
26.221041986828837,28.284510483507223,10,4,5.118200253171129,clear,van,2,69.22623290426411,5.593640542875116,1.8066055122312077
60.50832946708877,35.27650318264843,20,2,4.877514530528415,clear,van,7,42.8712235009966,2.4388509923008783,3.783430232394578
64.29311344670899,30.594243477112286,10,3,5.309520239941116,rain,van,3,84.38291374862617,1.0551321624213692,4.303013495225504
22.529883011134192,22.318749187292948,15,3,3.2175101244549986,clear,van,2,62.75971184879611,3.6036504328079575,1.4588900658429056
43.63031335006747,33.47921715824217,8,5,5.829822619215513,clear,van,7,74.38326735183287,6.151783005867027,3.4792116933004427
22.313180699611166,26.16005928871325,10,2,5.475358486386298,clear,van,4,81.96556377592896,8.007837810827008,2.663346551899921
78.07803031301687,25.332212702259316,19,1,9.2247969676299,clear,truck,5,63.98127516972792,2.6341087905440275,5.416651463435425
45.09063929865709,67.51781899192682,15,3,2.9294744665336174,clear,van,7,89.18166906237617,4.075606393012827,4.279240923204016
10.460570478983296,28.69223501663077,15,4,2.815292945354015,rain,truck,2,64.30740932367276,2.1088400756630965,1.9214023708560768
30.852559773008807,24.497018973819223,14,5,1.1464104492946001,clear,van,6,78.08212090623789,3.202310516473097,2.7239910732592554
101.34086437423144,20.190669323634104,9,0,8.561089499396257,clear,van,3,81.32748663872853,1.2074914266577224,5.21151818142096
23.45339293211422,18.83319382821755,20,3,6.119658564741609,clear,van,3,83.6846750645639,1.7156228318316449,1.9169707887529344
38.790370160158034,8.12281810151311,12,0,1.6199274640572923,rain,bike,4,96.16316820204506,1.6693002929596519,3.2522657512093778
41.95942459233409,22.335880848510143,6,4,4.642811351449808,clear,van,7,57.66727529112995,8.25933960037408,2.8817415309859373
11.83074534516015,50.125059207912216,20,4,6.554825742238677,clear,van,7,53.00750042522171,2.436357711331051,2.9021606245410667
40.795278813974264,14.66830731273083,6,5,2.780405493591776,clear,van,9,65.17907027968958,6.881611198408403,3.5946238807477298
8.890042928548906,2.0366815122723034,20,1,7.5851378438293775,storm,bike,7,100.0,1.7342820527446767,3.1574159784897433
16.43643825300821,32.573340868539525,10,5,5.294588700308826,clear,van,6,90.25862267243359,4.278354990505024,2.5741743659572047
64.10859062100751,26.897300052579183,7,4,4.835472946387428,clear,van,4,61.74840106537993,5.221519305852347,3.77422250707732
36.067963449032874,66.71441191239485,9,4,7.043465422350193,clear,truck,4,64.78442076290354,5.8785442345249175,4.315937303266625
21.251293281040617,13.344808851191292,16,4,4.874107468611701,clear,bike,6,69.77323460937961,0.9487751202762503,2.876008538183307
38.7514748994438,7.2291858590127624,14,3,2.255624950792507,storm,bike,7,74.09492519097839,5.973018610070064,4.596695865225508
25.84006519134003,19.36864819325575,8,0,5.987519190881351,clear,van,5,79.6175822804505,6.528401689739301,2.481098352388558
27.386845363312688,16.998437111125526,10,5,4.89879203957243,rain,van,5,80.24334958905416,0.4800894540756368,2.365604866438268
45.853650844929305,4.693152287067647,9,2,6.682553247650803,rain,bike,6,87.95035271949303,2.211651611542088,4.947834263596124
15.151595008043518,24.670735621770792,16,0,4.690623906932258,clear,van,4,100.0,6.239686837677098,1.923602963407132
28.001809257970667,15.863274395516745,19,4,8.17440309156965,clear,van,6,67.99687443728756,11.177599390161758,2.655987637060209
21.119260506212733,58.56944455703074,10,6,5.458151914260945,clear,van,4,66.79423064460077,6.172808933328725,2.7075265401545483
7.625647983457412,24.97732250509672,20,4,6.751574879185177,clear,van,5,64.53599385659871,0.5930794323440528,1.9998071229642689
12.982929705326486,11.92912047132324,12,1,4.285552326303483,storm,truck,3,65.84744768544287,5.951782453009141,1.8839635304092817
95.06540778119546,22.65331883208652,7,5,4.086552960310745,rain,van,4,75.53396180216305,1.7024499027823763,4.387443115030044
36.884029470006595,26.51318418116321,11,5,3.0794629617445692,clear,van,3,79.53384601269413,5.240570638172351,2.0482300897294214
9.403945722159458,34.87246301941146,19,2,8.135384154458293,rain,van,2,95.89272096034337,6.27645861417821,1.8720336175680012
7.906747424664355,23.514001606471425,18,3,8.90308551775866,clear,van,3,59.36522614634134,5.213891127723209,1.5472880161142326
24.785749718899357,84.62459282753342,17,5,4.231935845849202,clear,truck,5,75.37929253253313,7.294518522230554,4.44077797460758
94.53302331662678,7.869677860535437,12,1,4.296911319503598,clear,van,5,57.39005853251664,2.5768056702765425,4.1986755930724495
23.349918462913983,15.645024798625958,18,2,7.1532154794307905,rain,truck,3,76.07308904938336,6.408047265199756,2.4757979824056067
77.13827902141074,11.974217594328778,17,3,6.960113310917253,clear,van,5,100.0,3.439682530097592,4.088175674620117
35.92899453204369,17.64402836558266,18,0,7.778207378610239,clear,van,5,67.94804031450107,6.3071437529246435,2.7389931212995364
39.527647598907414,28.935284239186963,14,1,2.242205282506256,clear,van,5,100.0,1.9319957008269528,3.0420052442914134
9.313114727710339,27.46613443977871,14,4,1.2406209035195481,clear,van,4,57.445720422263626,2.7446825578769096,1.731105181269583
57.39850957521416,34.27177059157619,21,1,5.013028392254539,clear,van,4,63.09570145736706,6.935818725785671,3.5966286127113265
20.739796072458233,24.863783589365358,21,1,3.2563417682334803,clear,van,9,64.86065062875676,4.160928760220359,3.5639376355695953
54.0805154472657,25.99568168092808,14,2,1.1287350161484329,rain,van,9,72.62285807457708,2.499820417498878,4.663376359064836
14.135141679568674,25.242695033999244,9,0,7.92776777921301,storm,truck,7,67.68816279283537,7.123471689800029,4.065917822357276
31.238130436802933,16.316097690075782,12,4,4.117202361645125,clear,van,4,81.45950399831169,2.7536206082629393,2.1274339179049164
35.93106936545982,15.334619419920095,14,1,1.7491545894530138,storm,van,5,30.0,5.705432632848826,3.053450481374766
23.969288060656492,11.76348213727794,16,4,5.089609017587712,rain,bike,3,55.30221443345422,2.8634640558509887,2.703573437497724
37.47358011714739,35.5647627831152,11,5,3.8824855567943874,rain,truck,9,98.41706493738847,11.122314620441244,5.065909441220873
21.90866761100232,2.6037564976308,6,3,2.6034614602962565,clear,bike,3,48.88582587928305,4.770229276191657,1.8818331459008624
16.131150197590802,25.57363006193166,19,6,7.286995066401431,rain,van,7,64.65060841822944,4.279380952777455,2.7341547832349775
97.94310082566615,40.28548767042219,21,1,4.156130572096767,clear,van,6,79.1874851577782,7.944474068448608,4.140506808541572
62.75023312153112,47.78691999386582,7,6,3.6584764848567115,clear,van,6,69.31777603600143,2.608011420792614,4.371169029693672
14.750960568616872,1.6578645800696794,11,2,3.0535646859211782,rain,bike,4,57.25201309605988,6.7629498816866915,1.9239520843820193
42.723770198827886,16.734890298915488,12,2,1.7166941808898035,clear,van,5,76.67662005506183,2.404131299411171,2.617635557767647
14.967136779429163,12.378259360491244,18,6,7.153577592975542,rain,bike,3,82.5376016187565,4.10793092015648,2.475368231978087
10.509212832384984,15.616767190679154,18,3,8.213891195689376,clear,van,9,61.045509017840395,3.0440347412904147,2.8330087607242884
61.994616654320055,54.70273087877115,11,5,3.1312989733259093,clear,van,4,76.11098176786933,1.7929942593194093,3.572658520636779
6.935965736271227,12.446973161761733,10,5,6.329294795116853,clear,truck,8,82.91177846403045,1.8111886846312748,3.1467281719195195
56.91077729609948,40.21950175581588,12,3,4.20337042247632,rain,van,8,86.20694151405556,3.070524958753936,5.367342716472099
22.149660076534882,25.839754319647476,9,2,7.351339764295856,clear,van,5,75.55101517701583,6.520315455363321,2.486307424840717
22.891432582770122,15.066987940820042,12,3,1.5209937904240913,rain,van,8,95.64204175871897,15.0,3.084133042695432
37.62997633424779,13.821572977350916,10,2,5.914494102531322,clear,bike,8,70.70986483719282,1.8356530543791958,4.320109098801678
43.16193832483198,27.8499834353088,6,2,2.010610952388826,clear,van,5,55.25457367786754,4.049855029605321,2.9791978069648004
13.998153926627124,21.72807897120028,17,1,6.3115038689774,clear,van,3,66.72275997187482,3.471833511004041,1.737343753584648
48.14322811884527,4.337363929412033,18,6,5.46930388788249,storm,bike,3,88.18094611124573,6.683962233630507,4.929372227358728
29.686619737864707,10.022347086012854,10,4,5.046792553390307,storm,bike,6,56.59845058908161,9.316130057187015,3.8179152045785245
9.925985989861106,28.375903164594657,12,5,1.0,clear,van,3,36.371248728885455,4.980886819141141,1.4697904882509338
23.667443532141203,7.526837007047925,12,4,2.8193237358114374,clear,bike,8,76.8961109665829,1.929128949389914,2.901757194388509
81.86104301624758,44.22644070641135,6,2,1.0,clear,van,2,63.341700628342664,3.487952166636708,2.9745317461189944
103.6765377671212,5.542287616729811,14,2,2.0267586754369225,rain,van,6,100.0,5.87217196079907,4.093596324958944
48.12870449124853,18.553974949978475,13,6,2.3148470796972056,clear,van,9,73.99721174929982,3.6024891094664304,3.359985109737797
10.461744359099013,36.339714588845894,21,0,3.709351766554771,clear,truck,5,88.55758254659798,2.1893171610130553,2.7437613948601696
40.14450310143533,9.308649660180723,11,2,3.1887177821957287,clear,bike,6,62.64236459624385,4.357756923141393,3.6275850355745507
53.55390534006615,7.036647683796887,18,5,6.164064055097556,storm,van,7,78.90869324335164,3.7267674371740784,4.040138538624126
48.45164966910096,31.82485177562557,12,3,2.022633462230221,clear,van,9,75.57280952546029,5.156561053038229,4.3970370651402275
50.80340759367084,41.10797341335281,8,4,6.152213597948099,rain,van,5,90.69167664947075,6.888040005095679,3.8317554186507805
36.25620225656101,19.61699983647544,11,0,3.2303167001858895,clear,van,4,72.87025144272059,9.014874150437263,2.5419509858268805
25.58663459288347,16.366365022775277,20,1,6.156294526210379,clear,van,5,62.1453591017008,12.207960050499057,2.070688319845648
16.6649215333169,5.317968671110592,10,4,5.726636715459623,clear,bike,5,85.57934257623022,15.0,2.4168030670147562
5.939658173671875,24.129841766773826,19,2,7.763709658988287,rain,van,2,59.28690875644341,1.5188177017933047,1.4044868651204747
35.57749992155171,3.603828644933878,16,3,5.5952429138772715,rain,bike,6,57.7398597730907,5.482534134060363,4.089644383433101
31.463944616871853,55.216243969014485,17,6,5.151763096995355,clear,truck,8,69.33919827981308,1.02316756323516,4.657096964400439
42.35390710162025,20.371503057699627,18,4,8.176482324237869,clear,van,6,65.10808418230039,5.003310095275403,3.275365419866972
9.299541011746939,10.210555626463037,14,4,1.7831167353588901,clear,bike,2,70.25081314716802,6.430491695745005,1.304131436275866
45.42276229105716,13.708479651594933,15,1,3.0863217182272438,clear,bike,11,59.9809003695149,1.6050587690581262,5.3325060441022805
140.2793898428961,25.53244004523024,7,4,3.8357187085855173,storm,van,5,86.7997446954613,12.565586259553019,7.68203211398133
28.868761819606274,15.69430651673151,17,6,5.015639229628312,clear,van,7,86.58263569198036,1.683383659816066,2.7615738683267086
25.80756702931733,22.4735808222784,17,4,6.759049453019468,rain,van,5,82.45962887882257,2.0889324391388615,2.9782245150431055
34.71604197467447,8.92306091005287,7,5,2.844262096403945,clear,bike,5,80.9778394652813,6.484365952196338,3.2791740337931228
137.80913109431975,48.43326976819636,14,6,1.5079246131435329,rain,van,3,42.279309309021315,5.53026133576995,5.507541155614881
11.954189355705065,13.955845856480586,14,6,1.437229226524741,rain,bike,4,71.74450002689548,5.609047615382123,1.9499281448048884
31.89870925399992,2.4307241830466246,10,2,5.599197578206007,clear,bike,5,82.86710011397751,0.420369789644986,3.6821510794688845
14.300207707521587,16.81957629890277,7,2,4.194149645210756,clear,van,12,90.11038234715731,5.850617489125806,3.35688493383808
17.503418825814308,12.208805969888326,6,1,2.3854908761273412,rain,bike,4,66.94164467701886,5.321145179643059,2.089107558608666
26.05807637386134,46.26011359679694,9,5,6.798369382453059,rain,van,8,89.55265280371992,2.984340394700344,3.8983227984837354
79.66725062766012,10.257299881938573,9,2,9.143335533443082,clear,van,4,74.61039524363946,1.2671781757433518,4.106127942863148
114.52492450264633,15.51463732183267,9,5,5.145650463440349,storm,van,4,31.25525434612922,4.293563994000508,6.465158692619161
38.80362676949167,26.063248191558383,15,5,2.561375553053809,rain,van,6,68.51176702801504,6.983537833895531,3.6252880136731744
20.059928567418467,34.42967106636383,12,4,3.5159239458548512,clear,van,6,57.397796744609266,8.455993592459581,2.6335473065168684
199.17644562623659,57.6839851389949,7,0,3.8429622111326815,clear,van,5,60.81809544302746,3.5345191449113122,8.107380807350124
19.258574977709316,11.03053164422522,7,4,3.2600485493072777,clear,bike,4,85.78052641317298,9.227809059520345,2.552587691988275
17.168756827167897,53.43238904066656,16,1,5.677660287835329,clear,van,8,74.46199626265859,1.1652501208915684,3.6129848350023055
6.553803475098338,45.04719170477107,20,3,6.788815502200961,rain,van,8,62.223846024439595,7.0403520092398315,3.235388494536493
82.83687027018196,12.050295329536464,19,1,8.02787931377601,rain,van,2,59.85063486477481,4.185090213669078,4.081129055009284
58.826737674022986,10.833629515294701,18,0,8.933344946535398,clear,van,6,76.57072446711594,1.1186624374210812,3.961326222490269
187.58731722815693,30.28304646535855,11,4,4.672767131654294,clear,van,7,67.23461124496549,8.285115354018124,7.0809322691992005
8.920761547478357,22.065755245472307,17,3,6.201544967558555,clear,van,7,80.44881829409192,4.232105975874935,2.552437124502948
87.05469906572536,30.226106612189337,7,4,3.2742567681490455,clear,van,3,57.60512711647133,7.3579043161297255,3.7767842795505207
28.67737300253499,17.254088505624434,8,3,5.60902186401475,rain,van,2,64.29142062553711,3.9545147255522557,2.0937871026696
51.67014628526336,23.777865064979363,8,2,6.967545823825014,clear,van,3,53.206574229431254,3.8785092742099545,3.075730713971674
7.255634120371775,20.47298393639246,8,0,6.549355783402161,clear,van,1,61.697416386591904,2.948737514770665,1.0073265578323933
87.74768306083313,29.929899904035864,11,1,3.907247297093167,clear,truck,8,100.0,4.363962613369389,6.6010265489805375
50.86695003971564,10.50296775193684,6,6,3.5545916887047087,rain,van,3,58.95319758267752,5.70504010443949,2.963397069549563
26.281676153866076,25.168962278241924,19,5,6.092564532005402,clear,van,7,62.898468748191874,4.07454588404091,3.049668632767008
45.42625083305592,56.90010382948083,17,3,7.029907364911959,clear,van,6,57.638903740230056,1.727507894772113,3.6354269320730155
14.696417537710968,54.72674967535711,16,0,4.46315287649291,storm,van,6,67.25116671022687,5.4304760242923615,2.86388072781968
17.05507701482394,27.369172392658292,8,6,6.349312237581563,rain,van,5,68.91421206149951,5.4337326466260345,2.464228708923093
18.71348354275749,10.310936917968068,19,5,6.820777950767113,clear,bike,6,88.27469941726471,1.6720663941419713,2.780851682195852
6.1584043546088445,75.53040732931214,6,0,2.713604001355889,clear,truck,6,63.914713278911336,2.7260915885948642,3.3744780840802786
54.02283326114144,29.93704317252497,21,1,4.143987133304546,clear,van,7,71.7130473010659,1.5809039534183407,3.74990792833615
70.3353763028499,70.66685165294794,17,1,6.227594995477289,clear,truck,9,41.88867968106071,4.434922319200158,6.966290044346787
15.470340585142212,30.83467840935317,9,6,5.019686474676326,clear,van,6,57.02847762553243,6.4239680889407085,2.823899268847368
35.82200655373538,1.4022105686270394,9,6,4.506641781559306,clear,bike,3,86.28590735675994,5.946026612178887,2.5506275116796138
21.9236863380475,75.20783013909896,17,2,6.486881308414375,clear,truck,5,57.16283854331287,1.2597382499938048,4.203807230853325
35.2554162403968,40.74228311825169,18,1,7.346112215739146,clear,van,8,81.5141251400079,4.273025906037511,4.256485018455011
16.410776243016546,23.10460379517569,13,4,1.7702217022409026,storm,van,5,56.11545539387409,1.9637232672640885,2.354745279672851
13.37329589747078,4.029028279041945,6,1,2.6056042271475564,rain,bike,3,67.40599337133926,1.5159537502750626,1.7262650205102164
62.907154974496464,43.8653021706027,13,0,2.2409406270750267,clear,van,3,95.72338236641231,4.280635884152359,3.602342379973941
25.7620771296502,30.62226176896405,13,1,2.205062685625137,clear,van,3,81.17590523195241,3.0123726541200986,2.1432738092061574
136.68611430274592,89.60445074733934,11,1,5.4472168740420654,clear,truck,3,40.71755540232999,11.400417585381023,7.085891979953122
28.13594588505995,66.03885587602578,20,0,6.769793241485921,clear,van,4,100.0,12.131616298739738,2.846590326778073
12.924665858496335,69.30207365031438,11,4,5.742833055259538,clear,van,7,54.42083443967298,6.408401558384261,3.3900068413861564
72.35269494814602,26.832368428486145,9,2,6.648813068596136,storm,van,4,97.99421493948537,2.8757281244706117,5.7724476852914055
44.9090858310974,25.94601366976305,16,3,4.914098153166119,rain,van,7,63.306494265923845,0.9206457585015134,3.4214964435766966
48.49682301522301,30.87139251551823,15,3,2.6009865506086824,storm,van,4,51.56786769124989,2.7824909165267075,3.238184137676598
70.2795277042048,13.195139950550939,15,5,1.8772677801501403,clear,van,5,63.23315574612245,7.0422946332735625,3.1121255876271805
16.083002435124868,23.62562726043017,14,5,3.542795063075342,rain,van,4,60.2002334719096,3.21189946416802,1.9660004049388111
24.488346536270054,20.13275084716649,11,3,3.442061977079052,rain,truck,4,61.777527238784415,1.245953500464426,2.607266706042727
23.637634753639517,52.39427692504321,10,5,3.017631431767202,clear,van,4,70.8961639987969,10.22560963949203,2.884080078149773
9.654293806865457,59.76360251576949,7,3,3.4892020134199804,clear,van,4,77.17063057027424,2.2081543167758766,2.896839356857516
21.957919679119367,37.124637726188766,8,0,4.397028330156306,clear,van,6,91.30618385452716,2.4202385135671682,2.9888038712208886
78.97280607443535,11.381189296639171,15,6,1.5651136656325852,clear,truck,4,73.21610793970477,8.863959154981652,3.6606789685576744
32.7817016447673,78.41868022441903,12,5,1.461481651328513,rain,truck,4,71.16238788254967,4.89520176909471,3.9913207289190304
9.236388347160752,43.70771669510012,17,2,6.268118408208273,clear,van,4,59.160922695078,5.05801807719745,1.9311960631989644
7.809402611084909,29.334522909963432,18,2,6.133249724606339,storm,van,4,65.79592975120744,5.138296154820667,1.9245457347736514
102.70089658149716,34.689241999710916,14,6,2.783122742815152,clear,van,7,62.43819051592391,2.003433298449868,5.405737503358546
25.222710318579583,6.433762674704616,7,2,2.5549460500255314,clear,bike,4,49.40191815783721,6.188378465338836,2.5368254192916107
16.152451526234845,20.161947251660553,6,2,2.5744757582623343,clear,van,11,100.0,7.787201204134363,3.6315501863796404
21.77595954400308,55.468486619431104,9,5,5.340680442800082,clear,van,3,73.63596909856236,4.510350793865493,2.4457883182250217
8.315770702354136,6.113029129197798,10,2,6.664053580852625,rain,bike,7,73.82538358546176,3.747408450553002,2.5003202125898043
84.64585318527722,5.92535650344577,7,2,4.33679608067243,clear,van,3,88.2652137934264,9.315683337658408,3.17964612321813
19.797539255091007,43.90000165011008,18,5,7.167839958153127,clear,van,6,31.27675061131096,7.251320056542071,2.9694452525275343
80.95724875486061,32.962490249613424,11,1,3.7674179590128847,clear,van,7,100.0,2.290356262993125,4.9627812962784565
28.256439303298304,6.190037184983438,17,0,5.868095612592579,rain,bike,7,57.11652793110086,6.72380693894772,4.250178309256546
85.0828578275726,18.751451336903983,9,2,7.330238152530295,clear,truck,4,56.74983673980656,3.8565500625645663,5.423418162176335
33.293280812841964,29.334591305527347,6,1,3.5000379200076837,clear,van,6,61.856927277585825,5.062934349740206,2.7458540357239247
53.655615368225895,26.839983925258167,8,2,6.663742536419846,rain,van,4,84.76474615099502,11.719571126110433,3.1310077655783752
48.195923214658556,31.045759897148315,13,0,2.4566132471312874,clear,van,7,100.0,1.2271771891274137,3.777997398768289
44.6401131593526,17.653280591312956,13,4,2.385291878171452,clear,van,7,94.59319338754308,0.720659198071842,2.785310238094119
35.81431170247437,27.8641383157784,12,3,2.6564865859702858,clear,van,5,62.77111743680488,2.7244310383372463,2.668300953111928
22.504593121439246,37.07777715839482,21,1,4.614972447903568,clear,van,4,43.025955390623956,3.7779287568956805,2.2081035818976744
125.50527044381397,35.084689826974156,16,4,5.91506919424689,clear,van,6,63.78468567091011,2.418669962448442,5.818531132378159
13.124102325922648,18.078753069625435,17,1,6.04583429108153,clear,van,7,60.40698696003539,6.270151180235571,2.484490593396601
27.20623333770208,39.54435664248307,7,0,3.7639693316195277,clear,van,7,45.327486925538274,5.6936609814304555,2.8541227267372977
27.43744538106506,10.251766680392768,13,3,1.8463171835946721,clear,bike,3,78.74279588517788,4.364609852732366,2.1075925403991382
37.41054448087752,13.706460293677699,15,1,3.2192147896104983,clear,bike,7,70.06631847490769,5.303824713444557,4.074207666428024
19.22904474816465,43.85736848028591,15,5,1.0,clear,van,2,77.50836785603948,5.13454391169041,1.8616051378751821
34.87593481354211,38.968340187762436,21,2,4.1789789538105495,clear,van,6,80.97525958016949,9.808073786946332,3.2713407392129104
23.68698951606937,19.393067790898773,13,3,2.9036793573571935,rain,van,7,80.27084347632207,2.096907521326305,2.922404328629157
7.647952661325346,13.47067905095978,11,2,3.63559595750553,rain,bike,6,69.03416381568859,4.931881641689568,2.335317054994542
27.32062274745241,15.033544158925679,21,3,4.436392020169096,rain,van,7,94.59931328406547,8.759524460924414,2.979251014927976
11.240774340271647,35.94204127578448,11,0,5.7440489632404725,clear,van,5,62.64998364916563,3.6231977257323043,2.386392956470022
6.769934352418316,31.297015145363424,15,6,2.591453166473048,clear,van,5,60.42215313357954,4.294823025435248,2.306837108965659
30.250074780350822,12.763697766084782,6,1,1.0,clear,bike,3,66.52350037755136,7.119667862654352,2.475452205474116
40.057129538566926,38.77927807549033,8,2,4.875779766308355,rain,van,7,78.06987293139805,0.8522283164856034,4.105792272764022
41.32048714221102,18.72797478178598,6,5,1.9405385319703647,clear,van,4,80.23411771992203,7.841708950791945,2.4619076660357972
42.680262021100695,10.562418770673355,12,2,2.0424571584408024,storm,bike,2,64.89568822880642,5.4379037472761285,3.25557213520194
5.777255732932461,16.331091654813164,20,4,6.322596231797312,clear,van,4,65.2080435326821,6.651049765546622,1.537647693782101
9.126538223261338,24.997329984484672,7,0,3.8199006429264513,clear,van,7,89.5713039549712,6.3657237660143275,2.7913779679012634
131.4750565310448,37.830534435826145,21,2,5.219885542583058,rain,truck,5,50.38514633318756,1.3732467908346302,8.57772544914999
11.730977493098463,36.138021693174316,19,5,5.345276403376816,clear,van,5,100.0,1.5108575340035217,2.35435265349409
44.197703243170935,21.609510036064332,6,1,2.51067691064397,storm,van,4,65.49013173837032,0.5775109180264837,3.3435608218055544
15.649671129365672,27.229096856369495,6,2,2.850483206205589,clear,van,8,66.9334530743528,1.3700511184990927,2.6408978922467004
28.897011787443503,20.19027797655578,20,0,6.512797221958371,clear,van,2,75.54670048758325,1.9804631072487604,2.115030067695488
16.33641455999207,12.783168164663252,15,3,3.0251607899749704,clear,bike,2,77.9799110901926,4.434673497765452,1.674358052681367
42.48847759226104,22.23571486832469,8,2,4.074668520867706,clear,van,5,60.17634238224184,9.070510185870893,2.845429542321563
30.24767414805864,3.992791253147938,21,6,3.4962563154608666,rain,bike,2,75.07569274061022,3.4567135198254033,2.399000102073977
18.94174432792658,60.52960780733696,14,2,2.162347704137604,clear,van,2,55.99504923889265,4.164006158782322,2.1671123852503484
11.703199948198037,26.71202809540393,16,5,4.120985113261104,clear,truck,9,61.01690265323673,3.929374477364542,3.1181056420713187
33.589696158656054,32.18154263963791,16,6,4.008073557786341,clear,van,1,45.92825875757556,5.800899948978683,1.7920639585972178
10.276142647472032,13.260832911850358,9,5,5.792679900384851,rain,bike,7,72.1111790635011,2.715846284111038,2.5599391451990217
38.16751776879637,26.545135430671564,11,5,3.4957957768008505,rain,van,6,67.35540959139057,4.066139450329986,3.0373560521300864
221.6695871978329,29.859835757931478,8,4,7.085593738937936,clear,van,4,39.79399432752372,7.402225742345164,6.485453044570697
79.84889539057515,19.451247550497786,14,3,3.203188088114361,rain,van,2,59.785259987882306,9.250751591491815,3.104522374229527
48.16720086835321,20.268677626949632,21,0,4.507293918126948,rain,van,7,69.56876179077466,8.824326568511882,3.6962841574047642
25.3179634558339,7.4462322291899605,16,0,6.003456268764326,clear,bike,2,82.8899263549764,8.112123614132296,2.091448057187889
5.748838867883527,73.70530131872334,17,2,5.737335936681438,storm,truck,1,50.77194820639001,8.517471485106924,2.0583887711796254
9.413745263439255,13.099049910156143,9,4,6.051650878013167,clear,bike,2,65.48528970487536,4.356906267520333,1.5581757798915845
75.65883981403893,14.547661852841498,14,0,2.2742807969271723,rain,van,6,53.497407899506044,2.6403110250909125,4.161548421450636
14.413930516009192,63.1065758842789,21,6,3.1305747633536276,clear,van,3,80.87748878804662,5.306114921193736,2.5166295118250996
15.496254064644331,33.25110368261144,7,6,1.2721761210270142,storm,van,2,59.97571975960541,5.73146903760326,1.7777568633923992
23.74755598884815,38.045849106761274,9,0,6.47810071649464,clear,van,5,77.78204704353033,3.5540906411914226,2.9223652786641794
11.592553970623957,6.989477103120054,17,0,6.514761119370851,clear,bike,7,64.62472285042112,2.757821556298557,2.4718219801178294
10.161286034702009,26.30529299613192,6,5,2.094918936504071,rain,van,4,44.441646764913216,8.666054752959518,1.6431988840419247
26.039659514500247,7.06975891356017,9,1,6.378836235132369,rain,bike,2,68.95060155015348,4.248751298140959,2.4554876529649388
13.286871417715235,11.52505624928037,21,1,4.320888731962876,clear,bike,3,52.23362898017851,3.4072555959239494,1.8929402674735087
14.987029637031995,80.72658098079229,6,1,2.7751343997799496,clear,truck,4,86.79101015793701,3.6432221490812946,3.2347250123317544
14.513034535091265,9.755444159102428,12,4,3.257577392099735,clear,bike,4,97.27315760916412,4.851969707289662,2.021322900390859
41.17734271842823,36.80816663883561,11,0,3.5433800761724306,clear,van,2,79.56554852343191,2.676476827506296,2.4329208374685107
22.517650032980015,10.594243704837394,12,1,3.384603317423827,clear,bike,8,60.39079452386197,5.651581989531576,3.351106743776249
23.503337343521235,11.75208749579064,10,2,5.131258913524115,clear,bike,5,70.33424560281463,0.3299683639787067,3.121377022149429
43.70911745907075,113.24706852293983,10,4,5.601071757571849,clear,truck,3,74.35170850737029,1.656793800056279,5.147814359809458
24.200379465049416,21.692695225407903,18,6,7.577536182425087,rain,van,3,86.26930972058929,3.3220532565687857,1.9652689344505254
21.701838603612753,6.50109982390982,6,1,1.857574202307692,clear,bike,3,67.1748284107233,5.917195033047836,2.0600445656756774
39.50235476587399,37.89162759306586,8,1,5.476673409449558,clear,van,4,76.1225045271316,3.346987906256042,3.0129888692046976
46.27298321223706,52.850640154807344,10,3,5.001284444456136,clear,van,7,44.81252250810043,7.701440632640243,3.9241037615271472
24.10311777515901,40.32427020997168,19,2,7.111113844748038,rain,van,7,73.62651787394705,9.157890617811985,3.2454821671834426
28.91863567929566,20.275987430992714,12,4,2.796208411433677,clear,van,2,57.09460876820037,3.9463919029221004,1.6468440272355516
14.506079192417493,20.800522370195473,6,1,3.2419102506597994,clear,van,6,70.64234023884097,2.2328821605024207,2.501081652732188
13.61883233591002,15.30158219101736,14,4,2.2680406956228705,rain,van,5,54.42777517174933,4.044562806092436,1.9267822250229507
50.16502153061543,8.725052785180052,16,6,3.1699454315542854,clear,van,8,76.17193767068441,7.547105844249592,3.7867076271898683
38.7044139867013,29.458737202933627,13,4,1.204942767461234,rain,van,8,79.57028687400292,2.097900947328444,3.6302487428583876
39.026416021736665,19.514182165666405,7,5,2.6627448044559356,clear,van,5,66.50502074091558,6.307738067742375,2.6483557683894556
33.94302823386326,7.173516911068087,20,0,5.003061028180038,rain,van,7,57.00965615105465,3.865441179159677,2.880435538400534
28.133544551263803,22.099655150355655,19,6,6.807589261025683,clear,truck,3,78.60859182440647,6.585245785301392,2.627796586698229
47.32929804167244,13.166029509325003,20,4,6.884748226074569,clear,bike,1,93.35897287337875,5.622956492772571,3.91424072057532
57.28776117333306,28.35786612205911,21,4,4.254670236852781,clear,van,12,98.8244776439332,2.8820253782200687,5.089813180938401
56.20368949671276,26.368490479855126,11,1,4.409741379702988,clear,van,7,75.93830108026069,3.909364904887257,3.9532908037251517
25.01254920797403,17.445445620129185,12,3,3.386503943688445,rain,van,1,74.1732768100035,5.793238640428234,1.7421520268597503
82.23608400702669,22.89445546755882,21,4,4.36799542646405,clear,van,5,50.27170380128773,7.347264113716192,3.579278516856769
32.549712803870115,24.386707742607417,13,4,3.3140504235511528,clear,van,6,89.70818238843826,3.8933018591224413,2.714439740073665
44.96574393796727,43.84833805838399,19,0,6.953892794404204,clear,van,8,35.157535902733,7.528676115699328,4.103639542452148
33.97654089056935,22.273647723240583,16,0,4.00818545622343,rain,van,3,87.87445387311263,12.50812144132109,2.035048897323124
33.03624744185073,15.601905104706276,20,3,5.865695932718711,storm,van,2,70.39947583657191,7.843099422531436,2.4531084067224382
15.05030727303986,18.831397142157346,6,5,2.6591316083319585,clear,van,5,33.52077685190668,4.283796250882355,1.83603018956452
47.51667350836817,70.0976380713666,17,2,5.092579932866171,clear,truck,9,75.04925524750641,4.189055359901455,5.751238988348144
264.0756238031608,10.932750192274248,18,4,8.931306712122288,rain,van,4,67.65313206493249,1.4510720956272818,13.678104125283367
20.088830019411887,19.79568513872159,9,6,6.049423795986241,rain,van,4,63.269055442878376,3.772807889755619,1.9619418083091795
28.697091390181697,19.56875205749779,17,6,6.392149975156004,clear,van,4,65.95200365418496,6.3618729069039,1.985189693269272
18.973358073981277,20.210396113127032,9,4,6.967548393779975,clear,van,3,69.71530287057986,7.343775400041202,1.5470409944765544
18.349165171975873,8.448957061580716,20,5,4.551656294538434,rain,bike,3,69.67095093397803,2.0198617590940624,2.3059298760779052
93.27569615008713,18.75152796294201,20,0,6.765574538965569,clear,van,5,47.865053781561514,5.561152036629794,4.91312847338742
15.825509854704896,14.97042792083479,6,0,3.5011284787168586,storm,bike,4,76.04348799249817,8.351456578812535,2.305515361558109
18.55493184379434,28.26470862717469,14,4,1.711414530060574,rain,van,4,64.30551050196203,1.9580577988946002,2.319772441910578
7.614130071489135,48.16549418058757,12,5,1.0,rain,van,3,93.80303762460395,5.104883306971884,2.0377125296440384
14.789398704710587,29.859150203005072,20,1,4.778877353641379,rain,van,5,82.90094172710148,2.9541869457743273,2.4119958857211863
6.912145527717015,25.054372795455638,11,4,4.26568853327289,storm,van,4,84.58870513383528,1.6854649639653374,2.0303737315930626
44.94519053772805,31.97136432974998,17,2,7.47204450662497,clear,van,3,97.92411981140066,3.950804191747343,2.6646852243265413
254.6163181797509,26.76461673423805,7,0,3.014890527905454,rain,van,5,81.04006292344889,1.3134914343407655,10.62929334945708
20.219691677423064,22.75621142682541,9,2,6.78211228990661,clear,van,4,67.80580450772963,2.887049123879804,1.8735714672516894
7.146292234546386,42.72876018597051,21,3,4.008268674532466,clear,van,6,31.6222375024603,4.460736654750467,2.0394705894422955
55.701090873489676,18.35738677762383,12,5,3.684839961788409,clear,van,2,73.61349296880819,7.367875629784554,2.1987700444888536
15.156963038281182,8.34264852912613,18,6,8.025298223614447,clear,bike,4,95.96141203606868,2.081372945199277,2.4396131170723754
76.66747352530636,14.568558365436242,21,6,3.769184803680494,clear,van,4,83.41954901957124,3.6071061002721536,3.74886382976191
21.636393081201465,13.048540935182766,21,0,5.005428609855205,clear,bike,3,62.387006303183966,7.4498757944818355,2.4303351567552056
16.355225500098328,82.62943543069244,6,6,2.8375003285615756,clear,truck,7,70.89797295213437,2.545486974234173,4.303388614897323
23.514892771995903,50.072358813350114,9,3,5.975748108779209,clear,van,5,61.66244384937193,1.7663128142904838,2.832576597786714
49.71076000422184,25.27663011716472,17,1,6.798711408675725,clear,van,5,74.5860139469037,9.038465973678555,3.406745214714621
22.602567259853128,13.327373976757688,20,4,5.4242044901167255,clear,bike,8,62.343988640017464,4.118912206616987,3.469773236257489
18.221828394637775,42.43695742747937,21,0,4.149799653136725,clear,van,4,91.59052357870137,7.653719253258896,2.4651258432450627
23.125472546128854,24.573030344950585,17,3,7.151682632393538,rain,van,3,71.80492057519335,2.821325446205428,2.202830238457435
9.80130806117248,18.388201708785193,7,5,3.309195829246976,rain,van,5,73.8640374894481,6.453187062802353,1.9324128264169735
37.24900681684885,24.719098540808893,17,6,5.873911549909924,clear,van,6,57.576296686155494,7.56316963691043,3.566282809773513
6.492312112166429,18.77455873795639,10,2,7.043184046522444,clear,van,7,63.73417350283828,3.0284835420288942,2.4537105535381643
19.005013950936586,31.708574709555688,18,1,6.367380070167291,clear,van,4,52.666630197524924,6.2379623213948685,2.262853652747621
49.77476690991177,7.657421204647015,14,4,1.0,clear,truck,2,91.25710371294869,2.670192412863315,2.4043284384758694
34.55107369706077,31.552319207756856,8,1,6.933361223419096,clear,van,5,62.300683755602364,8.924287442265884,2.904884515320638
43.47806066724896,18.75556275451466,19,6,7.180267457091012,rain,van,3,72.39558666525704,2.6788436579900483,3.1553475086241414
25.737870351675586,43.07567382405069,21,2,4.492304009360466,clear,van,4,46.76546293209263,9.263370856514594,2.470965158924587
69.11673901555217,50.852468627766186,14,1,2.5967240159875136,storm,van,10,51.521250226435676,5.52587561083347,5.593686846321355
56.812669612729806,58.23088486346417,19,1,8.487365109863768,clear,van,6,66.24478672931575,3.6729020611328056,3.987723485274596
38.741555264761445,86.62740024360633,6,2,3.3762035454669252,rain,truck,9,65.33000956892465,9.960001288786852,5.587421776585559
56.94219450994162,56.91093384333791,10,5,4.559671448271626,clear,van,12,73.67106172839544,2.9261265811463826,5.874940461322957
49.41919164181287,42.166158523402245,8,6,5.567629995914997,rain,van,5,100.0,12.414777991759308,3.4097230072936973
19.075965451230342,8.681758718365543,10,5,4.525840115875496,rain,bike,5,39.74092183835067,6.264547186595858,2.9200641760592094
9.252380508146041,2.0858397211237034,12,4,2.880358765675937,clear,bike,4,84.67683643711257,1.8774248763322743,1.6687243975945314
37.950766477532035,46.09920474349878,12,1,2.8455358494223812,clear,van,4,77.4729765529942,3.3178848511591132,3.311380535421996
41.966487565190015,11.474020540977117,11,6,2.557713195177258,clear,bike,5,60.728264441898986,3.794149217004615,3.582792021516766
64.8695021691538,126.10146997418636,14,6,1.2319711329830527,clear,truck,2,63.49534997103656,12.624929959548066,3.943773648242187
12.819186320824311,5.788327836923522,9,4,8.787292465912946,clear,bike,2,86.80106833789773,8.611649874333327,1.547086651456756
13.129415258801634,40.9566603674932,11,5,2.531755871856847,storm,van,5,69.0656638262669,7.3974309690452325,2.367139233642905
39.170355092092734,26.706698163742942,19,2,8.068894364721993,clear,van,3,65.170658350002,2.999478232656838,2.5321341988059833
25.612138747263906,6.476371919218129,14,3,2.746790543611094,clear,bike,6,54.27022335732732,4.025963332043055,3.029842001750128
5.9977878617868035,26.588000574804713,6,5,2.097968100082832,clear,van,9,57.45882784096987,6.371167254889435,2.5656944004942317
36.60140146264602,12.726896684017584,11,2,4.59377254088583,clear,bike,6,51.755279343670125,6.568704132941835,3.2836173768802994
6.1599069259577455,21.74799430103035,19,5,6.481528173976197,rain,van,4,83.26751816547156,4.195821390229303,1.6512708629062052
12.727878670483157,21.97805608096685,8,6,4.106748569149461,clear,truck,4,58.23717547320565,3.8723019488411223,2.3650973686476733
79.94549566458994,12.881258714872601,20,6,5.421365569036306,clear,van,9,52.08931053956859,6.409352241459786,4.630164086111731
116.73462710327944,17.497747522105577,10,2,5.56800815473611,clear,truck,4,72.62022221522075,10.006723361584589,5.345743048825158
10.252021495602184,11.865979474093852,16,3,5.679656985331383,storm,bike,5,57.75658440849827,0.13317566620826632,2.3510825595270033
20.83192717236536,4.174703237424648,13,2,2.54246209813088,clear,van,3,93.2010409840989,1.3458632279863005,1.6857435020087497
28.053068458984896,24.99786092999638,16,3,3.7269988177953204,rain,van,9,70.61650668954564,6.465924840328472,3.626568714628951
112.72841762108962,56.71916079501666,18,5,6.492173264303433,clear,van,3,73.07591724282989,3.2439471400648063,5.806580105078596
18.278122296505124,12.469670854464809,8,2,5.263803708426506,rain,bike,5,73.11718296727507,2.4092728723138563,2.8903903251850944
18.513362739247277,75.97651580867274,11,1,4.262803856590179,clear,truck,5,78.56383280448594,1.5770883654634187,3.3094479110558743
93.59532604034123,86.38282851361262,15,1,2.7271583513793587,rain,truck,2,80.65608949087634,2.5767337030384945,5.940574575904025
20.088925193632743,16.346419725842757,10,5,4.141521699630506,storm,van,6,70.43957416256875,4.618295705757323,2.8605080390512487
48.31593228179782,19.52585538518575,12,6,1.4768611923789468,clear,van,7,54.761001212534005,3.9145306650670038,2.7129981131031964
8.31686705401308,16.60414340477378,20,0,8.187837073687266,clear,van,3,67.69520120962808,4.212295437001614,1.2379647647486813
23.641740256181276,8.803356280920053,9,6,5.673118116951549,storm,bike,4,70.88996988973574,4.110571240426773,3.0005672634607974
7.187349949677029,19.598503850884345,9,0,6.654614032784392,clear,van,6,45.51778949708937,6.037938031078221,1.9144013111586804
11.654040864992256,17.933373013356366,15,3,2.4237817033190883,rain,van,4,38.42866757850808,6.3657804416319115,1.6669646764803265
53.0566963438237,24.681905084380034,7,0,4.432494343073932,rain,van,5,51.80954459915016,2.0296811808736175,3.1683306100125432
26.051508831853706,25.678862329306583,6,6,1.6305443054657436,clear,van,5,40.735772290800924,3.4966120759532755,2.411826963375666
21.00405275753554,8.20363342841707,19,5,5.342647187603053,clear,bike,4,62.703025217365436,12.049666846472974,2.781444814763423
14.89462337947356,35.44863215117623,10,2,5.977841775408203,clear,truck,10,58.40673436364001,2.0964019990821803,4.167775490637666
22.72521591905523,19.418881454118463,7,4,4.023586189430797,clear,van,7,71.32985953273675,5.087985824535549,2.431296853060174
34.49762681431889,9.725182047049787,16,5,3.096069328349675,clear,bike,3,80.63847660979174,6.813727766861677,2.665419274125788
59.521224615442975,19.08040226629867,13,1,1.486128052805487,rain,van,8,74.34024357836988,8.370726503393403,4.0375250804679235
3.3197273389136224,26.410049794766024,13,4,1.886384595714417,clear,van,8,76.5167118668468,5.9224753174011795,2.5551156871284477
13.937611658908487,63.847748828320064,13,2,1.8234519849049486,rain,van,3,84.1891760750145,3.654658469412117,2.6256674259547665
30.792679826190927,57.172919560401915,8,5,4.316258467057041,clear,van,8,65.10824653741807,2.929237479742642,3.7533118128607126
25.05089379241242,15.258675790464428,19,3,7.994127005988521,clear,van,5,30.89784816394757,5.838586248052326,2.391835048264336
37.438552687879834,20.453826749401387,6,5,3.9223235194877404,clear,truck,5,43.83373664744187,7.190540040536602,3.971714790724701
33.58341113736111,11.567600539887412,13,4,3.2645740126271043,clear,bike,3,77.47589569096058,9.715456681750295,2.5922996534701257
21.244662972811216,29.578930936643513,10,4,7.5573088683624015,clear,van,6,72.94268882407533,8.823328194409568,2.7154351478936034
17.78788207594433,15.94133942432745,16,0,3.8329685914362903,rain,van,10,80.42709071067306,7.554702792730091,3.3627275754207133
22.27798137089025,19.92441745765204,14,5,3.1661115519272,clear,van,6,100.0,1.6662244956423842,3.1480221030016624
67.96506885340426,47.21068757512189,12,1,2.867338538105995,clear,van,5,73.2909703305472,2.062682708872119,4.299196074958461
15.095454223182342,8.173057767533852,14,2,3.0720419958136187,clear,bike,8,68.56742533455314,15.0,2.8293647756962277
25.784012298241212,57.26075185399873,9,3,7.366168530926273,rain,van,9,75.19164248858353,4.191072480104997,4.050809175128319
31.395788860543142,31.691953851398814,8,5,4.5283360346752435,clear,van,5,52.146843323087374,5.465454648682159,3.0015568468632585
94.46985074871478,55.47795307830614,20,4,6.815487762041634,clear,van,6,81.32338516339394,0.7595571998752654,5.772036138148893
21.32229829436475,39.32284320576829,15,1,3.2956610260073473,clear,truck,3,67.42983584531909,7.80252462431356,2.7808218667516305
58.384201139921764,44.35929731766458,16,2,2.872572439133206,clear,van,6,95.24142662790685,4.759130413655894,3.869479735292997
72.64492431039416,23.776994380535537,21,1,4.1877289314275155,clear,van,6,45.99208139114394,4.6361008453650365,3.7522356978574787
25.764474559804096,9.500233506218795,20,4,6.9378130164194225,clear,bike,2,70.06811820985807,15.0,2.0348131926332558
22.90659400066648,14.336585609806246,15,5,2.5481105570451636,clear,bike,8,60.58631274285328,5.944364533075132,3.439238317038114
20.837558642736088,12.15239791052251,18,4,8.148503803228884,rain,bike,6,54.00297767364573,3.93172186404783,2.857477383649385
22.094782454214265,3.151776752278881,14,5,1.2252219002342875,clear,bike,4,79.33989316780838,4.67268831696595,2.3902969159581886
53.69886624100356,47.15370228147729,9,4,7.204973849611494,clear,van,5,65.23687990215312,3.0714342574058278,3.5009640630807395
32.616163611642115,21.797307868550824,15,6,2.2490991775373024,rain,van,5,89.95804799099591,2.225894646275773,2.362873673591757
32.72802574741566,11.336610860741962,20,6,4.829149146042953,clear,truck,11,62.036830054993786,4.138606697464887,4.85195961674693
11.021205521377993,84.20983515535002,20,1,5.696484524730098,rain,truck,8,64.11113028757627,1.4294233074562075,4.886687796611254
12.503491659971235,108.46191266401131,14,2,3.014841086168338,rain,truck,6,100.0,3.4959342537331284,4.6198174753458305
150.61960103049714,7.2391955429289165,21,0,4.563403182594564,clear,van,3,49.736787774986254,0.6243566472407568,5.967656980271391
23.517372886023722,19.586857530648263,9,1,7.195643584439225,rain,van,8,58.24551116323994,7.645238908418418,3.2054181453924513
14.587753911135415,18.61166042520731,6,3,4.317304146378701,clear,truck,6,30.0,12.93108901718019,2.8511132541786792
85.18959759888806,10.570427261060201,12,4,3.064557220624632,storm,van,2,63.297065662719945,4.115212551496939,4.706609018610742
33.96894887488732,46.39840486707317,9,6,6.560401641704915,rain,van,2,80.36157742211687,2.4049429218159504,2.655187628341786
43.05696186055999,3.1996617280610424,21,4,4.505374578366896,clear,bike,6,76.14685484690763,5.092163931599144,3.996674156960676
24.277799690311376,70.31697745204517,7,6,2.961918218192138,clear,truck,2,72.16328723381123,8.299354200547908,2.397195306781429
21.01132393815342,24.536587375509747,14,3,1.4356413451223213,clear,van,6,56.855758366733795,2.7644064962053583,2.7216675518436686
23.672899243077246,79.641274360081,18,6,6.411453723542743,clear,truck,5,67.1440728976319,6.475566409877863,3.8702079347779206
8.969316401632467,23.017181431562662,7,5,1.1136575382362857,clear,van,5,64.03662820193111,1.548515439451596,1.925015326527515
25.27101463775601,18.5581722080721,6,3,2.894650077098392,clear,van,2,69.91787102741439,5.028891976895538,1.5992948213087865
34.35771048112227,48.930634945007554,14,6,2.0786796763461375,clear,van,10,72.61304754466725,6.795356194524048,3.8834528208302252
119.14849675711237,79.29907202655734,20,6,4.817857669847777,clear,truck,2,64.73812953800518,1.288179745081049,7.1325731404572705
29.04363202897139,70.92606632985427,6,2,2.602783327645135,clear,truck,7,70.35733192006944,6.862824344555801,4.644594723077284
4.189822483087921,4.930236932117618,6,1,1.6757408019381652,clear,bike,4,68.53296227054781,3.8508495974567296,1.3139307104268059
25.14883702113774,58.94812364822309,20,0,7.348372563213379,clear,van,4,59.875403119683355,10.541081430663164,3.2465227898221665
242.6459309478023,17.83772603656118,15,6,2.056372501602433,clear,van,3,71.19271883833696,4.970718375538314,7.763907461630866
54.22233931367073,21.22203119967844,17,3,5.462218799204339,clear,van,5,50.843448781692885,7.123199417529693,3.64965443898295
14.172292767490008,17.54123143407719,10,3,6.439502145118382,storm,van,6,72.72055560686324,12.10317969474546,2.0995686063786048
43.50540623098512,14.330473763425337,10,1,6.092378179163858,clear,bike,4,53.33850654890704,3.8520848065655136,3.747431815423966
14.975106563777409,19.757686546770643,13,2,1.9124940487351394,clear,van,4,69.61713661820457,0.970986701902581,1.9775191504003704
9.179327862529794,10.229619543607072,9,2,6.628778672065796,storm,bike,8,76.98134611358601,2.381410714141233,2.721535283549797
20.51804021013288,59.185889507677516,13,4,2.194650922164163,rain,van,6,56.111473760589035,4.539466540234767,2.979917395724434
29.172344414515365,38.936595397197564,21,1,5.363681092746311,clear,van,4,85.49264697453077,15.0,2.430647146531247
6.063429705879504,28.04359904074224,17,5,5.367551525450861,clear,van,6,96.82388293490959,10.391992379747458,2.3444720840686366
10.812172335516106,17.53533991813383,19,2,7.745400326991572,rain,van,6,60.24932577574691,2.7970475080737196,2.183990275537504
27.337747803067302,15.131253060688607,13,1,2.8811089769342044,clear,van,6,67.82881398485705,3.766163315146467,2.3235677627369378
19.559506988631654,32.615997644252396,18,0,7.794952539333241,clear,van,5,88.17890223694755,6.6333217590617535,2.9724706934891874
37.182901440509426,28.731117184231714,12,0,3.0067597056789417,clear,van,5,43.02835494608435,9.21302985463657,2.7808332299156944
10.260128234493372,51.297675850485575,15,1,3.028618768701903,clear,van,4,70.50081808129097,1.3662736780823392,2.3955519073115634
48.00431961522168,15.340738358547739,17,5,5.463738731472703,clear,van,5,65.46919755225264,6.686405453632059,3.026439197052996
10.516997126902728,14.160394447565604,19,5,5.863026221752501,storm,bike,7,83.5069535433552,4.580058936793857,3.1338026268730137
100.90580334871144,37.807554598756255,20,6,4.080437442875379,storm,van,4,66.32302566660938,1.1224321991366584,6.385648525537902
6.871575239795188,43.541193482706184,7,2,4.781039981083702,clear,van,10,76.77951633426322,3.4048264854945196,2.938658328509565
11.313046120354771,103.15137915301179,18,4,8.976869680681018,rain,truck,4,57.652536878220765,2.951536218345774,4.314890555716915
37.86005666299508,4.6719122227223355,17,1,5.366388129319275,rain,van,5,84.27387652524752,2.898695338329639,3.1918837274986016
102.65630883017094,61.39998635297291,17,0,6.383326335644288,storm,van,2,53.176009094915536,9.196700485474802,5.821160287490323
34.88421479987494,26.327805761044267,6,3,2.317580264942017,rain,van,3,83.06225742056883,5.663550705811643,2.092695818252372
42.53325906608661,16.07034534104873,13,4,2.9058648299578222,rain,van,6,71.14291057006008,3.436391287396393,2.881112137067415
27.495697044991985,32.926804411123435,21,5,3.6269392409171215,clear,van,8,34.68343925136823,2.9212130313049065,2.9448777158146355
11.927912439800606,32.111720151110546,20,0,8.901867496300756,clear,van,3,70.9455879613428,5.14900821362452,1.9125852659240619
18.318094125960446,16.451416115875567,9,5,5.358857503341792,clear,van,3,79.1043834069009,3.281741361742922,1.6985034704825648
10.28279617000776,5.062114030307857,13,2,3.4289957459373164,clear,bike,3,51.5596353766868,6.856085014752127,1.389051813200377
9.747706492290286,61.543604016116404,19,1,9.08063146767847,storm,van,4,57.29500503850373,3.9649954297419936,2.7520998425466563
37.389844699715226,13.141007711065093,20,0,6.66676763439685,storm,bike,5,71.33241743578692,0.8970031946108354,5.05987228300499
11.03925563632193,11.481289401599474,11,1,4.086247248097861,rain,bike,1,62.32673214110608,1.4241859518205957,1.4574191429400778
35.01033156069814,14.22763073701692,18,3,7.84879718442267,rain,bike,6,74.94372145330463,2.6411981376079736,4.4941266123933445
9.56912527267535,42.06623554027123,19,1,7.78109083308209,clear,van,4,66.8612568231622,3.9276004448841872,2.4655027614297715
34.36733042189296,18.093350140386203,8,2,6.910327029484716,clear,van,4,50.2045211924679,5.652799356096919,2.9625681288260726
18.33944023508666,14.460250586084602,6,3,1.9785673787232718,clear,bike,3,100.0,5.388966739398032,2.1073992934959205
83.53723218616523,31.37593553891439,6,0,2.547889237923123,clear,van,6,64.90235758986992,11.089374529320333,3.9575012144911033
35.12717742441541,28.234750624272856,8,6,4.577201041464554,rain,van,2,71.86399849515898,0.4401535522645927,2.407771275174615
72.86630432502332,14.724556275671576,17,2,4.858937459427865,clear,van,5,96.58607602854264,0.3525922145988964,4.2917669165722785
14.812666018904462,4.961400715915931,12,5,2.835546235818458,clear,truck,9,82.9434151288109,1.2489412308303833,3.7869942300201376
28.358155824234238,41.41408801608678,16,4,5.137457143778195,clear,van,5,78.21262574237178,2.1922140865965756,2.5475226808037084
12.36821992554983,28.62293394986701,7,5,2.7370744217522383,clear,van,4,85.86697414980853,7.0640699255608705,2.0557516608393684
19.474692571004585,3.3910400437114108,15,2,3.731822548436363,rain,bike,8,78.27174166464984,5.115886570232835,3.1312217692136435
21.984037499555622,67.52533837140932,17,1,4.972966819497205,rain,van,5,78.27119086334355,1.2571952370044053,3.4268926389944006
15.16990336877075,3.2253326686955717,21,1,4.306191918879966,clear,van,7,78.50703418603025,2.220917307674049,2.2775576836641536
10.253280600105082,12.260064381699951,11,1,3.9555738160443283,rain,van,4,67.4688048740188,2.344145083670256,1.6017995537098515
8.751158932941355,12.951185563720243,14,3,2.353150169157482,clear,bike,6,86.12192199105174,1.946572678266609,1.9661126957969464
4.17119058660072,14.903886015752585,13,4,2.2651980125588893,clear,bike,4,80.11658948441209,3.2951742435012576,1.4008392352503691
11.645534818931434,14.508798872778971,11,5,3.1836311434991154,clear,bike,6,35.50543415143556,2.755483114189425,2.2856439839041673
44.79045762706498,7.882527472865645,16,6,3.119478978597996,rain,bike,8,82.76236123410068,2.921004486933744,4.805950717321692
7.54738521691175,26.646970554220403,15,5,2.2392084917238417,rain,van,2,58.09839948093958,1.3354737744026244,1.3168483480882212
9.074803463459673,46.273189636603625,19,2,8.863503942678696,clear,van,2,73.6437938024703,5.638012005736592,1.847383864705586
113.60401591042051,26.38082741040334,6,3,2.2137012564583185,rain,van,4,44.91601918887167,4.047479833876164,4.544068343335015
16.294101320202646,29.78296305023007,9,6,7.4042763021393725,rain,van,1,61.25052793523902,2.5991576205327185,1.4154093446243232
35.05214491011398,18.42363666466418,15,4,2.3995850209419722,storm,van,3,64.5347901853096,1.627682370280735,2.776180758577652
45.324771587933995,25.62632484027705,15,2,3.0997639566460977,clear,van,4,78.0499353483768,3.0989572395228433,2.9524173861473155
46.063501127517924,31.4151838398749,20,5,5.448876936261357,clear,van,3,61.18448457221679,0.9341427988695342,2.7331687584778592
8.02168593013342,38.95158125622055,16,0,4.053716914380768,clear,van,5,37.51192774612146,5.167577962124564,2.245835713871941
22.536861466475685,13.556250450154462,6,4,3.7825669863462688,rain,bike,7,62.64523327915306,5.449663234205119,3.087610822595998
7.429200022690535,12.11512310815542,13,6,2.1954989277881736,clear,bike,5,64.29155809876174,3.904057805337876,1.9202521216744044
191.9153303739112,2.133902536468084,19,3,7.609005064130409,clear,van,6,79.49607332542013,10.77015814318003,7.674718784340299
7.569293913461802,80.75597613981508,19,4,8.869938769833414,storm,truck,5,72.22103765081906,5.566704233535372,3.4524418505342496
11.72505288657364,77.41435846073593,18,0,6.960533602016066,clear,truck,4,58.50012204424618,6.641390257953712,3.2848504277870023
11.79315544478109,22.445515254096023,13,4,1.7467750607290884,clear,van,6,74.15566982908528,5.327209862680868,2.013295097457898
8.188015973351456,23.417820356730537,7,2,4.505617806294058,storm,van,5,97.5050201689225,5.365895842445569,2.145703995226236
80.00387954457324,64.32623936954585,9,6,6.241177431921827,clear,van,8,87.55518835452,4.496289187598201,5.75424302905871
188.2852915583358,8.121043787260389,19,2,8.031024459521925,clear,van,7,41.357712273776286,6.477863288743442,7.4773827686778045
18.530179079466706,11.066992512959825,11,2,3.954826734869879,clear,bike,9,100.0,4.242520079453333,3.6344737401053027
9.427787848351118,66.99490229706585,18,2,7.571771772076344,clear,van,4,87.75707654458213,1.7578247380827903,2.979910561397887
4.528811762571821,18.272968749732026,6,4,3.58179715716575,clear,van,8,93.78087494938971,7.009163971112792,2.466191160143796
22.302817709772718,9.739125427356354,13,6,1.9516452207147617,clear,bike,4,47.20194223963587,5.242739780997698,2.305286853206073
21.050149483789433,32.74104197477548,21,2,3.589237298397457,clear,van,3,63.786047536771214,1.8893705409993669,1.9958297757314152
16.102315779967373,13.623723385111136,9,1,6.2560834739316755,clear,bike,2,78.82760639436002,3.7417743813205964,1.8954377501983377
32.36573181922788,59.44776562081245,6,5,3.3521101831834947,rain,van,5,53.17638587624054,1.1187184608971137,3.2075312760872468
37.19366734967906,25.470186335003863,10,3,5.42876400334058,clear,van,4,77.91754325408236,9.00889590030517,2.6278303229254756
35.10931944032392,14.084276592345649,7,3,4.273746314419714,rain,bike,4,94.49890815486273,5.014130428732078,3.5266806042879524
21.054200784451204,14.734569213971014,15,6,3.4068984142797065,storm,truck,2,65.00215421510545,1.4846992381198405,2.453482399814544
11.231277682716442,31.627299233079654,9,3,7.433691197111343,rain,truck,3,95.55048636445179,3.4552963972627113,2.2692524069938576
46.18552689075935,20.071733392455567,9,4,6.393891438351682,clear,van,3,80.53742542788046,1.779358990806258,2.5986879184264713
27.385426916350312,18.051470980945723,15,6,1.5136179903430813,clear,van,6,42.119828192431655,2.732042150728472,2.1558462902079616
55.18471539198082,39.99813061746647,11,1,5.552491370872394,clear,van,4,56.96643213337593,5.386881448011013,3.705029770177485
51.01197655556005,64.91947182480148,16,6,2.5967656373820285,clear,van,6,86.62388934469352,6.873936839582826,4.5600799097530444
8.693628010787835,36.186483472731034,20,6,4.549296346604447,clear,van,6,54.51686653877788,1.5740975201436083,2.1645073958069987
8.607399446079901,12.732973357761159,20,3,6.537892578051091,storm,bike,4,86.18826600580647,9.017785089589628,2.1702969712404734
14.813922158804242,9.207091513480188,17,2,6.064790237065844,clear,bike,7,79.17375534704584,7.8972718142155145,2.8964478669924394
11.646289988457582,38.38947261453428,21,1,4.746072480234515,clear,van,4,74.6871162919419,3.0010391335288342,2.1444587946942404
49.610446217560394,36.135994369746086,17,0,5.06567529598741,rain,van,5,61.34086172381178,2.3560539667563285,3.372487603289411
35.9111467162633,17.03535615781361,7,6,3.0761296614763722,storm,van,5,74.51707735217623,6.305339320713347,3.1103074988413844
65.32319598498951,20.377616437069438,21,3,4.82917931419206,rain,van,8,95.23699732734846,14.960202440497351,4.920157486912668
37.23277619732591,13.361179038271946,15,4,3.452575044726412,clear,bike,6,64.14931491509637,4.021903441057028,4.171991421510975
32.03790283592259,9.407539814974088,6,1,2.218713795342218,clear,bike,7,79.15172626541671,2.834099678855519,3.693988778416157
70.79467770921481,14.30797907312224,15,2,2.0903485474343,clear,van,6,100.0,2.5979851639938873,3.971303437780648
39.47951271016175,1.4702544967171463,9,5,5.770974777525298,clear,bike,8,73.93459763097262,0.2242688548306933,3.9008730932178595
28.630734415876976,52.12811834456588,14,4,1.2329810859385721,clear,van,6,62.64047992927202,2.125495493142683,3.2846128461019064
88.62043081594058,6.861940957896938,16,1,5.314538115434649,rain,van,2,62.47720056345363,0.31126372263148216,4.28079913249063
29.72964530871429,22.810036154615194,6,0,2.802603427778209,clear,van,3,38.744219785069205,7.112790784442154,1.8954030063390006
21.25362599910023,2.6215363572344357,13,5,1.201880240108196,storm,bike,4,51.8284230956265,8.479944571294123,2.4623789422577147
13.870182511692112,35.28813259306368,6,0,1.8330752904765646,clear,van,3,75.07403738321366,2.952341867957653,1.795600518648063
47.5803740926316,42.99644969180132,7,0,3.5491161281179657,clear,van,6,84.54746938687364,3.719857877138728,3.2589525308407348
72.94023691632036,24.39557153201908,9,2,5.7504605103455555,rain,van,5,63.60847766489763,2.1593131775920096,4.656505801404499
26.03729878990773,21.792148365430087,18,6,6.614164877308503,clear,van,3,84.35451718097887,2.2614218767446626,2.5304855806821154
77.19483101492482,13.31629990593185,12,4,2.043240612247507,clear,van,5,83.41134319122918,3.8224257039903033,3.316929247081417
5.606843888049009,51.26131790481325,6,0,2.99641382579029,clear,van,6,58.43819413518997,4.810553602634986,2.544539165722575
25.936138373087893,5.474206954280457,17,6,5.421950971031526,clear,bike,7,61.063310059226495,11.125254889379178,2.8965644597225255
26.25677550784723,16.146549101572422,14,6,2.5991587474565003,clear,van,4,49.807935241849904,1.173713716321453,2.0988389788408868
15.156121383643766,12.018319337696628,8,4,6.205165337150113,rain,bike,5,81.15918354297501,3.514354933056075,2.495759003819898
182.56181543527418,11.657228693674684,14,0,3.183138699368615,clear,van,4,70.05616356627142,4.652332461133069,6.1715300328997005
25.71426493751366,50.34790163047653,9,0,8.10889371227956,storm,van,6,83.3153008445914,3.2262835905744325,4.127570235254693
19.566430783126865,20.767897680446524,16,6,3.6362694473228077,rain,van,7,69.10445342347175,5.637417146769638,2.800362612182072
27.681648669823137,13.227727236996053,21,5,3.6844439129679825,rain,bike,3,55.89148416013857,7.473907224940862,2.6716387317845296
5.461639444131144,29.306438567316167,11,5,2.7992854349174197,rain,van,4,81.69624546942512,3.2768655619946805,1.6924016788892093
14.762728498704533,27.561930441395923,17,3,5.449793235879824,rain,van,5,40.277286305484196,3.6407147302282827,2.3635509151859635
59.536643227564326,42.461754610736996,6,4,3.7023360238343246,clear,truck,4,64.94317976303972,2.6823825918823783,3.8949900853261408
16.39282462222202,31.65642951227441,12,1,3.1701128549624142,rain,van,5,58.384854811946326,5.83646134542784,2.5967741568615006
13.969828121035402,21.514018539776902,20,0,6.789352912156022,clear,van,5,92.88315213915844,1.998700714905086,2.2556991668760262
77.29432280316985,22.67337964943526,7,1,3.582993775339472,clear,van,8,96.24642912786754,7.089280697663291,4.151118718586673
79.21799802242913,30.659361530733722,20,4,7.539026870046593,clear,van,7,76.34727654350198,2.415572422755088,4.516023600311171
41.000832760465904,10.461163680556174,7,2,3.872670321148106,clear,bike,6,61.31763090579858,5.013967830540369,3.796692186971087
18.83856564522078,27.141111072403405,13,4,1.557689306102274,clear,van,5,95.81754601777968,4.958095300382829,2.27342296723842
22.38571758985221,63.93651175428026,8,3,5.544747959396997,storm,van,7,59.52433719118824,9.311028070212474,3.88285864578002
14.248904559468633,24.41081538435366,6,3,3.9336297097608313,clear,van,7,49.238992081241506,0.9808377895374482,2.353008614576148
12.233541771348172,17.40238680347262,11,6,2.356426373268409,clear,van,5,40.19321369904229,7.557732647606417,1.9763014129575618
11.757211645160115,17.22334883819926,15,4,2.3068185750676378,clear,truck,2,71.53518366874567,2.0320352410140763,1.2380121443518408
16.536275362945663,29.754630826856406,17,6,7.310721851939924,clear,van,5,44.27522391230163,7.408067779086336,2.30079372280677
11.848759842370766,26.052797366684956,11,6,3.998094663136144,clear,van,3,91.28308381560609,1.819515939214862,1.6565777267262007
7.760415721865151,36.46774427410845,13,4,1.612717200017042,clear,van,1,61.2932993304301,4.162227758381415,1.2497080110863261
32.314696792629796,13.957135537922998,8,6,3.937791920700328,rain,van,5,50.704182866984496,2.844346003769108,2.868879262468087
32.70985683402269,19.856950790153736,17,1,4.90173524164859,clear,van,9,86.73483114978605,7.002493606005409,3.7936717564095734
105.70309852109955,40.78547097743995,8,3,6.081378576531438,clear,van,5,83.13809666472869,1.7269247201407765,5.740198448341828
15.884269903971346,43.036373855644094,19,0,8.355343234961946,clear,van,4,94.95122035522601,1.2311618733484828,2.8432988552818546
34.35956619339532,43.27250443338877,8,0,7.218725827474975,clear,van,5,44.50723648712603,4.66255818828727,3.4736071563409094
34.819238462886354,37.845255216602204,16,0,2.771934773732773,clear,van,6,41.34815888800671,1.9042874296099914,3.4512953018743033
22.129906988615758,38.74620504557528,11,0,2.9962753905370914,clear,truck,7,93.4105563133527,5.396100888618143,3.640072155457225
49.17900825653079,27.105274412280902,21,2,4.191387854264519,clear,van,5,30.0,5.010939826402683,3.2595923407968255
50.40968652064457,6.608738511787786,10,5,7.033154679032529,clear,van,8,51.767670845930986,3.9674316496801336,3.9903165441094077
35.231088053247646,7.257935837541613,21,6,4.1383446549724185,clear,truck,1,70.82988234548338,4.113076624941518,1.9042449918433964
22.098024954639794,24.059372759654302,19,6,6.516581380122112,clear,van,3,50.05836248280653,5.362948955487486,2.117605204351451
20.368221428683636,24.85743870693702,13,1,1.2192230039359697,clear,van,8,73.16940207126174,3.7201577854914625,2.932360252177683
9.077482359311967,11.427090955922337,13,3,1.0,clear,bike,6,52.77002750719436,2.5879568961940373,1.8929278498488142
14.228767237409096,12.067838684636023,11,3,4.08766034106772,rain,bike,7,89.35120476058518,3.5639888582612196,3.2275846276803803
16.484062101972842,21.410027424596443,12,0,2.6060222936864608,clear,van,7,80.76712015053565,3.549401502877251,2.480902007428209
11.032247666386054,88.65261155814085,13,0,1.9849158599161958,rain,truck,3,74.12633979008568,4.220990224889991,2.704121316967993
38.54934748281004,9.681014524187809,8,2,5.699340325434637,clear,bike,2,64.67516191547708,12.999926759433636,3.7488806188815897
70.61921645350999,16.69207174514668,11,5,2.6465812577244057,clear,van,4,54.49780424005526,3.524015539406814,2.9760681780478064
13.1122912560936,42.41436177479217,20,2,5.4577759655284614,clear,van,4,67.97940254753374,9.140006787644433,2.3258249198430465
34.01335183625865,37.24770418084508,21,2,5.39863455490055,storm,van,3,51.52217675629978,7.5671306283931035,2.6610673373960725
11.854542036667699,28.65381122061516,6,6,1.4321184958960536,clear,van,4,98.75442494540096,2.039158600921002,1.9333921002663426
21.243739989658042,3.9818858951243046,17,2,6.018974549312344,rain,bike,8,74.78907336776192,1.717827285163695,3.398516403852138
15.607262279358347,19.006293565181327,9,4,6.9687428799148154,rain,van,5,56.94840280538252,4.605969668938121,2.043941059814488
43.88254000053138,73.25134104707384,16,6,3.994721578955854,clear,truck,6,93.48790112317532,7.425608427581735,5.292717114234786
15.752033387808126,11.722209241495099,15,0,2.2262523101554645,clear,bike,5,69.30755044619023,3.78951363209337,2.7648990422863733
60.90579529131718,11.333264189104218,20,3,7.022344084357018,clear,van,6,90.98145161623046,4.664440140736497,3.792871058711228
22.27407355108196,62.046335025841856,17,2,5.77615990708441,rain,van,3,90.52726794069582,4.481093260585172,2.5101714341520815
16.124132008844416,21.37558269964307,19,0,7.643409215992431,clear,van,2,76.54717914621799,10.492130375042937,1.4301398872583615
9.947843461321243,4.332071323822189,18,0,9.087405894958504,storm,bike,2,50.958982374065585,7.04610725808165,1.5619799929775309
33.20045591594976,8.59311586056322,16,4,3.511739468184588,clear,bike,5,61.29249186271357,2.9091186464736247,3.281004454460955
55.48844061103102,14.25823091306679,12,4,3.262241654963202,rain,van,8,100.0,1.2752659093044056,3.990604425714137
33.73908660685168,27.652565293128767,11,3,4.860269287042946,clear,truck,3,61.73233557493858,3.998202385770081,3.3522508791553767
162.56295353743644,19.5815452770266,11,4,4.304498834387565,clear,van,4,66.1397094500621,3.8137783316334395,6.1355273137966995
85.10024903674957,10.891799265370876,11,5,3.151239816328106,clear,van,2,62.921718277738556,15.0,3.1367166625877703
21.199504064627362,19.801404463916203,10,0,7.704336520997325,rain,truck,4,55.90577578793686,4.219634196385962,2.728392405035015
21.02217962436439,11.714959262127202,10,0,5.992696977396106,clear,bike,4,80.55925421487692,4.277460822679168,2.5875231736612014
39.47854562397712,76.10226531682511,15,2,3.070978583138809,rain,truck,5,49.916442138840445,3.281450562356362,4.333212327226579
13.868008706841735,8.159243243915478,10,3,5.734551873829568,clear,bike,5,57.53799456388349,3.1518877018662863,2.283655226044072
68.92580562189735,15.800863738508548,11,6,3.366129959980021,clear,van,3,74.63018258543916,7.018514118903466,2.866752038261432
36.208011897360024,14.009286761372648,17,6,5.76320878002679,clear,bike,3,66.2409468725701,6.602046201557043,3.2091468284614577
33.28700660124499,14.201832432119426,11,5,3.025020201347303,rain,bike,6,72.44633446930055,3.556843405242889,3.6262090853797426
46.972528659392424,9.042865276351353,7,2,2.3687370917408845,clear,bike,4,69.53474123984654,5.945609351337895,4.227009703932191
107.58313598658576,58.88545763024096,6,4,3.087532562638896,rain,van,5,52.41676921160125,4.465193644217682,5.777240213404855
31.086209044394387,93.17272327717605,18,0,6.910259473543596,rain,truck,3,91.96871747214405,4.703018013168826,4.604079658112485
24.76837662248505,30.175905468516024,21,3,4.8805294698853565,storm,van,3,87.14520965119696,2.1666426775382166,2.544858964708371
90.64725891753879,28.294258478820865,16,0,4.28606185328216,clear,van,6,55.66596429352665,6.267485449952926,4.028532899866815
58.79403080284149,5.27298976851387,6,6,2.8958284157575642,clear,van,1,77.15145579655189,3.5397300471205195,1.9184884349696782
20.972585399244014,57.91743441018047,15,3,2.149041568778798,clear,van,8,62.64110333685977,8.529617548441244,3.410986267542812
27.22536727067278,11.706405646878885,10,5,4.374841671277812,clear,bike,4,86.25043401744833,1.4703678278204442,2.8703548477441108
31.699621246472084,4.6555355453076555,11,0,3.7845517718006247,clear,bike,5,82.88413479892793,3.33474591092789,3.251103729897046
36.21416554491275,34.20630319956655,20,6,3.806085971631763,rain,van,9,88.84093993395318,1.5474640070639305,4.160332517608927
9.158845368331692,47.78917345878816,19,3,8.662063118369867,clear,van,6,55.79078933923281,7.29066088794311,2.527589948576342
7.893284334916686,57.527044050409344,17,0,4.939554663437967,clear,van,5,49.67807763718094,5.118940482582043,3.031329102147093
13.330944440060449,15.966718219439024,14,2,3.16080209682035,clear,van,4,42.12263624655279,1.4731335185795835,1.7444370995318639
12.531046006495318,14.481357209886415,15,1,3.247235366051493,rain,bike,7,100.0,4.4865682721635345,2.7312429181846256
16.198858694860174,26.641702353097273,20,0,6.080795801282516,clear,van,6,83.59199423602593,3.5795732615888634,2.495601335399948
45.04979860972557,19.58573059119827,16,0,4.563214557571346,rain,van,6,88.67438224948923,3.2659245805366557,3.6871660337685803
23.68534908547254,34.694466149919585,15,4,3.1619032137768253,clear,van,8,48.49367746987016,4.136673993181994,3.099278739625183
31.72533852049033,26.8522380994345,7,6,2.924106839339075,clear,van,8,79.53235548555021,11.90123257718488,3.5140434214217966
10.181346504432968,10.886657717729289,21,4,4.5255481678058604,storm,van,5,44.17532601734182,12.031275851584747,1.8439455972332959
18.74048651269972,58.79921038933722,18,4,8.357873689244252,clear,van,2,76.82684171516598,4.549403311196359,2.3201220068340698
43.37165553165957,34.844315744697006,11,0,3.300834432738492,clear,van,9,70.3070524219014,3.724288468103875,3.5784585869300636
43.63946783860627,47.0224528745185,10,1,6.280729254803251,storm,van,8,65.52572435390385,1.351678435057167,5.336988427659197
15.185498667673354,11.055342576616496,21,0,2.185968239320208,clear,van,6,61.868814238176526,4.663959458677035,1.9315774515300286
30.855959523055272,34.130929831553885,21,6,1.8859427331343654,clear,van,1,87.63678412828037,12.223007544130185,1.925590129473673
157.4453293526312,41.00372180573862,12,5,2.6000356292536733,storm,van,5,62.15593780388195,5.4243366081624425,7.541057835475085
26.733612173910416,26.07804582522655,9,6,5.265740906114839,clear,van,5,90.30046353930108,3.4106050316607983,2.85831897131181
15.571626484176468,8.950180820536167,18,6,5.535591083149702,storm,bike,8,69.28963354057981,2.0466287732845396,3.896765266960605
23.593944461927475,24.287587163997145,16,1,4.244701259817965,rain,van,6,75.60495538916238,4.238478542377062,2.606747175591357
29.18753358293354,38.32138278028415,20,3,5.923128343257418,clear,van,5,78.25415735673964,11.369226125865863,2.6774173599322153
24.024287443270733,49.244332894984126,14,4,1.4920649641874237,clear,van,5,76.89502768732187,3.5690887706465206,3.3660632737327694
26.441010674443397,5.755728887018841,14,5,1.0,clear,bike,5,73.42687738620309,8.273029502582519,2.648156620276113
8.544113467061528,25.69285332469414,8,4,4.42916128296735,clear,van,7,100.0,3.8001378473403378,2.7072169171708627
12.552195869218583,7.128996508080171,15,3,3.4987504913204512,clear,bike,5,86.93191638725202,0.8979756011732373,1.9499376177636532
24.05954526539554,38.67475364260719,11,0,3.718580950613451,rain,van,2,31.649807935217822,1.1937844887024633,1.8426975671860133
23.754823960499184,45.91989021988493,9,6,6.375643742738134,storm,van,4,66.87671315782818,6.300986666765123,3.0182966222204417
17.23683355929297,10.180917479830123,18,4,7.426806894748198,storm,bike,5,92.29093000785517,4.477218017204989,3.05611436054064
23.53265735528471,8.547712077777431,11,5,3.529240436078945,storm,bike,2,57.80333839254301,7.737389581536102,2.306565813898435
28.468889208859157,13.912466523168186,9,1,6.899681811500125,clear,bike,9,70.06969199310933,3.9925800587936995,4.34504886228196
55.23135211911005,20.155456427574343,21,0,4.322585699405296,clear,van,4,71.19005878116737,8.1181169864481,2.5838213700002974
25.043908187263863,12.412132252407902,21,6,3.5040521015431922,clear,bike,4,93.88115086030726,6.019798916309844,2.7208870414350907
37.31079012244274,41.10986909967136,13,5,1.402764095620587,clear,van,3,54.29931173546636,1.5733308068825123,2.3157643163432216
17.579259310358726,49.41860598517834,10,5,3.8193214240416986,storm,van,8,56.450948207509526,3.5087755217331584,3.716132880253444
42.848754532930165,24.89996308129605,8,3,6.616592656013165,rain,van,3,77.58278405174951,2.738214757232753,3.0113299736781216
36.61962277359266,12.766841979390648,16,6,4.704534744684463,rain,bike,4,75.17053664758699,1.9781552745473154,3.9683500390420328
54.198520040331324,19.592165937372457,15,1,4.235088911091786,clear,van,2,77.83096297177204,3.814049404194815,2.8966383752323495
47.97923772591843,24.89509092008509,15,5,1.8835573376356707,clear,van,7,74.83392929888149,8.059022271241652,3.1750956420683276
43.42296715735166,18.931620008927663,18,3,7.18639042005411,clear,van,4,68.22248753529179,2.910909789326953,2.6953043497270417
25.05982767815516,21.525516089863014,13,1,1.7557359180889502,clear,van,7,78.40453363985071,1.8417214943987652,3.097039029594791
32.981651168678056,46.76099756916962,16,5,3.2890273892157853,clear,van,8,73.08033915183393,7.196114744649123,4.212948321592851
63.48522126081309,12.079608090822907,16,2,4.245152867362479,rain,van,5,66.2635607426826,4.4937069403531025,4.0197612732373775
16.092291113192626,80.27741133543965,18,1,6.974584259824804,clear,truck,6,69.04894584613402,1.006867214853629,3.418753160479923
16.399876052751,25.45231480434688,17,4,5.056104319090709,rain,van,8,61.90549315608412,5.668576713586517,3.105690888376116
31.347832262619615,18.146679195725483,6,5,2.18129497831427,rain,van,6,59.38106215068558,5.757754526477002,2.540191468785055
37.79677389205859,11.82791934884541,15,2,1.0,clear,bike,5,78.36366235568197,4.00072937054618,3.5155680666363187
14.023223834728775,12.71567710370906,21,6,3.349097197601767,clear,bike,4,50.39735715753204,1.4718234749674692,2.012618055719168
25.53857231980807,23.168779188824928,14,4,1.5271531157089564,rain,van,6,80.33326574119619,2.64786129211346,2.648361230911266
25.148568605126254,25.320362931378543,14,0,2.907074823728082,storm,van,6,66.04259918413993,3.2374029217725298,2.876046705093593
4.607916983589511,17.64249125193961,15,2,3.7458244847966835,clear,van,2,68.45250086721079,4.027243719332096,1.0454932281580434
22.74453299469735,7.074242425179952,14,6,2.683357570148594,clear,bike,5,67.34113245906099,1.815173894384745,2.3786453244592933
23.90638872106589,23.171903159016114,12,1,2.4083603799781517,clear,truck,7,77.54851357666588,6.606144079159863,3.3844318121425805
23.84955707162549,12.9154209150116,21,6,2.521507443483686,clear,truck,3,92.20250935161752,12.405492468079377,2.1160383068870456
84.1609822095219,4.3136045619976,7,3,3.4038876072585693,clear,van,4,97.05323571542652,2.122500205748914,4.073917733217272
10.250857505854029,35.64808947240701,19,4,8.003015497942684,clear,van,4,85.71427577997716,2.6346274558478915,2.2437648942604724
14.017435435832716,5.044849974770985,8,4,4.6869956795212495,clear,bike,3,71.17793716536964,2.481129783064501,1.7442568421994338
3.354300860395629,17.046113074022642,9,3,8.114844956058977,clear,van,2,81.99095472457304,15.0,1.063412856998031
18.45373274934156,21.080401985592214,15,3,2.6432125576747003,clear,van,9,39.67072341427139,4.947798583383032,2.340114445250357
19.756551477092266,53.978287596505574,16,3,4.68726057661787,clear,truck,4,79.11833080400548,8.268528802550009,2.9990139641466724
18.029661430743044,4.563235488949427,20,4,4.814748776167326,rain,bike,2,75.8451399787769,5.340525310464535,1.9280579414057901
65.76855730310778,38.37135117948083,10,5,4.062233013738593,clear,van,4,46.82936082709932,1.5870609893468879,3.4703086486814874
53.97354493288638,42.60507215121815,6,3,1.152133099860336,clear,truck,6,61.28345310448172,2.0317581691786084,4.213287636716396
28.855060343108196,65.09569353900773,10,3,6.820724887972513,clear,van,4,74.16407263129224,2.4708135763831263,2.6638568692144
20.15615210479965,48.24333528763652,14,5,1.6981971700502312,clear,van,6,75.72518709390836,2.6886845322664157,2.623516951509111
61.6178582071748,21.61578863670659,11,5,3.7023084368252333,clear,van,6,84.35792483398797,6.676666745206316,3.3167762705538477
26.68745786427307,39.56455193431567,10,4,6.054504238795651,rain,van,7,95.04553882739708,15.0,3.2513741808811334
14.088853725860316,55.746718419456435,20,3,6.614669710286687,clear,van,1,67.76215388523549,3.6134212249569204,1.468669589728888
6.868879950029109,3.384046949110838,14,4,2.012997714110987,clear,van,4,52.93040649898073,4.542838364796297,1.2919703825917246
19.04773896226117,7.013944270065343,16,3,4.124285167084397,clear,bike,4,82.32900303984128,4.073603495741299,2.2738346342200297
49.586315264527116,27.260573838633405,17,3,6.166507061279638,rain,van,3,89.3178340971866,1.3302834468510054,3.4374001223358484
167.54147819666267,42.27153120401298,12,1,3.010023208952444,clear,van,4,89.01297497163145,9.58333772628924,5.857658338999476
28.482454808603254,34.749947287304565,17,3,6.5855877333014545,clear,van,3,77.06130991243397,6.1149214174765785,2.583118996154792
14.698061111428478,29.065737123370166,21,3,6.536177823523893,clear,van,4,99.99761828706113,3.7705642623371447,2.5289614316160365
10.506854286424968,64.48631473790215,17,0,7.585174698230718,rain,van,3,65.89130698477169,13.413317508169147,2.112250869497023
42.16387943860373,17.61520230191358,10,6,3.3800116056335634,rain,van,7,93.99000469873434,1.04831128810478,3.197351988904618
6.6081726155972955,12.468011743677193,18,4,7.658442644088843,clear,bike,7,52.59642740801067,6.937572565927371,2.4221206076544655
42.10961422995465,15.02195513842876,9,0,6.675288692275352,clear,van,6,36.00795775728493,3.9611574383546015,3.262676338486573
52.15235220388504,27.679275564916548,7,1,5.079665845399864,rain,van,7,52.34713320873148,3.107849405720387,3.6609641124490104
38.43711628110445,21.001299151628825,13,3,1.9465635062762394,clear,van,5,61.381881340402266,2.940811121754589,3.044907550980574
22.74330149928295,43.91661876177346,14,6,2.1977920639075794,clear,van,3,70.01044166521042,3.653164613801105,2.080603022270225
42.60418648904546,13.06663923252991,13,3,1.0,rain,truck,4,56.010340799749606,3.376587401278948,3.025220325940818
31.08578674585782,30.320492766080534,10,5,3.59213798523065,clear,van,3,71.91657701770472,5.597593416360328,2.3931163519521665
14.548689582621698,39.66073051028508,10,0,7.677607836213559,clear,van,7,79.70220979355129,4.86706547407232,3.3562140018701982
119.14364403596335,55.721988222977046,20,3,6.280085185723396,clear,truck,4,75.29006526782547,9.133285577990872,6.2638508775397
20.463780043368555,8.271704247348314,10,5,4.004250615570058,clear,bike,3,67.93356223958493,3.3583907575119483,2.284540965191406
50.43078692954104,14.784661419834698,18,5,6.412638318122548,clear,van,2,88.039355525152,11.152823660389217,2.4170256506520675
3.916148220174931,19.83742609416002,10,1,5.161326130169579,clear,van,7,57.99337502285603,10.468000475444608,1.9437929539138787
75.27715529388647,6.116803331984818,7,4,3.828862627235318,clear,van,7,66.38201608869208,2.925606423731327,3.842223712712198
87.79556578022769,28.898522632635892,7,0,2.893467109356652,clear,truck,3,61.75031257322849,11.507529137742393,3.851149823638523
27.767521037836985,28.576536689624206,9,0,6.369028390253005,clear,van,5,79.79164648431356,2.3260611330590804,2.9334607106576454
42.394423306189,26.819280174160575,19,6,5.885272209551149,clear,van,4,63.6177455061527,6.979522633259052,2.523459020115681
42.385746797459475,18.911442351875756,13,5,2.6558889525551392,clear,van,4,76.00243873634143,5.4286608341082365,2.637637206541792
16.212347516396846,51.651377257609724,17,1,6.6111298024735605,clear,van,5,82.24498574455318,2.753632907631068,2.82955208331066
42.001185511591444,15.094657109183592,21,6,3.9404418818080895,clear,van,7,62.39693868623868,5.417419421640297,3.2664488148289483
14.197922116868256,48.468892315558215,6,6,2.1207214120171676,clear,van,7,46.02491725228998,2.7244394754580834,2.867117189127026
16.659730515767954,14.819791419401891,7,0,4.713840739447533,clear,bike,7,66.62161183288211,4.8948666626181865,2.7457025101320247
66.79007653018279,8.062172085246988,20,0,5.541074251682206,storm,van,7,58.06568643253856,4.437626733329997,5.018261922796133
59.129275231914384,21.755557690859426,15,1,2.3215518271272297,clear,van,6,60.36410751013465,3.0299136988732984,3.492984475693518
15.408196349271654,24.930830610239887,15,5,2.6522461236555572,rain,van,3,32.93250701541649,11.421173675182564,1.5662342093372312
15.076525404653609,30.67068043186717,11,4,3.8332626805735646,clear,van,9,45.693848143688705,11.913715950892133,3.733236174815778
16.17590384619074,2.277786833058506,19,3,7.761850272707299,rain,bike,5,81.99968092396983,3.482676256782929,2.3742844609907605
48.72107330225323,17.348152710813128,16,2,4.1558134163318465,clear,van,3,55.93868087275074,9.851688998153863,2.5270820885326484
12.182642287754774,76.49608505205396,10,3,7.006533624580773,rain,truck,10,87.33902449051409,2.5931359861709185,5.534179584751981
36.06670394102655,13.933281407261674,16,4,5.331563984806621,storm,bike,4,59.265665903432875,1.0186339855207858,4.431712802937228
49.277985932183874,42.68010511296254,6,0,2.1757438079344413,clear,van,6,77.29457636826112,3.8312637901945337,3.6683456671745645
25.264585683209127,128.0422823211127,9,4,5.592109886975164,storm,truck,4,66.2019362996449,3.638467097002038,5.2297562403693165
60.82804551236177,85.81514770586053,9,1,6.430807843777637,clear,truck,5,79.74454498548445,1.689818994207728,5.799232874998331
21.254143495965558,9.246087365264083,18,5,5.5007735038901515,rain,bike,5,66.19800318327489,2.620452418914881,2.824352384748518
22.849186597085254,40.23635313986554,17,1,6.905291668966292,clear,van,6,73.19888488011668,10.14103082249965,2.9277818712741257
12.406282717893117,41.992315425971576,7,0,4.79195944217143,clear,van,4,88.46248140090418,4.6621060959334155,2.177504264440386
61.175199967174265,35.856243450253324,20,3,5.415030320726416,rain,van,4,77.06588221027731,10.483815940663922,4.152126615686713
14.684369700525437,7.888358172640638,19,3,7.169323144553684,clear,bike,4,59.67689219681215,5.62153347963867,2.294396536728095
35.8669928795175,26.66236536961658,12,3,1.5023090152065774,clear,van,5,41.90242147083414,6.7241318695886925,2.564550990672145
25.609084358677997,26.527682140933095,9,6,5.707507110408407,clear,van,9,68.36583217480653,5.73835420811186,3.2417619006104714
11.678780345935737,6.868440844923144,12,4,2.649584743076734,clear,bike,5,76.45452182257922,5.228985764588431,1.9793227294419804
16.655116806849488,18.138690959574117,15,2,3.539014037063709,rain,van,6,72.30967007797909,3.5080815792071056,2.2923890949642076
81.96544788701307,27.542128548372066,16,5,3.8274023465783644,rain,van,6,56.83242880395852,6.187427822399295,4.526759563743656
31.85919489604691,21.268067272869935,11,3,4.544742969440251,rain,van,6,72.27498975840076,6.415405792250469,2.60194510509084
12.093640390927785,37.71679466632244,7,1,2.8219598289232737,rain,van,9,79.8975108971442,7.578017424831943,3.1119086426225815
34.614152488025795,17.778136214370477,15,0,2.406655753838761,clear,van,8,90.9031577490324,8.537988046378413,2.914544661763318
24.121625811904515,24.67339956660858,17,0,6.999010840121596,storm,van,4,66.61053913274507,10.85800225982113,2.4369609966021546
400.0,44.5774972238904,10,1,5.572912398161475,clear,van,2,100.0,5.356323974003999,15.918020141083252
34.05916206071333,70.57051876795207,16,5,2.1276446113555845,clear,truck,8,91.7988059778189,5.845750949271934,4.925860292623118
19.995357514758474,7.725639870001562,15,3,3.5541082470098924,rain,bike,7,72.52416815571503,5.067951367611389,3.1533112306109383
84.4384050489765,36.71971824183462,14,3,1.821139206426283,rain,van,6,73.92439042636843,10.602941708387798,4.337144150886864
6.216276326613686,15.561631092000395,6,2,3.526786011286942,rain,van,3,90.83388641358493,5.4888295802138245,1.466820039548004
29.23761675125965,30.953390347207755,10,1,5.989041516259341,clear,van,5,55.55125746598078,5.456951963225679,2.6371378024118197
133.69255467317262,7.174909013568549,11,5,3.0234889197553825,clear,van,5,57.96511440424055,6.033391677285602,4.721227368502223
24.705862718961882,52.3972010106631,19,0,8.863479664296257,clear,van,6,50.68067201417064,6.012202791571463,3.055870327794698
6.775811676786816,11.750378176452113,19,4,6.730802456087827,rain,bike,6,66.17282080700672,5.086189319779975,2.092158992298781
19.752214832386866,45.134617598731374,19,6,7.365718504822922,clear,van,3,57.09974056909526,3.03386440004417,2.588155719739442
86.8006780062083,8.1320614359775,13,6,1.2478447046490317,clear,van,5,64.6756839032692,2.99016702369066,3.7120261241894115
36.629564115333146,5.79080231930849,11,2,4.186476480848113,clear,bike,6,69.47976671126574,1.6948731092175027,3.5590431863577097
13.858726582689805,19.277154403004545,13,5,1.8967856574262343,clear,van,6,49.323204206789825,3.900333174632967,2.3297535294469776
15.670904152001878,26.853319883633493,18,1,7.431231167580651,clear,van,3,90.49344404238921,1.6251924373375757,2.160073873003546
17.326546117407645,90.94018185133771,15,1,2.2980264310510146,clear,truck,7,87.87834640283194,0.8453484068146252,4.394170578786476
36.196350804438964,26.375277356829997,15,2,2.6118588319404554,clear,van,4,63.10111767490193,8.148414090790263,2.3808983436613746
79.0876638598147,9.223746772328116,12,0,1.8738677379764221,clear,van,5,92.2278251845248,3.018238944346151,3.5568487864931826
62.92467714636818,40.18994790367161,17,1,7.809461510685457,rain,van,3,75.82705611420921,0.5135394176378233,4.001843456562847
39.048706271563894,58.366602780570176,19,5,5.833436784568274,clear,van,5,86.48717201819805,8.708977806567729,3.4400421440366324
9.343530624061364,11.1812461812357,16,5,4.356855114474772,rain,bike,3,49.6520229046367,2.1914695183574526,1.5905109664917476
9.371320256244513,44.00361523921575,12,2,3.5072562518717127,clear,van,3,64.95469972475081,3.79729625786231,1.8715426831755402
41.53770699393651,53.4728143572419,19,2,8.063270742563054,clear,van,5,79.42327175716733,7.994226773054281,4.691064609121119
9.240750651130382,40.86939622984969,21,2,4.178485089064994,clear,van,6,67.54108758711313,6.292228965557335,2.3316757754338315
22.63610919326786,13.338048852892708,18,0,7.927952504094952,clear,bike,7,67.36190554221918,1.4013641270121469,3.1607271669593406
34.58155187089266,27.065083221652475,20,1,6.697625480960132,clear,van,7,68.33993335710814,1.7733954993045589,3.685848694479315
10.912673319639172,30.925060360142506,10,6,4.883393402822512,clear,van,4,75.60188371291788,4.432011466102509,2.018590502752204
11.948313425947179,51.358089184150195,12,4,1.4321186924957536,clear,van,2,71.67196803638016,1.990534840422939,1.8305547237453983
25.146108383887977,14.109063428922122,9,4,5.545356311487664,rain,bike,1,93.37127954503146,5.546616867781171,2.583858505178847
40.5655924225718,44.76457159687094,11,1,5.2637711716447235,clear,van,7,55.158663505584045,4.758798089418998,3.3615065000277395
63.384225182712626,20.69175324684715,17,5,2.8841432744892503,clear,van,6,71.41780831976058,11.68240528789455,3.537657900192028
44.063983487909056,17.34946410988691,16,1,4.443669761565005,rain,van,11,80.55878062072945,4.684620984946343,4.374867659346662
28.7582670649437,24.003412596798082,6,6,1.9533587215136181,clear,van,2,51.344932965254586,2.8840574071198484,1.7775556856242212
14.925097578113716,1.7723301419386188,18,3,7.9015679431139265,clear,bike,4,64.84452811462009,2.3840439021718303,2.1498748798262755
11.510669678078669,2.686211871390138,9,2,6.088031971500519,clear,bike,7,72.6079043400191,2.8101131608823158,3.0557276113482668
18.01668601512805,3.7270626457249394,8,5,5.083491797990661,clear,bike,4,92.54337243503456,8.824926704732357,2.073033916332381
37.63552687479365,31.918672611995856,14,2,2.447764349777867,clear,truck,9,72.04585623150633,4.5391046693089825,4.391011018243789
35.49170351273955,18.967690844255472,9,1,9.208814762311553,storm,van,5,81.36988764772667,3.776025392014677,3.7404563849213206
5.053486552084973,13.373572993807612,21,4,4.391012353531895,clear,van,4,82.3518846791739,5.270827693562304,1.6340582214172736
14.46104348072545,22.40451644427459,8,5,5.8815378931058735,clear,van,2,30.0,1.561066703172983,1.2720614495999887
71.06578812189672,45.48390908600256,8,4,4.804738719195768,rain,van,3,71.20572675857166,5.421843727764371,4.204165568441227
28.886432991800586,21.611865337195606,18,3,8.589003280866951,clear,van,3,63.46452923328863,3.8940916041174396,2.0762970882521996
8.726748677681973,8.991432660261967,10,2,6.184791935297067,storm,bike,3,92.54740448470217,3.6085712114079,1.665928298730135
178.51219983138887,100.58680837123848,17,2,6.4556839435495,rain,truck,4,80.47992470489092,10.562639678766672,10.547658737132387
26.492101028108998,23.282657304360754,16,6,3.656552145699122,clear,truck,5,83.12112010784014,3.6428870392633823,2.9326187965594137
36.87254246605343,53.79344962748205,9,2,8.36507590153546,clear,van,9,77.79444013404208,4.092368998930966,4.054130999570362
37.32337495753638,41.13583931305951,15,6,2.5302568390681115,clear,van,3,71.57174482512518,2.692053808710095,2.4424353466752864
20.20486924460236,16.430483783815532,14,1,1.6556535630891918,clear,truck,6,82.53344722933605,6.711292263332737,2.815055325865545
15.149098943997227,69.88927686023132,7,1,3.5628110293347075,clear,van,2,69.68005863996297,15.0,2.3865900632267447
148.01890292177927,14.31978446356171,18,2,8.426629021522412,clear,van,6,89.26414127293586,1.9018454434229422,6.727002562986635
60.49524069198124,31.515810346263972,19,0,8.130891317973667,clear,van,4,53.96472411129018,4.128749030526811,3.7399664784504374
52.32895029704111,28.537210579211198,21,6,2.2052437234327997,clear,van,5,85.56794005303243,2.533459277116385,2.81029042207923
42.992743832584296,30.538300925620366,7,2,4.4672749198393085,storm,van,5,64.55868584172936,8.259482505372954,3.4840317063308883
12.150205554516527,62.1595421265985,8,0,5.137813374108851,clear,van,3,80.1918421928476,8.419946285423832,2.5223948916788923
75.3409757443264,23.7496500683132,19,4,8.123533367208838,clear,van,5,46.42398697204324,3.09922812517923,4.189325767771172
13.811393584508863,27.26223965851242,10,6,4.1585754035304,clear,van,5,74.04544821413016,5.26324843190755,2.3000260632273895
34.00914430220798,28.273729475684625,16,6,3.2045119231913035,clear,van,5,67.73318827979374,4.311837884268302,2.348148774108339
7.304481585655647,88.42040318779937,11,0,3.620733826363737,clear,truck,7,69.31989140333906,3.337115743267442,3.774016989945644
5.297912735411583,51.05014567356447,9,5,6.815134678178507,clear,van,3,43.48692342587533,7.305378864594254,1.8927908052627684
34.97498046894932,5.500861163937058,15,2,3.229194783360583,clear,bike,4,70.49325846512374,2.9779053013915333,3.21812395530847
14.192598356939328,14.780458862126906,9,5,6.6088946934360635,clear,bike,3,71.94531640413786,5.6446482896581065,2.331815580600679
5.521590445434825,25.022692210245594,8,4,8.319857310324508,clear,van,4,43.27588883932294,2.193406070387353,1.7577617396918888
41.78291827737183,61.296702815476515,14,5,1.863805235494199,clear,van,3,52.739551972044445,14.661531362131592,3.0861019015043083
147.8302442046637,65.3414034853614,9,5,6.801596440631178,clear,truck,3,72.36534765455168,4.347360435963192,7.672538656828214
82.40517240610068,22.693436952485488,9,6,5.040439759115962,rain,van,3,76.10358006305424,3.097108820361657,4.2055185844023235
22.06837728607886,14.374976257462336,18,1,8.77682951437415,clear,bike,3,69.2407639767436,3.2482127722148877,2.392614528212566
27.305175018878575,20.29999301498419,14,5,1.1803538840068635,clear,van,4,70.67393225783323,4.0308690147564645,2.312769031048549
55.1559708471735,25.713595384558097,14,0,2.2682190972061123,storm,van,5,70.40349599310564,3.9678656614146046,3.7606584622709605
66.5332894651714,19.218280286145117,8,6,5.2324519331114345,clear,van,5,61.82725423705991,1.4499738967088764,3.90333440242406
20.59753533981674,54.71757189705245,8,4,6.559072243600024,clear,van,8,67.32644866505422,8.434840867728557,2.956947641786768
27.864185004086856,17.763694729618717,12,1,1.6674765713097912,clear,van,5,48.97632281633659,3.078804218381601,1.8708077227145303
34.483875756577085,11.31517566303745,12,2,1.9919003459244262,clear,bike,1,61.23011362465701,12.709940678386896,2.4646489125556372
42.228741027483515,19.959760445468394,13,6,2.2484895641024867,clear,van,6,69.363673849569,5.397932262596945,3.901703281862772
24.374532723713937,29.617460232277743,8,4,5.709514008983723,clear,van,6,88.5390663788039,2.9115125325708373,2.983666638329163
24.629177170088,55.41042840878725,20,1,5.122010860067696,storm,truck,5,68.17527839460412,6.505880145614876,4.496985715256652
81.76635605263009,10.541383696274554,11,5,3.1884830864703333,clear,van,5,100.0,4.401259702408585,3.5685589286000075
71.35137121972097,29.755242665206275,19,5,6.123164356219034,clear,van,3,98.94943070274523,12.89868922195972,3.142481860188316
39.722924277036505,30.4220512009833,12,0,2.8270498700577837,storm,van,9,71.04552466235488,5.333550566421431,4.850599412888123
107.26337471692999,34.63660488168178,13,1,2.622554933115052,clear,van,3,63.79355148553245,8.30696170284438,4.068321770946565
19.902460956075462,17.75062033040989,7,5,3.6169702558681744,storm,truck,9,100.0,6.516904767264306,4.192850700873755
99.32315825374782,34.21740309372819,16,2,3.6725831630566486,storm,van,2,81.19000020643398,2.290136515395104,6.244999626251524
41.846675479875394,40.407249908874526,6,0,2.34801364141518,storm,van,5,76.5793520399937,12.47094408665329,3.393715719514609
371.22965889910387,17.596861328373368,17,4,6.982123950957295,clear,van,3,59.177594550160286,1.6166782151775423,12.743746424144021
10.443862220915452,27.23489163014397,20,6,4.557363840091002,clear,van,8,63.58738932611217,4.098429323707001,2.4583086023405567
15.619557238859167,20.925088048238017,11,3,3.740506945668056,rain,van,3,54.99264740320011,5.554747804784916,1.7023292326798092
37.903303146824285,12.670224181666647,20,6,3.7884964695204966,clear,bike,8,92.31991971602109,0.8054327524109255,4.719475189251457
37.25504017497552,7.353637559471427,17,0,6.216948620246044,clear,bike,5,77.52313410045821,2.8425040795070453,3.7018546087578588
129.03854876277646,14.31389932293193,6,4,2.952892788193883,clear,van,2,65.34557007306336,5.099322784866028,4.286793569190664
15.883808441566373,15.181821769585072,9,4,5.419610789730195,clear,van,5,62.9158246789045,5.272841617998488,1.9281000524913186
55.920711140814376,7.241843614778412,16,6,2.5734970056563293,rain,van,2,55.13075849737226,13.873924089747122,2.2067020054158055
68.71519843125688,32.6219862948296,17,3,5.1025108079323305,storm,truck,7,68.95245410722814,9.027174046706236,7.176726275594012
47.64216868358815,42.42580483406307,7,5,3.8751309582284854,clear,van,3,72.56057852350472,3.241825357179882,2.976815313903992
12.56861616767863,20.489243647324322,16,1,2.75724061990615,clear,van,7,35.86745222894947,0.801769343683858,2.2399375887294535
83.61367173362049,22.89766470429573,18,0,7.709979348740499,clear,van,4,55.5371139947426,1.3136667077503987,5.094404730972166
72.49082086252722,16.020844835116108,7,5,3.818738892557931,clear,van,4,59.85157464713245,4.340965616488269,3.3277513010439685
43.80148039712311,21.91861052495829,20,0,6.39014698645228,clear,van,9,86.28225410716618,6.973660309105645,3.9259213097367693
31.92783340079253,34.39936010065664,14,6,1.4743940311990853,rain,van,3,61.69336041982798,2.662589967691778,2.3312285014184306
32.48850739022405,29.796978870602523,15,0,3.184891292533103,clear,van,4,43.08452855828164,13.579426251072382,2.0515189631912625
25.45752472293111,21.81986388750929,6,4,3.5062550567836843,rain,van,4,53.485755538503824,4.509492561011801,2.172573118275551
45.269255131476775,15.175290573809496,15,3,2.8216272946692156,clear,van,5,95.86669502222006,3.802628752218867,2.907217202196033
27.79643798235144,39.9914165785477,13,4,1.0,clear,van,3,64.40833795355368,14.713240936267844,2.0881535815677195
13.751941576640782,16.472020089395613,11,4,4.974766826311832,rain,van,3,54.42307002970937,13.00314038033634,1.6919845426132731
11.718006597415483,7.809348377675552,18,3,8.093138750478895,clear,bike,6,44.89632795129934,8.519488317762924,2.1804933314756414
14.855512330504823,26.049267271475664,9,3,6.973544272480472,clear,van,8,70.36611134422738,3.507339746118513,3.0027806504891257
32.38533814665596,4.496215965325774,6,3,1.0923789377966497,clear,bike,4,71.94608769784254,13.835599857606889,2.4234948054057788
26.53422292254595,28.920622676217203,13,4,1.9605149938235733,clear,van,8,76.61660053487296,9.254299742192641,3.3693643419008805
32.209937876242904,30.482743850520528,17,4,5.53951121228166,clear,van,8,100.0,4.380066259737328,4.080080306359396
40.47362416776663,14.18700395871435,8,3,5.030663849182623,rain,bike,10,51.45619641964222,11.578311656284846,5.575077812148982
16.414141654399288,15.908780150558462,21,2,4.1778687717578435,clear,van,7,64.46165661589487,3.3326969965269377,2.519088629025033
87.57785197822102,43.99932249907349,16,0,3.8583481302654143,clear,van,5,74.38652438896914,1.633020320247404,4.679352742508124
21.885653664795544,82.87880091786651,20,5,4.615832691609467,clear,truck,4,63.43638885707365,3.627496552650223,3.600133854020273
19.168310337066142,23.86976650720963,13,1,2.7908629696340954,rain,truck,5,39.01535239755847,1.496350705758513,2.5729561874551434
39.88135772863193,14.429235616185078,7,3,4.260019172847343,clear,bike,7,77.66986306149298,4.583131978409963,4.531856628568175
6.238824842354681,30.680973405476365,8,6,4.406537949150205,rain,van,6,60.52971273540033,4.3866958365320565,1.901090264270646
14.404957817686672,21.169129463533555,14,5,1.3284559852704148,clear,van,6,54.04049348181768,2.9066307336609,2.15572768655341
59.43351179719042,29.217543808645605,15,2,2.543829726744845,rain,van,6,56.598174074809705,9.178411992630789,4.162486082820584
6.753510587683859,26.109273529396276,17,3,6.041937612246227,rain,van,2,93.26747851797364,5.445047428654431,1.255918054279105
66.29134578638843,26.595439975045352,18,2,8.240167173931324,rain,van,4,89.48544883386336,3.209864553455736,4.517586012382631
90.82269988418767,3.042663353494471,18,4,6.938878922729448,rain,van,9,53.63268112230743,3.8340209710454594,6.065223560925419
20.17482882765329,15.869292002566954,15,1,4.074467957117047,clear,van,9,44.02313274434903,7.35829316793554,2.8330098700679747
34.24190594277986,14.662851926302901,6,6,2.6091587260104623,clear,bike,4,83.47545550718154,8.914274134233949,2.738647680147256
66.37162746033788,14.492637429735304,14,6,1.0,clear,van,3,100.0,5.13330755404846,2.409328964961464
18.6634795587431,36.2501177065098,19,2,7.841206338940398,clear,van,2,100.0,2.48577135096415,1.997731780161321
54.28350559453512,8.497861178887232,19,1,8.605516266098201,clear,van,7,48.76068833624759,4.028721124218477,3.5812144980254437
15.848596759738797,3.061266011710394,19,3,8.083891677926204,clear,bike,3,90.36776538465763,6.831718330173237,1.753478391427949
18.50272771618287,14.22773071071034,6,4,2.34680364861091,clear,bike,7,69.91960414102728,10.260886776107618,3.07212699684305
14.303879991500597,11.899195435550542,12,4,2.6366444612947015,storm,van,3,41.0530639730008,3.539625598247841,1.4779808758562836
35.663143457738464,23.991668299612524,15,0,3.050372541649381,rain,van,6,57.10600814686117,2.2379397864507915,3.1779221550574728
68.46859972883455,11.825221189421569,9,4,7.615675968186402,clear,van,10,58.21338455109112,7.697554481694795,4.485114728907591
23.39938299559178,18.858287167025534,12,0,1.5534420065117014,clear,van,11,77.1322143778299,9.985482386512214,3.6619929680192316
9.806061080205426,16.798876509568082,7,2,3.5715467781626256,clear,van,4,49.49633400310087,4.899633524083894,1.64211351483202
11.402521808064119,53.52756523509405,9,5,6.910866794044182,clear,van,5,84.16021002906979,2.7206731867388263,2.9534207402883363
37.17660022302954,12.089871518969263,6,6,2.1676989117331003,clear,bike,4,77.13198510034097,3.5956610187410574,2.7831283465111505
118.54505872606556,34.74495746470057,21,4,5.509350025820482,clear,van,6,85.30117315499547,5.076734850042187,5.467353543016351
37.150602885781794,21.711798044758186,19,1,10.0,clear,van,6,60.097023678927144,3.0851290625666286,3.5776558117730763
19.895284810902716,44.66037891895889,12,4,2.2918900395642137,clear,van,5,75.94769362108849,1.8541340426893107,2.528108660584421
50.046229761347945,64.6139281570758,6,0,1.7188515032969027,clear,van,6,54.46182357147395,3.0516120608672708,3.729911274622604
22.38522384748555,21.453819251957427,11,1,3.8441560239713586,clear,van,10,80.15054555596504,3.5771646166009567,3.6136921020404826
20.032817947115806,4.64684332352493,12,0,3.564712059129647,clear,truck,8,66.44035035001771,3.5478465014932197,3.308027187156515
12.594153715459012,8.554291549246978,8,6,5.794066505064391,clear,van,7,67.9122977138793,0.6753495402348402,2.3407193205800847
83.659841831134,6.761866521789343,16,2,6.104703626789,rain,van,6,69.50914462707121,15.0,4.386975935450221
3.55599057075154,15.939275390238254,21,3,4.257583900864999,clear,truck,4,43.87932731528707,3.1308983573152376,1.7202855960944121
51.330615124501996,13.976149328319128,19,5,6.608786773560041,clear,van,7,87.84751085355522,2.100158927587542,3.37530373337479
18.708987993665662,27.052258752078455,19,6,5.648925840354414,storm,van,7,71.24297409777363,3.835530492279733,2.9710145628959954
19.52561932550272,42.320273168222556,19,6,4.212753601615958,clear,van,8,87.9079496834413,9.456698326533065,3.4608099044402607
104.98863696225128,4.142179783804844,7,1,4.0238393026331245,clear,van,6,86.80213553261216,9.184160202712329,4.279420124593918
15.312892585912408,22.974511769315487,14,2,1.3599477994460416,rain,van,7,57.80071252377574,8.209246905061546,2.629568270496538
15.735899222108628,12.38028029199652,15,2,3.422402345720303,rain,bike,3,65.95211771358339,11.96094480155449,1.9026492170802483
24.426890835285015,23.580356269394848,7,5,1.7393345121701618,clear,van,6,46.73785347524485,2.4829343049112826,2.6108661507111504
37.753489505312224,15.992587633100444,8,2,5.412220946980173,clear,van,4,88.38941755701603,1.902038554382972,2.4966374290403106
19.039492491803212,37.518888758545586,15,1,3.1218599460249337,rain,van,3,74.8692470873266,6.831356156662397,1.9368684202769704
7.697632819620749,9.116789188080194,17,5,5.289804130992125,clear,bike,5,73.01744087885989,3.4333749437298624,2.076247181595438
13.56430154505895,13.057179112070187,9,3,6.962053966506895,clear,bike,7,65.85901322017614,7.990191458962926,2.5492838140398018
75.57058235516709,20.327612804739367,13,5,3.2532056354306573,rain,van,6,55.453599167623395,8.919920259312608,3.8344135694389743
28.784050490065358,17.352337175369314,7,2,5.311132369399157,rain,van,6,89.24061088475045,5.5472703619495025,2.87972637441346
38.89516022067153,20.231526049359715,7,3,3.508099466299128,clear,van,5,100.0,4.233298219951026,2.4498360651055515
21.996053133953744,5.278247820208262,15,0,4.195244317341656,clear,bike,6,89.82323794001248,10.972025869380392,2.632092429440911
15.997010212518862,58.22117409066823,14,0,3.6927123614699533,clear,van,4,67.48930280146601,5.24772020321479,2.416883126768625
103.75740809638164,15.02036599353322,18,0,7.6738051271967755,rain,van,9,75.85247808408464,3.1976556553525266,6.480789087506898
23.323151978082652,9.682219968299895,20,1,6.276212165438525,rain,bike,5,86.04895304176573,4.318742296117316,3.0945505687791317
19.016444339140097,20.692767834004133,9,2,6.95942812198647,rain,van,4,71.41140644074594,4.942161632407215,2.0998032572784693
65.16443815641207,23.12303634811559,11,0,3.5405810820694144,clear,van,3,99.16906683586879,0.9693735736074721,3.226846665554031
15.212412598238663,75.45286950362448,19,1,7.336392807725987,storm,truck,5,88.72567715404801,12.61629463777904,4.503608872252584
16.847766986849887,47.027542841052096,6,5,3.1967991910256277,clear,van,1,100.0,2.713496101294886,2.2658679505749033
27.335804067203004,17.07133737656154,19,5,6.568242475638329,clear,truck,6,72.91347448567309,1.3179549721832715,3.6139656867925276
27.11849814136592,66.80419770226297,21,2,3.843676678668524,rain,van,1,33.77761534092452,5.1613587533394245,2.193407339489069
33.37106070097086,58.31026955895622,7,6,2.50365231071713,clear,van,1,71.07776902834752,5.709430920557935,2.1600785633709165
144.50805811745826,9.764997635794538,8,0,5.397198940663422,clear,van,7,64.30533270651617,2.8087479432100118,6.080660218302848
35.48104453382083,87.01076237274789,16,0,4.15603746103559,clear,truck,2,72.59113708592085,3.558745009083566,3.572021385102165
4.045304516185356,15.2392127845818,13,2,2.929697786203019,rain,van,2,96.74571866027321,5.158406526986794,1.2137008625887877
35.19975614021486,25.191750803281483,21,1,3.5989633807790344,clear,van,2,61.87234124118724,5.016566037797827,1.8836948963099671
27.946836127021378,52.42793569574266,14,0,3.0043132569470776,clear,van,5,57.52615562865913,7.828263138477071,2.9668015490416955
28.071645767288466,4.165360631536231,16,5,3.587262709587856,clear,bike,10,60.29743129255754,5.214926022472221,3.7823652231240783
33.008260473362554,20.243826825059568,9,6,5.714277845615779,rain,van,8,100.0,1.1705378380739508,3.942091614892058
26.497684978126827,28.128112010133325,11,1,4.877217511112042,storm,truck,4,63.088570319511085,4.216399679252083,3.207541407621712
25.995158926637462,45.84306438463086,8,2,6.678374233906034,clear,van,4,73.8917259777559,6.563155246510939,2.576600034512629
44.27567228324482,22.289936005245913,8,5,3.679335493586115,rain,van,4,97.69700719459358,3.0321244918757126,2.8553145716194344
17.572503201296414,4.225214082176189,7,6,2.377238251954742,clear,bike,1,79.9541436476251,4.09968342629712,1.6073534499831479
12.703161906449287,75.07798331891205,20,2,6.056276468216483,clear,truck,5,36.18237580527155,7.395468597832458,3.2572539742183473
304.60783491134794,22.9011386090412,7,4,4.3403397191768125,clear,van,7,62.75232388444076,5.049259749470476,11.846269635689703
15.291758833923527,28.92977113924952,14,0,3.374611726616469,clear,van,5,60.2077747053614,6.482896661346909,2.259622367426704
29.374129264577757,5.891235892646109,14,3,2.3350052231277316,clear,bike,6,43.858859668536574,5.540882105882494,3.1721171757494635
8.194570487572658,56.601899558672564,6,6,3.504298172088224,clear,van,6,62.85567031644129,3.934137243445514,2.6380194743883036
29.760283378338254,15.418835988537857,19,3,7.207586540288831,clear,van,6,30.0,15.0,2.5978004122675245
12.850973400044984,12.419405658803827,14,4,1.852888279014258,rain,van,7,74.87552707449663,2.3062579920706856,2.1735808085312978
19.03009447299359,48.325369502861385,8,4,5.759141255932634,clear,van,4,70.11164293863507,1.4012605115783643,2.368019433064299
62.55534798489548,6.592688506705313,8,4,5.349905239047785,rain,van,5,59.37781046414244,4.6730622617363125,3.531613990920595
39.55165957214987,29.23598429040289,17,4,7.167416581885465,rain,van,4,42.85837990741103,3.977144215320303,2.963023555516405
42.72258143432896,12.098676821108564,15,6,1.0,clear,bike,3,90.91740819113352,4.6882256240110465,3.021843886460215
6.573432386194354,31.767887935310036,12,0,2.2826627399037616,rain,van,9,61.47468925889486,8.39812087768659,3.087785674815745
117.86219887011424,37.91410128422722,12,6,3.066980132167327,clear,van,9,86.4636878642616,2.5855686193619416,7.182563765446514
10.44888162598212,14.977663082894662,6,6,1.8914863482529944,clear,bike,2,68.11316005545692,0.6684103344337378,1.3373164315428885
92.0975785546421,54.39212183985323,6,6,2.9996503093583526,rain,van,5,91.88988699630976,15.0,5.126162754548094
61.389271755977106,22.932567151442576,14,2,4.041098518434725,clear,van,5,78.7666484818884,4.03209875793557,3.3383247431910155
43.02865088336827,75.80800435243765,11,4,4.120888310223911,clear,truck,4,71.67245306924337,6.378305421530743,3.702718060449309
13.681056999752219,48.735986371211325,10,2,6.938920708127385,rain,van,3,57.40455128852889,4.175136783222172,2.646296656834114
30.60832025800698,24.90862150616486,12,5,4.083724326961544,rain,truck,5,89.48563048242545,3.538537842048828,3.4464070319696978
18.601884103647723,24.772776854634973,15,2,3.229389148880942,clear,van,7,66.9185614127218,4.2180146611243945,2.6065767080832
27.749883922319935,7.255985897426865,10,2,5.965322743020948,clear,bike,3,57.7763278359485,6.606148841759238,2.7825116149586235
22.20021986663242,48.28104925989249,11,4,4.778552846535355,rain,van,4,67.64106335650919,8.149476000782242,3.2024930371572653
5.3074505351096395,13.809407617135749,10,0,6.951146695629419,storm,bike,5,69.3075447527316,10.811557146960936,2.0468110952452485
66.51498900186547,26.93909603390354,16,2,4.256069403564611,clear,van,3,83.11202923041077,7.0898529495805205,3.9479405597514274
25.409275251792508,75.3621454248482,6,1,2.2896014895368317,rain,truck,2,41.768502298738014,4.081212668873913,2.8717811141531016
18.396486225960544,53.708696436007976,20,2,7.613805921793864,clear,van,2,100.0,14.66626458496544,2.5259481065155707
17.31785783210931,10.336718562304492,14,3,2.066459636260112,clear,bike,2,76.95025570965181,6.5415730195342965,1.558493172968043
36.11714419641407,23.029406261510186,9,0,7.954988380873555,rain,van,5,69.76157622056435,7.224435669279596,2.898190709558551
13.263221836833008,28.97984180261091,18,6,6.428635439706788,clear,van,3,76.65998086987813,10.901217458191425,1.8417704078709842
4.463171237766089,58.19954707155628,21,2,5.748600442444818,clear,van,3,47.027981516858546,4.61033996922615,2.1218936897741947
37.55114395401053,52.49698291512348,6,2,1.9974396782610913,clear,van,4,71.86048198452772,10.333320565649112,2.7803179081996987
41.070183599614765,34.52217564458771,9,1,6.319221042861665,clear,van,9,79.7552042872475,1.3827675615436985,4.543699956457842
23.1106728798995,32.227498364686234,8,6,5.486538929107365,clear,van,3,65.58133071376245,4.306766902880571,2.205717199747956
10.823045462485608,22.708872652705754,7,5,2.3401777233396484,clear,van,7,77.85379888761952,11.664899650611597,2.3799352594636805
29.111940972614335,28.3665421835132,17,3,6.3331957663187035,clear,van,12,81.89646333028132,9.080719876447649,4.510597357423273
8.401196240968865,18.817567738883135,9,2,8.23873275085565,clear,van,6,59.07319666744178,5.869842218879641,1.9983397829793408
11.91997450329828,40.43325644780295,12,3,1.2576521738637805,clear,van,8,88.73161277666742,2.0107864226604817,3.330663772835063
14.871425957493582,33.44233228703497,19,6,6.540052984004908,clear,van,3,69.09617509281806,1.0639622177236596,1.9358634159098722
53.25817195257328,47.09886580612479,15,1,3.8771128945719835,rain,van,5,98.59785723047783,4.473418326605773,4.252870691372139
20.285599288446196,46.19887474628985,16,4,4.266395506620737,clear,van,4,89.64137008468569,4.174812821025514,2.6365697979816303
18.94816078426446,13.754247513312798,7,6,2.50277490430884,clear,bike,3,76.09653789236418,8.059790802415069,2.0390848378280118
129.50947083533035,2.230766024593763,21,5,3.219536246579207,rain,truck,9,57.82271768070188,5.143582840019257,6.02355541986799
35.944281298237705,12.876068472690934,7,6,2.5736333394222455,rain,bike,6,68.32705256858665,8.802847281504237,3.5239633587097505
35.55908248326367,28.207270775102298,17,6,5.04724097707478,rain,van,4,85.11757277037589,5.684512446444374,2.6326717419596837
20.170868374847004,18.84055101859118,16,0,4.065757190381718,storm,van,5,61.60567052978063,2.3389034374686264,2.6061734491859867
16.825619009190113,18.2315922992806,12,1,2.274909467039877,clear,truck,7,76.50197410010115,6.2647460040182645,3.1183656218528544
4.715593806301341,12.219870211337136,19,1,8.145844867366916,rain,bike,4,78.19691088530375,4.866290788200493,1.478451222593006
58.850034829356524,31.142601507067052,20,3,7.503182164853908,clear,van,3,68.3130670353196,4.521756203190539,3.5723501718049544
38.808828701770054,4.363080166894596,7,2,4.317818163827467,clear,bike,3,57.67483825712367,5.026409759996905,3.0238007776236095
23.49217073504969,34.3280559998121,21,0,5.3619607726730285,clear,truck,1,93.96381436185547,5.843105362119342,2.0710980251730193
24.29373840976072,34.78017013824157,9,3,8.263065282712112,rain,van,6,77.12599979564527,4.670976337471825,3.2737927531837454
48.85786701338533,46.39172131139651,18,0,7.303614784576097,clear,van,5,65.47232268321008,1.5000514595956524,3.911945086205259
7.816461367051062,136.2124178598964,19,2,7.992813754590518,rain,truck,6,58.1473237818139,1.7684310014515978,5.4951533556305625
16.913209346435917,1.8903456359870736,14,2,1.9429930871189103,clear,bike,4,83.47779407238065,3.5276586686400693,2.1252566940122337
10.92395090846833,33.684783791294635,19,6,5.032610488177173,rain,van,8,68.95892288178355,9.817472768872433,2.9303345420531097
111.85545148410321,38.49979860524866,19,4,8.057535646372648,clear,van,6,84.661843986829,5.310840252820664,6.274435364569588
54.62679020348784,12.904014254887885,14,4,1.4412315079990372,clear,van,8,56.16767277558884,4.581745481064477,3.4522129155809194
4.654553031428383,19.899265611892254,8,5,5.190392428122464,clear,van,5,74.53912597500195,14.382343824124368,1.7413609478247576
8.076759165445019,15.595313975401925,12,1,1.4408154184976856,clear,van,3,62.803050676525,5.678439619452312,1.4294380292314954
24.38878660539597,35.23120842881563,20,1,6.376684066738883,rain,van,6,96.12234596395948,4.674255530824255,3.5936170156144924
18.579295774795533,49.89552629967606,9,5,4.343417888171856,clear,van,5,75.52338486296334,3.7652663091236165,2.7336185341625567
9.397974934231643,8.231579769437444,21,5,3.968714466151956,clear,van,4,55.063201255363836,3.3890169631342606,1.5580092558732181
128.4846947349429,31.429715125672075,8,0,5.688983200682621,clear,van,5,84.02445408748568,1.2448780416898244,5.691301673356162
34.814429135868224,57.01605961216138,16,1,3.89528715263511,clear,van,6,88.52066664779021,4.618655741321588,3.8212789163298564
39.64056879164984,13.725742489373374,16,1,5.188325519657869,clear,bike,7,64.94443573734524,1.9121308273839854,4.064379684661754
15.586233249241218,11.010249502565465,9,0,6.742749229916868,clear,bike,6,57.85315496940315,2.6535086781964106,2.757201970606684
48.318732298707204,9.91477971446355,13,4,2.2878439580157166,clear,bike,9,36.95636835896023,1.8482380744078253,4.966657685572636
19.998430414801152,11.540500168324392,8,0,5.844794293979066,rain,van,6,86.51179403503936,13.714129804407143,2.701676970159615
21.613658677714575,74.49529608342978,11,5,3.651178409550759,clear,truck,4,43.70495148267408,5.550354863591465,2.7823049494376977
44.20339375220614,86.03179020286892,21,4,5.121384254128095,clear,truck,4,69.27477974523379,10.202059501660393,5.037032249085138
7.365463258612607,62.013734909399,6,5,2.8098494986213916,clear,van,7,44.12201630719808,7.716176623668596,3.1772701582595206
97.28280848134948,18.52861949516246,19,3,7.399592095751887,clear,van,4,97.01507991255026,3.989833932240428,5.007281445198862
31.37186185146474,63.62057643232805,16,6,4.396934885815476,clear,van,4,90.01831892853431,2.965776644202278,3.1958484193271697
75.54702930439417,9.39905659656524,17,1,5.506811905830859,clear,van,6,74.50205036865606,3.9492376372575153,4.420435824891715
11.469188681770465,41.11667575736558,10,3,5.409787762229186,rain,van,5,85.71551051448091,2.410543909087021,2.941129710743639
12.954819755273384,14.757355645314416,21,0,4.184787727668339,clear,bike,9,68.01694807186753,0.7035103899080241,3.1416140754011055
10.70252636760178,8.293463062933101,10,5,5.640458996112304,storm,bike,6,57.62886785397147,1.359759026956673,2.9547813211320655
33.123338949617185,30.73454899178295,14,3,1.3468300668829243,rain,van,6,44.85326108863643,6.871945559231449,3.122504737583015
28.58227131520799,31.284216931026652,6,1,3.3898637316963627,clear,van,3,81.8799850235205,1.4920036723638395,2.5376147204752337
18.699009314352537,33.52774202122633,20,5,4.948114057871058,clear,van,5,54.85920806897979,2.650948814586085,2.5881183706144406
12.046144445298218,36.295185576590306,17,6,4.6449275781927195,rain,van,3,100.0,3.8066557144036923,2.0521809929982564
9.842630319298657,29.6281756006539,8,0,6.881932352632544,clear,van,6,53.3145747447129,1.940338006849357,2.132280852458829
26.08115126350547,21.402510585067812,16,5,2.7875606479804613,rain,van,2,85.18107696760364,6.455474724979385,1.779626978094335
18.681441096695867,24.532583293567754,8,5,6.631490730643304,clear,van,4,89.14002850541709,8.614934089095904,2.2783874760944975
15.666339128209831,41.519005676751064,13,2,2.0578484455233856,clear,van,3,49.90324398183412,1.5487545059195347,1.9113463655996998
93.47290319625405,28.82652164774678,14,4,2.402824565822642,rain,van,3,63.25510277559499,1.4425205459054848,3.6855791809826144
25.38451791922186,16.13494362090912,20,5,6.226235746588312,rain,van,6,66.5512074903238,3.0723554389605465,2.6416046970677907
74.89104673587806,12.71814538170303,11,3,4.197324335459556,clear,van,7,100.0,7.193126693347791,3.7560392673733767
17.697055217642518,24.37499884691202,6,4,3.627771519119341,clear,van,5,66.31968436179483,7.084297450157318,2.2575972513103197
32.97735213904836,56.838662374721736,12,0,1.1229911110354804,clear,van,5,52.92723043006541,1.3196859488774242,3.276206005200287
25.935668591951167,36.69210594073241,20,6,4.637834101588669,clear,van,9,77.3761703481099,5.898893674772227,3.6868731942029003
6.9720001724017155,58.891580364729826,18,6,6.5357286438825914,rain,truck,8,54.28725885984695,3.9380064813868447,3.4569388231998937
85.00164804024567,18.27945328798464,6,1,3.541811854484167,clear,truck,6,69.07683940860753,9.350575364873821,4.873946428700704
24.334062417004425,27.27195639245415,6,3,3.292433662994167,clear,van,9,63.17590295323121,2.262849207895915,3.080821350698369
49.261092747388645,30.340905666916367,18,1,8.31375271277696,clear,van,5,77.77018681615496,1.8841734669185028,3.6458524691360195
14.855601834531885,42.856013439864114,17,2,7.088739270210655,rain,van,5,61.581824503781434,7.392351338739158,2.742940984002429
23.762875139686628,18.301518494451347,14,1,2.6629669251641483,clear,van,6,59.55806162819691,1.3460755797241575,2.516432637864254
13.551782819442977,36.62284706699782,7,6,1.5299019471695898,clear,van,5,86.18563395648559,4.914845329228625,2.3680678069719487
72.87887279263389,54.67827736869092,10,4,7.15753589494254,rain,van,5,74.33593901736857,4.175682045986056,5.808878498024012
34.78295534857133,22.313914698879213,19,5,5.548209561883171,rain,van,5,70.42359972875205,3.1495593373108655,2.772085890203881
36.366310899627216,11.368164806763502,8,5,5.053849813534694,clear,bike,6,41.12565337674317,3.59123802380867,4.164085962178483
80.36247333702704,55.93350909433538,9,5,5.744808100523959,clear,truck,4,79.3274895578741,4.913423016034414,5.402938733770142
68.3794976350507,39.0088830937083,13,1,2.237023971613092,storm,van,4,62.94001801913093,0.8074404351204681,5.452664034327933
50.012552749495626,6.558692076054725,17,5,4.107081849553596,clear,van,5,74.17618116402697,2.2961835639633024,2.992495366654507
8.693869502330417,22.72002525648017,19,5,4.667386950050216,clear,van,5,42.33559096316745,1.0042081559996805,1.6580715573785207
15.540611657845917,77.4892807909305,15,0,2.1058134578354686,clear,truck,3,74.1582718407955,0.44804161089695244,2.9482906955908663
12.144659079293275,34.57394224013192,13,0,2.8601526261526837,rain,van,5,72.89666674603602,1.249112113465559,2.1082322892706165
48.52246831520088,24.34081009899872,12,5,1.0,rain,van,7,66.55690153822047,4.070471560975934,4.1718542938819105
31.07866445584624,10.129856516854886,6,2,1.972451640379036,clear,bike,4,56.709572645310615,6.491781186017006,2.558259346152375
8.913705651843241,10.104453934470563,10,2,6.338210615971244,clear,bike,4,87.49066336692844,8.584843779912006,2.012576778034764
23.31284810920806,41.03968638514377,9,2,6.17806562459359,rain,van,4,58.80191941850158,8.184653453977576,2.7832429610967377
8.204724373103991,10.94341268624037,6,6,1.7069025813102932,clear,bike,6,83.65298132255988,5.005254581200151,1.9553474047796269
25.983840083651096,30.499936838345764,17,2,6.305350209183107,rain,van,7,85.70736855202681,0.6913414145566196,2.9824348038255657
7.211680453955095,22.262994978221382,11,2,4.282694783899432,clear,van,3,57.51669928666157,1.2788184674045167,1.5769668991530785
41.39093910617198,29.19113137760066,14,2,1.4451704438950292,clear,van,7,81.2208163303591,6.354764686120595,3.2063972570043946
36.68507882372451,20.82384195179352,9,0,7.112759697752691,clear,van,6,63.55440097311333,2.063752228487779,3.162054448500081
124.75587087886399,33.45155988031507,15,0,3.2268003854035285,clear,van,7,79.57788259764891,8.366439883777545,5.644507515660271
53.426059449232596,46.194623448537975,8,2,4.98512684032856,clear,van,8,55.96156243814139,2.5432759008279504,3.4666443511655034
19.330199141039365,21.091936745123363,16,0,4.458996019508185,rain,van,2,68.27354299098135,6.046407513947508,1.6488920682208141
52.16731110152119,43.461869626128006,17,5,4.418647813265892,clear,van,4,71.15586807171412,5.914012264979781,3.6745835181271125
8.862854537096274,60.620584842826375,10,2,6.102905437480452,clear,van,9,69.55905425613062,9.768707543560142,3.0593292803658185
12.553781275569428,30.318898343721703,9,3,7.578468566893465,clear,van,2,75.71806654913335,4.283056947017734,1.7522140064659233
35.39299876784608,40.31918054346971,18,2,7.631919809936779,clear,van,5,57.86818102317546,4.294135218796953,3.1331163804081332
4.823019912832699,8.31660974014728,9,5,6.3307366243734435,clear,van,6,61.71461708499999,4.667412867123607,1.6678549424137177
26.31848047434573,21.433566308565215,8,2,6.636338446946484,clear,van,8,80.70762119639299,8.179260202754557,3.28112158366132
11.986600085352759,5.815320575482235,11,0,4.7828446688029,clear,van,6,63.814834302990164,2.1934164846005095,1.9989429796743554
29.401498549662506,15.84384701580522,21,3,4.6095162681990836,rain,van,7,62.54090700249782,3.65292357698203,3.3772802072945307
11.447952734832008,21.647440558208746,13,1,3.079775388708737,clear,van,3,57.372676815985315,4.3857548335170975,1.4689373688432872
38.06893175440797,81.90159371077613,10,4,6.311849535755787,clear,truck,6,63.09938011194906,1.3496816953745343,5.533362066990459
27.535110586825084,12.87140953006991,14,3,1.0,clear,bike,4,54.59415881808507,3.3711058704451498,2.559185102058807
83.12061398594305,23.501877843578747,11,3,3.4229240671875116,clear,van,2,80.93950195971208,5.882644915935796,3.4596138322581202
27.25910591427459,10.968255145550824,16,2,4.118115985382759,clear,bike,6,63.26404697161358,1.6353254624500952,3.186496419915213
14.65945846333259,20.26520688749894,13,4,2.129383436850902,clear,van,3,53.74493447689907,7.126582059016294,1.4373810957881024
22.253322322668204,33.84185700275533,15,4,3.1939075905092587,clear,van,8,66.95247368308218,4.654188549001969,3.4159182153888463
9.24988281121844,37.76651010637759,12,6,1.502852807880507,clear,van,5,49.05274150348072,9.044962589737784,2.1030633781274974
37.52133872346225,18.224641553716427,13,6,3.366296464725306,clear,van,4,57.16340593767248,8.974384717964087,2.2835136382091505
43.46170463128167,14.474417007681492,13,0,2.1171952287745603,clear,bike,2,90.31736284451526,11.330110936584388,3.125859072764521
195.4602100108519,65.92319085159293,12,4,2.6793676481643915,clear,van,6,53.6780160565137,4.664264603285617,8.723076714646641
16.486324309606847,17.168225129730068,21,0,3.7504290306105186,clear,van,4,67.84854679198936,6.584887414309321,1.7669422857620145
21.884187434161138,2.8409117649679683,10,2,5.201071884787643,clear,bike,6,100.0,5.001601258801873,3.286609860746024
17.105382506626487,54.8759309930196,18,5,6.1172990846894555,clear,van,3,73.73880826691246,3.661267294592318,2.2692413649459136
32.126812469405436,3.724896599323739,17,3,6.261933575678623,storm,bike,7,62.33812371314782,4.090500045103597,4.754402819113316
36.794649021716666,54.932517449939176,14,5,1.7568376847539686,rain,van,2,40.18498213860988,2.946769493611403,2.7291198683781683
25.97930149070926,5.940472189828339,11,6,4.569389228506208,clear,bike,4,72.50381286274566,1.8614900675634614,2.0679173589741318
64.65469558885235,7.216612103507062,13,6,1.6582820199835047,storm,truck,3,58.48446378651458,4.407064250111476,3.79433652631736
16.55050139270975,9.157429420764176,19,4,7.704183531847401,clear,van,5,78.36701452582312,5.251911376827716,1.9850606716014354
59.676555514055046,16.07811841437541,8,4,6.655923642336234,clear,van,5,59.85623393353718,3.093288415438117,3.6427910343525327
41.712393167557316,55.29376634990805,15,5,2.1893206033466925,storm,van,6,74.15745044889191,3.190598199281504,4.116966626979195
26.852960191099626,9.42390787364377,18,1,8.20439828141534,rain,bike,7,91.69564348516126,11.51056432485063,3.1530340071856053
21.074224106679555,33.77099620461001,16,2,3.2638858479888335,clear,van,4,80.06899166551327,3.5680855035022083,2.243078800284411
188.92199537548788,28.680271864566905,8,2,4.9867716426747455,clear,van,5,50.224998451686204,1.4690544099283052,6.7859065710892335
14.103078112449298,25.152640776327623,14,5,1.9240078135147158,storm,van,4,71.33449826931984,4.346686486815971,1.9627339599348494
34.40997666195335,48.514502146373886,8,2,5.818393191096722,clear,van,5,84.45220238672508,4.187370303684426,3.2324493515249397
14.877124188227512,26.733317156904857,20,0,5.592669841906357,clear,van,2,47.205730152072256,4.194051456161326,1.5459361838368653
113.12536164728354,28.269982789769863,11,5,3.3427458612962306,clear,van,2,95.30838633812215,4.595464039565856,4.1783879196649085
55.11715788400346,40.07018757077259,12,5,2.315694383348512,storm,van,3,72.1138040725301,3.3337652023539484,3.7009508280287893
15.757557586234954,16.528974758473804,19,4,7.20500944966035,clear,truck,2,78.64676323873749,2.5054069664250838,1.7239605394760802
40.856911319571324,23.678238533727797,12,6,1.7333776484851198,clear,van,3,64.84256782868182,0.8350402880059986,2.420299080528822
33.319958673982725,30.28258296308033,9,5,5.773297531144513,clear,van,2,70.69480447058798,1.798654961038458,2.051353357648675
17.93403296075588,45.35221597851226,20,6,4.175048972669736,clear,van,8,56.583274925658976,6.011178436469165,3.197450643993232
49.72617098992623,21.41433689598826,16,1,3.803895344710178,clear,van,3,93.20613377648445,11.296327435124637,2.3650684989804582
37.019481936052266,23.364863928253893,15,0,3.3348646955595003,clear,van,4,96.8958023104302,2.5038655075800205,2.5487185898875304
32.219084751056684,33.21422666966049,7,2,4.036492636757987,rain,van,6,100.0,3.2884037857271973,3.3616754180277764
26.2184727995008,21.731051465438014,13,5,1.3775672259210663,rain,van,5,43.51396760312688,4.283163600970956,2.199876719650085
38.27678566746702,13.144766409865626,13,6,1.0368740459001258,clear,bike,8,74.94313263060224,13.663642070727157,3.7641960162339214
32.57386009635804,40.02075501028578,10,0,5.193204211513672,rain,van,7,76.48176572423898,4.243649027973515,3.524040945619671
28.425159941768527,26.843819275364194,15,5,2.2207688813136794,clear,van,3,59.4166607192315,14.506348797975255,2.3353510272140787
16.235289986561007,17.571343397587484,9,3,8.620655383076947,clear,van,5,75.59222618185984,0.8284182930240811,2.3159880374280934
105.11058565087347,9.141182542346595,13,5,2.2119588150120877,clear,van,7,48.45088852030954,1.001501102213081,4.915944625896365
11.700879914240092,3.818065952731504,18,4,6.706635632114845,clear,bike,4,92.07389980134847,10.405927772554872,1.7318698724507249
38.17225623227234,34.443075347926964,17,0,6.805665930246198,clear,truck,7,47.00241275680089,1.9257776555118737,3.6348629662456373
20.984989704201208,12.881747162808066,10,3,5.396664006613502,clear,bike,4,73.75647023391801,3.7225015208201273,2.448692611981239
110.79014380848893,5.567379940014426,9,0,6.996119463202444,clear,van,4,81.8378642982138,3.562186206079446,4.325245324924574
13.1604217100573,11.580924284538275,6,2,2.205587932798427,clear,bike,3,61.007503255851915,1.1938633399690197,1.7723375063308662
15.056192834699468,30.17906420290839,11,5,4.863468324375446,clear,van,6,90.58906498953854,3.811799862904571,2.6465600155344084
12.480226968950612,12.774124378490713,6,4,1.7693900870135089,clear,bike,6,42.625039804641425,15.0,2.284032896138244
35.12004467244267,30.624090430173776,8,4,6.254577064462571,storm,van,6,69.54048009154754,7.947320760538662,3.5837744772496882
9.03909873831622,15.175704363606252,21,4,3.738769272917018,clear,van,5,44.700464086076195,1.3900409541130303,1.6699854975588362
18.48902299192836,23.564762326253344,19,0,8.363989414898834,storm,van,3,58.40069624807703,1.0988913235805904,2.1236292044161553
4.845775729025311,25.145193391071793,14,4,2.5177142584881067,rain,van,6,62.5926912679157,6.250055901038038,2.167471065581695
32.86266080470563,38.52994104432701,18,3,8.776569143352267,clear,van,4,61.67727431515982,11.741872169146507,3.29674085575168
18.17102173849036,39.382140827599734,13,3,2.773656112081887,clear,van,6,89.06343154473218,14.238668827715344,2.7992619152852503
8.24456837600827,24.15971186861233,15,1,2.352889488013758,rain,van,3,52.414090072289255,5.800630744139553,1.5346874473176308
64.61764541823302,10.574702683772024,20,4,8.57285172918354,rain,van,3,46.68587423556737,1.376995743171618,4.409296218660138
9.524491000260701,52.11764275336244,7,4,4.499902367672722,rain,van,6,63.53401279460995,5.770343125201997,2.7275624732682315
51.293033925099756,17.27851025886524,11,2,3.616051033532496,rain,van,7,71.69999812165096,1.9302678951489907,3.4965616342954196
15.47409508310903,1.6532742719613245,7,0,4.21999377502884,clear,bike,4,77.5479298589149,5.259394512140976,2.0332835745643933
97.63705686148809,29.365317060976775,18,0,8.277593927846082,clear,van,9,87.30730544636411,7.059496816610552,6.902207286846845
49.384688716502154,30.236424260161847,19,2,8.247162534545755,storm,van,8,37.74976411855106,2.5753672173969604,5.349052375920062
12.104311401371067,17.84454181811022,17,3,6.6367154744204555,clear,van,5,95.32958157044649,9.801916810921188,2.087873040766797
13.018012277041525,5.977113334683343,15,6,3.0993589896271505,clear,bike,6,57.72355403271068,3.8931773177946885,1.9754354775023273
44.010144500754485,4.731194026644366,13,5,2.453866308767875,clear,bike,8,65.82292877735684,3.656905203058534,3.7750931747009706
21.979220744925232,18.93154311058059,6,3,1.9986234833965608,rain,truck,4,70.34754178159324,2.5014402601791743,2.63895513513272
23.677518095886434,9.655497292244547,18,2,9.459370309636437,rain,bike,11,37.44431431354203,6.098618838264921,4.492566120523254
75.02272663373968,45.24615478755096,20,1,7.8149999211969705,clear,van,4,63.51350053826175,6.762724331562328,4.31606773945443
14.895347283040723,18.34236079870597,21,0,4.927800232509915,clear,van,6,84.88072111231753,0.3690445441414278,2.5662062889821553
29.166914964866603,16.584330015017716,11,0,4.087537966635802,clear,van,4,79.47137743417213,10.202372421709805,1.9650344501697838
58.18934340248201,76.33681464482866,9,6,5.644712997759311,clear,truck,7,62.49322117598179,3.49487964294091,5.586182590970319
51.79501922622545,2.0488044763733324,16,0,4.028110122827808,storm,van,4,73.19556974385691,5.099033414271587,3.5850846538228827
23.862540015813753,23.408586039353953,6,6,1.9858337531391579,clear,van,6,76.92299227279466,3.683043787328718,2.3368083370085917
21.517688015924687,3.9676007208801054,6,4,1.0,storm,bike,2,66.1182771172982,5.589285187837174,2.3208648675905774
6.7459857885122165,55.8177213555391,19,4,8.997137713727895,clear,van,4,77.38733867745295,7.297171094417844,2.423314625640759
11.646480203046556,5.452808150147007,21,6,4.371585566357473,rain,bike,7,57.99332471671346,4.347133694045908,2.5560604820567256
34.97688382900249,31.126182580699123,12,5,1.0,clear,van,5,55.819839599041785,3.5561349659919648,2.6933002994647106
24.28100236355127,27.97857608345225,14,1,2.994941534333364,rain,van,4,65.54513989730697,4.166269708654927,2.4017569479173257
28.78751144896886,3.874665455041601,14,6,1.8201892756447025,clear,truck,4,33.78569190939951,5.669633813426827,2.4390148741263054
62.26521279312664,31.295468882053676,8,1,5.844450348101668,rain,van,2,80.39912292552388,4.394315225924203,2.966279223084985
10.487053671532749,15.121847295831916,9,3,7.394278571339011,rain,van,9,71.24718420210259,5.553937931534004,3.1742336724320346
22.444728102467643,35.74063684684471,10,4,4.609543541461897,clear,van,7,66.66734253216515,4.977109847178994,3.090215393553626
31.530923753364917,14.293765592980375,19,1,7.763927605647327,storm,bike,5,81.94825721407813,4.346054013469732,5.039237860714698
15.43553084943642,31.38367519489991,13,4,2.2627468177959056,clear,van,6,75.80665060273013,4.174308349362763,2.603313995128134
85.2153593067998,21.648933033737663,17,4,6.30425216797998,clear,van,2,85.95700947728518,4.200087826922968,4.554611549421918
56.08505856361358,31.31458090714678,9,6,4.506012772892378,clear,van,7,93.69762062383623,3.519280290738636,3.8330153436340058
34.19593104407548,35.27292893636007,21,6,3.7871554245549506,clear,van,5,74.95840267750859,2.686982031929091,3.355405002659225
113.9073528251295,19.84826920356101,20,2,7.087741664006468,rain,van,6,59.20386744327522,3.686212525410468,5.851919315525998
8.173390170171576,17.3394204421175,13,4,2.5250270476264953,rain,van,6,80.87335641177509,4.308101412413769,2.211841630289056
26.945571879473388,34.604804745354286,9,5,5.41665396264758,clear,van,5,59.25347802374873,6.687022597688809,2.922633630513913
36.3454700242353,15.313384204886157,21,0,6.4382607986534985,clear,truck,2,58.56616733040046,6.999243623859596,2.4556459795306744
13.044361384301311,20.18006112932083,18,4,7.033267197957098,clear,van,4,65.61008366614227,10.87615627962569,1.5724559207436657
34.48662726729072,63.177620732766485,14,6,2.4451220023268494,clear,van,5,87.3719277929313,5.417431193970223,3.4574593455122304
11.186794330069175,23.598212848287503,10,0,6.198392257476144,rain,van,2,81.25284377213237,0.680221674464926,1.4855034190816714
47.10814210809618,39.40035244335665,15,5,3.936023626228805,clear,van,4,83.28765355008929,3.9644595768847273,3.43339166881106
63.19769408580762,13.412292414779209,11,0,4.3659804453270725,clear,van,5,71.84336678247914,4.115264324289515,3.1695448246868914
33.71243366859136,31.057199986145637,16,2,4.768045834659573,clear,truck,4,78.54107991814172,3.4014600957870615,3.1125639377145626
6.158059723318444,20.5963803566957,19,5,6.622915146369458,clear,van,2,79.01322884276733,0.7085032283985806,1.1926794131820213
12.51046110943816,17.717954720995444,13,6,1.0,clear,van,5,59.6754946992513,6.768862034781922,1.846499256768395
42.596325878425745,3.5279635603405044,6,5,1.4462367704092554,clear,truck,5,78.82426289218141,4.984535156204615,3.0909249402889367
27.576360850737736,9.770505284340944,15,5,2.1056389651855096,clear,bike,7,69.94097421692017,3.2582046377238956,3.454216640283622
3.141806351979237,79.62377973920415,19,1,8.538833205380925,rain,truck,4,63.925414870607305,1.9008269695592392,3.0600270833350787
73.27828429556564,21.44376828410333,9,5,5.786481682543227,clear,van,3,64.64518880331518,4.250475635182881,3.1940055945801107
30.24482831305676,23.720548812097807,21,4,4.1216404069661055,rain,truck,10,61.71363440211242,15.0,4.417045304985568
14.07978764802789,44.40818016821615,11,6,4.3430243149685115,clear,van,1,65.7861008575868,4.982246667536167,1.5332157323892899
60.09727371621873,28.94834585640143,16,4,2.701177830013838,clear,truck,4,69.87833708496764,4.501290973652363,3.781612728185712
15.76777010146179,17.62082432083026,17,0,5.203236892198201,clear,van,4,79.97519469144794,1.959965611838859,1.801969593398589
15.63072152063619,17.765135312141226,8,3,4.006407423503761,clear,van,3,92.63934509738354,5.913884206274523,1.5838170766537685
36.114054857841104,9.063192600211842,6,5,3.107989537036403,rain,bike,7,78.52745072171666,2.993965901701593,4.581017640601119
112.71142231222646,32.94702948108348,21,5,3.352241737395978,rain,van,4,71.75737386882636,6.07076839942213,5.278153964373683
99.37193625673265,33.79447563720629,17,2,7.012926419281267,clear,van,5,39.99806696688732,0.9702569575733128,4.8329739922253525
36.15333501007003,23.942739088303195,16,1,4.199714972237623,clear,van,5,100.0,2.1737239846175185,3.000850142239146
39.24831553808105,21.01258582887835,10,6,5.621565569166841,clear,van,5,59.38070252966553,2.923304056156106,2.8122297883539047
51.07009728886693,34.01551683601009,7,5,3.143047315662238,clear,van,1,59.865645145534764,3.6100353886035434,2.7869725534142753
9.918612670024123,8.863106363334204,10,6,5.130947774423582,clear,bike,2,88.96265477711684,10.464498008757136,1.3018980124577386
45.391218885528716,30.101932952471422,14,4,2.4937619950868233,clear,van,3,53.48183825272386,8.767646045953082,2.360702968079515
15.070530666943966,65.53046085175762,17,5,5.262080228972,clear,truck,3,75.57676855121005,5.4547696769992555,2.797949930383061
34.980209315587615,13.754666236946372,11,2,5.404370368761578,clear,bike,3,63.05650117136837,1.9600045039089613,2.9609601826669425
22.601717476227197,19.45330097467941,9,5,4.3004646809976625,clear,van,2,66.20966591978389,2.0198030073476616,1.7347291617773042
40.486422123487095,54.19681562503864,9,3,6.945298679789571,clear,van,5,70.74559352494556,8.20620460618688,3.547280664625905
29.799236488896703,23.97293371503588,21,5,3.588012424396838,clear,van,2,52.095264662999696,3.4483965309277567,1.92303416689549
3.0,41.592274197467155,16,1,4.325751249887776,rain,van,4,68.14772720674219,2.6212748689404672,1.9311930225792049
31.284205994079798,31.39292042239175,21,2,3.968720139875307,clear,van,2,85.38930440208843,3.1732175153673756,2.2052681082697796
45.318818327205406,33.30238845293707,6,1,2.248903388857271,clear,van,4,68.88077525751622,3.967189991817806,3.2524399648495486
38.734964928839325,13.102797999752582,13,2,3.4231736006859426,clear,bike,9,100.0,5.16972223889785,4.70794225405053
24.976396603548128,12.749816236446845,13,5,1.702752630244997,clear,bike,10,71.3741724230873,3.8405735956767306,3.3301831318332638
100.85959019613742,37.80673544732312,12,0,4.635875112128561,clear,van,3,52.0512074016473,0.7450452532682557,4.735130458003391
34.78194753875514,6.53224810509786,12,5,2.571034297108408,rain,bike,2,62.176826576555044,4.624624459280078,3.0294903112696017
38.480000552456566,20.158537973289786,7,5,3.0127247159809434,clear,van,6,40.98241262802763,5.373189452714178,2.3586573369094306
62.52669060361574,34.04370785525371,6,4,3.118819488757147,rain,van,5,86.16417463596889,5.265337553564405,3.5538665932937015
36.23677183321678,19.3757503131228,18,4,7.860073322780818,rain,van,6,94.08196902256977,3.8677077356979037,3.558318539953525
13.218082747851938,21.17527832303185,13,0,3.272761289908724,clear,van,5,82.64421724232048,1.848204737430008,2.272684804661565
3.8548421870899876,43.032976260402265,8,4,5.069509404041817,clear,van,6,57.39804607959942,1.3584210782677626,2.3961160782925086
18.50985473039043,58.6751593403799,11,1,2.615631805863642,storm,van,1,56.91329198864616,3.1701453761000207,2.193624164236129
49.83693723799876,100.87871344362881,20,1,6.528674475543464,rain,truck,3,81.04954526247624,6.80188205787168,5.803716686957865
20.440596233894226,55.28899953923443,13,6,2.427886219534522,storm,van,4,62.185846656571016,2.663592162347518,2.7096145825224736
51.46709635865872,16.299968431620904,21,4,4.5157526760123625,clear,van,4,57.09019242428506,15.0,2.5299710233447845
30.538327704269733,11.237503270117296,8,6,5.3409299508186345,storm,van,2,55.4130503942166,7.6181475902622395,2.070877504672529
75.97868619941023,16.485954674183564,7,3,4.475910950928066,clear,van,4,98.03580699759497,3.328963173418344,3.7647041380491157
21.409326274337793,34.453415941325936,15,2,1.7233964268488302,clear,van,6,63.03804272859008,3.104788365116253,2.7328223976542976
39.41284826548255,17.87810254650588,16,6,3.6546890739760323,clear,van,10,82.47529927409676,3.5993841333881424,4.127068167067481
40.63818133396603,13.541627200440798,21,4,5.340452847175163,clear,truck,6,78.24361855479124,4.294003184126893,4.355091874228378
90.13256203003036,63.52459225792205,13,6,1.8967430649348214,clear,van,1,57.270058714828856,1.6570917590654939,3.9084673635153835
6.921899006814621,17.418329996371593,9,0,5.952038808523897,clear,van,6,70.60816799166233,2.8441980266464872,1.8740783798789216
18.78903359750689,32.54861854448821,14,3,2.0158655079619296,clear,van,4,54.982794937152164,10.40229635777957,1.9297704132071545
53.45354101087366,31.93783563687048,10,5,5.2484240181158555,storm,truck,6,91.71917539607382,5.862661695905243,5.563227197237092
93.3837347405619,3.636956118575931,8,5,6.239454033881804,storm,van,6,56.338074080486805,3.542860541495954,6.708985805623673
32.853464713963156,60.94657747046265,7,5,1.679372303659672,rain,truck,8,75.47909668859913,5.353704453902091,5.1284688834649375
21.452403029849325,8.357988204503862,17,1,6.528878691608749,storm,bike,2,62.58703919106009,3.689583104173382,2.5524747000112984
49.68458355480601,5.8858030705498585,16,3,3.541355593359428,rain,bike,3,56.126517645650154,7.217238131044948,3.6577757349782045
54.32378389648985,15.84934226166083,8,0,6.409868936625203,storm,truck,4,86.15969629409713,12.634794321278504,4.482209148664401
20.33351799257786,11.379748784075906,14,5,2.2966259691330806,clear,bike,8,62.18237919039108,4.2556873972071605,3.188558840409558
35.31281219337928,54.548011415981506,20,4,6.053371893853282,clear,van,6,42.55581462879501,1.7176564567875323,3.4432209414018984
69.7154397135925,28.60468066234257,19,1,8.278206313230603,rain,van,6,76.36466250377525,1.9656185736804577,4.653334633789738
123.02249128348072,14.657203964709472,13,5,2.671246074273142,clear,truck,5,59.387590156243526,8.15925742964422,5.389778045034176
49.111045432251196,5.651957586938614,6,5,2.0096837687695075,rain,van,7,72.36397427359248,12.340190738494057,3.148033515888806
28.08712025454021,31.08904583829446,16,0,3.2173934249315366,clear,van,11,82.84181238846962,2.7033338258604034,4.086001477186653
25.964750266543582,18.72247325026806,14,0,3.4234094593,clear,van,2,75.34943989415326,2.6204490032008354,1.6089580587951047
42.34783277967155,34.21134901626695,20,1,6.902845554389581,clear,van,6,83.3320628063852,5.9498641392297404,3.6465091125232627
24.71626987097177,28.740456234724498,14,0,2.7339563477543223,rain,van,4,50.52765705638606,1.6156364261634704,2.6922243052214587
31.5543797667494,11.713667113042458,17,3,5.6871196770320305,clear,bike,9,87.9769015721166,5.947310060843922,4.338532319199125
11.631291255731645,37.36948843071421,14,6,2.614709661385537,clear,van,6,65.53827712871797,6.461552217480684,2.5304429013857432
76.52716357304456,7.442042490765906,14,0,3.9168917170685584,clear,van,3,48.60030816189834,2.475678173069057,2.878482522786433
10.890079294039769,18.08397604553093,11,4,3.9595323283963006,clear,van,3,33.18129111991641,1.0167727907520272,1.5213980247070895
19.188489453703717,20.09333138075771,12,2,2.7611120448430713,clear,van,7,65.3741864666581,2.432738862565422,2.507900351658575
29.314275291304526,22.290104374948626,10,5,3.950866111388176,clear,van,8,58.206927355704885,6.872635253640348,3.419286895276253
133.3249663253417,6.997846534855936,13,3,1.6235282751164974,clear,van,7,58.43943207863811,5.5905013540488735,5.895088120183355
19.33377588303503,52.713039818928756,21,4,3.427372807211645,storm,van,4,75.01542663231936,3.910936632970323,2.6836115595157137
15.913811004490334,11.688646910274748,11,6,3.349922497993485,clear,bike,8,95.80405291353333,8.446543056740873,2.863515606086619
17.450118965510544,4.359728721879491,13,0,1.9265387141773251,storm,bike,5,56.47518708747483,5.300432120569247,2.6923400183744723
102.21901672488345,29.413128180239973,21,2,4.585268521648152,rain,van,6,71.38047825159092,4.916748816359969,4.956620383018344
3.0,78.88054908002317,8,1,5.290166589628189,rain,truck,4,61.48332406526107,1.3740166757107461,2.905187494732323
12.155838511367024,3.6154214916294807,10,1,5.8697280531189415,rain,bike,3,55.19568304740569,5.51417924095835,1.7069355924507372
241.0564087552349,43.42393634151416,13,4,1.4363328963235187,clear,van,5,54.760982593870374,6.8246931926322265,7.636743986728185
43.49759541685464,23.518342017101226,12,0,2.835575147168901,clear,van,7,94.63427333640121,12.09303886815612,2.8074791683030114
11.192143293944953,7.268804575092091,11,2,2.7507211526381052,clear,bike,5,70.19907894911022,2.7937172772248258,2.113474688883386
26.218509066334448,19.96435558802291,18,0,7.894189672554479,clear,van,6,67.14868090817983,3.923586261790147,3.403660995177091
28.61593277816389,66.49704394512351,13,4,1.9761776533280084,clear,van,3,59.720596969229256,9.383831730767376,2.5653377017545202
53.3513988007456,56.603455575110544,11,5,3.3900357452142362,clear,van,5,71.0085612393135,6.3955273175429825,3.335637488912637
118.10825300471686,113.44072408899493,13,3,1.0,rain,truck,4,60.429640683472016,6.080213345793607,7.680762022386981
36.997167106483815,38.59081422742356,20,3,6.7636622063052,clear,van,1,98.95056620415407,2.0770770215666245,2.3275606313856247
17.604760661345853,15.449097151680254,21,3,4.048034002243159,clear,van,5,73.7771929894971,3.9444528596868045,2.1116008398972737
50.89005664456188,42.881526441583595,9,1,7.173695536777236,clear,van,4,72.09189187902457,6.659889291458471,3.308986886985101
15.508648600010554,12.814724388490708,6,2,1.18061700752367,clear,van,4,71.75211955012124,2.4282751307257358,1.5290978074063046
11.861881259509875,21.30753392120112,6,6,1.1471545121212035,clear,van,3,89.61712098969632,4.62315372643303,1.632081638021821
6.633104217794548,12.89982087383116,13,0,1.8870385474678197,rain,bike,5,69.66893397096345,3.783085102452906,1.8137311029875565
7.7515845799878464,38.47678032982321,16,5,4.530097421738933,clear,van,7,62.85300806089626,6.272823935735985,2.312693656515628
13.234722589651136,36.091166304430764,6,1,3.0984934951295156,rain,van,8,72.41590037375559,5.312408336766873,3.1021322989368083
10.567340774130464,13.885518803664231,14,0,2.3868512355501577,clear,bike,1,81.8701126631876,0.7865415413341272,1.5897864028477449
34.83383630114299,49.85518685557993,12,1,1.946071352251781,clear,van,3,87.74443198122832,3.8388973845389676,2.965857290860189
10.386205581673668,60.85836548318775,20,1,5.354877707477808,clear,van,3,73.22515751863774,11.186871549873915,2.252053385783901
3.0,15.573373657553905,15,2,3.1290407358849386,clear,van,6,73.44066304845228,7.795429446989986,2.4201374663432547
11.761959824495394,31.52091692166074,12,5,2.7089657465584702,clear,truck,7,84.89108523405913,3.7143629387602397,2.880818262548091
18.587926960458763,63.39454099446209,15,6,2.493352547663659,clear,van,5,30.0,7.132740546741716,2.7822230714234317
16.703869675937135,29.52561187444608,8,4,7.371333026024386,rain,van,2,71.32313300615539,3.276874572275802,2.1344179508441212
91.43421422202731,18.114243278364707,13,1,1.6531924977682593,clear,truck,6,61.23356853883431,6.248727060266872,4.642518636349371
16.59607053477726,21.98508138003538,11,6,3.3887604266962024,clear,van,4,70.8706505522671,2.7055686710428795,2.0061963049572675
54.857492135161465,15.414917337092849,8,5,3.44841002836104,rain,van,3,75.33553168888336,13.032826196917961,2.6130094794366863
26.704014776284122,50.9186387348873,12,0,2.854354301544447,clear,van,3,88.67505089113513,3.8157578867002755,2.5207097315180964
26.210398450766977,46.70074594728443,16,2,5.46262020934776,clear,truck,2,49.23235929473351,4.543943826189043,2.621240841694361
13.897316569165405,12.540592885290396,15,5,1.4929661604005622,clear,bike,5,59.21100912644349,8.439118696173644,1.8482502395771008
25.867151418085975,14.63810578413996,21,0,4.9607335498876655,clear,bike,6,56.658207242302026,4.467512185783477,2.995458201325911
14.701111431065595,5.982751635195535,10,0,7.156605090023991,rain,bike,1,60.89717393431745,4.981870274571266,1.6039699245704124
31.063063713287736,34.63556143525565,17,4,5.688122776461848,clear,van,2,49.44681454511548,4.933187952676777,1.8680972955311628
22.44348325556937,8.569952247620556,14,2,2.6565029577002193,clear,bike,2,100.0,5.53349017791794,1.9136306612114033
12.73428106606373,86.09842292202195,19,3,9.036632347244451,clear,truck,8,83.0610400065905,2.024463061278516,4.277556224275305
59.950275188334416,11.383491711558783,20,5,5.176291863549074,clear,van,2,58.36918696412173,5.85210756942062,2.3232973533618417
38.14796384717562,3.328909789256649,17,3,6.86926499433634,clear,bike,9,70.23247817110386,3.137812473337669,5.065821066544791
18.945185059749093,8.2583142369732,12,4,1.2663583974762558,clear,truck,4,63.47878480320726,2.8598544929137955,2.1521131822067407
30.459393552348285,28.860453287051755,14,0,2.760660423855721,storm,van,4,72.34186953061597,3.6277760157025036,2.753732300947771
25.354138795323035,21.739953007160423,16,0,4.700911831079255,clear,van,6,58.483991485886435,1.6249812917878788,2.5812342967893587
13.54377795279635,11.170105583593266,18,1,6.711957373662013,clear,bike,4,47.15450815350282,3.600852773576669,2.1630529057411576
28.685649583858357,20.905018885892794,9,1,6.228542441311576,clear,van,10,61.416335308983754,1.9089022906992281,3.578183058808491
16.49719878939298,14.143914781681662,19,2,8.256128393156098,clear,bike,5,90.71980717039654,0.7274802444580827,2.6205733984892734
12.73116508935058,34.03115629601371,18,5,5.976172097690939,clear,van,4,47.725268868888364,7.0779944799252315,2.1749467836549226
7.40226575006291,8.886348994210678,7,1,4.945112171927309,storm,bike,7,86.45687710840318,3.5860913666824903,2.4426077759921068
20.35067573867698,25.888240644859962,10,0,6.252354837335949,rain,van,5,78.39923066781965,5.146354503788059,2.828410534884494
42.67343210605096,26.713707140915304,9,1,7.045169817721568,clear,van,3,64.00546419567853,6.3534773261013875,2.5865033810138005
15.553295062408846,22.268717702375977,15,2,2.7713573565341583,rain,van,5,81.25089150574425,9.554801352276897,2.3136340845519245
203.68342570587976,31.161871483809644,9,1,7.23415107003536,rain,van,4,73.1292322029093,3.656966659139594,9.79879750401469
55.06688420815124,20.72326686909116,10,1,6.646119190944513,clear,van,10,37.93831524835358,4.396419712138702,4.700498729781879
76.9737231737539,38.18411480714933,9,4,7.427085918904527,storm,truck,5,63.931895929993615,6.067738118645958,7.064614542757124
51.223295031606,22.25369540284668,7,0,3.7171545324246784,rain,truck,5,64.37139001228918,1.2591188523585093,4.4871347443813985
119.3776479041436,52.45325952638832,13,1,3.190711518389429,rain,van,5,91.6749757906428,3.3203104335936535,6.915099115892703
14.445723413656795,25.785983264486433,11,5,3.7714198656457647,clear,van,4,63.98762546067823,4.278892670605982,1.8101431661488374
3.4952681319615597,50.21647801330754,14,0,2.591138315749962,clear,truck,6,66.83705931155434,2.900677799253498,3.3840881086136867
18.97456718586935,14.37898102953548,9,0,7.073363106417613,rain,bike,4,52.58150688680111,2.917474919859399,2.669322929247408
42.37569049512369,9.864741308677928,10,0,6.403812944402365,clear,bike,2,69.05058899081651,2.4737009072901226,3.0433760396204863
30.60653589217076,37.983666584505876,20,3,4.774546515376731,storm,truck,4,52.166673410530876,15.0,3.693429518849691
33.79720439206072,22.568541567545907,18,4,7.965974445935636,clear,van,4,86.29062960018976,4.27102805444887,2.9023578639458196
78.0014956991522,2.1264996074299014,10,4,7.315919636584436,clear,van,7,63.691951461073806,2.354039941775564,4.683694206235762
36.80545469396231,12.32008202509767,8,4,6.1796766089177755,rain,bike,2,52.130704113969635,3.7020015045746635,3.352262648308459
51.373904144736244,28.963683788785715,21,0,4.353810171283596,clear,van,5,88.38264175770998,2.2279702160865043,3.184967620708729
12.785987011645867,21.08806615355145,16,2,3.810414194285599,clear,van,4,50.40945443603124,4.528538994981363,1.704227386872497
11.287377304233264,11.850902866524446,13,4,2.593343700530782,rain,truck,8,73.83023980300467,5.165394854745609,3.2956777303530247
98.6216822371879,22.423873677641676,17,4,6.083833470456513,rain,van,3,47.690726264874456,9.664311720759128,4.406511794401226
29.391961779987284,25.299928074078238,9,2,8.04744519040022,clear,van,4,74.39527587845656,1.462439492005597,2.4179127115768866
16.46795964250537,4.383357507738305,12,5,1.4575185549305374,clear,bike,3,86.01330674226959,7.764563827680267,1.6725260130165904
16.4921482689852,49.27538273286902,12,5,1.7865703605949022,clear,van,6,60.27683528980793,4.439840960900594,2.5931623324518442
16.13033245163421,56.99629815662337,17,5,4.511211951537138,clear,van,3,52.30310071619444,6.874475004764081,2.1208686547683735
15.376383342841079,12.262600316822416,8,5,6.270613078612499,rain,bike,4,52.76990128318727,7.989424405254577,2.437557412051625
9.713160882577563,77.11301029516382,13,6,1.6075169717958473,clear,truck,9,69.16951489191929,8.984907526393789,4.133868787767481
8.163423913591723,21.24046085407281,19,5,5.77987959082092,clear,van,5,98.91998983209918,1.858830269035994,2.091599311218599
23.196386167027644,13.494501412917858,9,4,5.327529728124033,clear,bike,2,86.0193916339836,6.295651412313474,2.146752048592447
16.872065135615646,13.149676217538868,7,2,3.326463872323044,clear,truck,3,87.55717916231228,2.3951410213945112,2.020465546027937
65.74130561715913,73.73005508406818,19,2,8.195234906111647,clear,truck,3,53.95128129786035,2.3433201099606293,4.868477543992573
34.276545740189675,9.054771198565145,19,5,6.637442154391121,clear,bike,7,86.45375530517413,5.643120696094095,3.9656507423925715
33.523750040145536,25.707083122514447,12,2,2.1645552990478123,rain,van,7,84.80602391667657,5.817143922543329,3.007994739051561
14.961850687559188,28.080237184640254,6,4,2.200151696678971,storm,truck,3,74.57503905999033,6.618885952459388,2.346112012768578
24.61060056449463,38.16435857290025,14,3,3.7708480568895397,clear,van,5,60.52669665554192,3.126120720480665,2.297218337438228
36.19065306636702,24.180148958843954,10,2,8.160877102975707,rain,van,5,84.58286066385314,5.226057924638576,3.1980452342412096
48.08434189423341,70.20937879998219,15,3,3.82753465520737,clear,truck,6,59.83209272099305,5.511774756415929,4.347012446068161
25.15072036264127,79.11575959164749,8,0,7.251111169389956,clear,truck,6,79.85828249861504,3.7776248976873417,4.303028397144485
64.28324510279867,59.74086188969458,18,4,9.190067236925676,clear,van,10,64.28941184654524,8.469073159194366,5.481062822034062
27.286482884223815,30.15156475523186,16,0,6.0587788785872965,clear,van,3,55.2172369051013,1.0378642382281555,2.4029492227379396
51.12520861349209,43.80895262326486,16,0,4.045579350337641,clear,van,4,63.92116429870096,2.2425260461300396,2.9269253121114254
18.32228783237326,17.89395929753107,14,1,1.5803368322458058,rain,van,3,99.51856885769831,8.418837326733016,1.5082562731470286
6.3593699421504555,50.52669335962956,9,3,8.466797190998339,clear,van,3,52.511622031017666,5.628809349414557,2.0784035544946393
33.60541418393843,14.174551901803731,21,2,3.515593101964697,clear,bike,2,84.8728011448747,14.857291700108252,2.486951514083934
48.436770701608786,10.510042433896587,10,6,3.9801417589682866,clear,bike,5,82.60396228755249,6.477327107419863,3.5364145410031824
42.96036152046551,10.243201160621853,11,6,2.440756726667059,storm,bike,4,67.23424286871997,2.760471918704425,4.30134419947666
38.00620094398399,34.65099337455883,20,2,6.134772596944588,clear,van,4,61.71847964894963,7.980166421728368,2.708777201081839
20.51446869590833,64.54761372380916,6,6,1.0,storm,van,6,51.27487718491939,8.910272543132203,3.068389245537332
14.219339844265248,68.01550386819105,8,0,4.857199720706252,storm,van,7,89.32923206299822,5.370556525969687,3.749427534584379
42.15623574389667,2.340495176771253,18,1,7.275055991363974,clear,bike,4,52.1550860856979,2.067731388656924,3.4201830285180357
38.135970065391,45.685029168467594,11,2,3.0998403415352516,clear,van,4,30.0,5.276810919690136,2.7407740882907405
17.309936959463165,9.87963347130369,15,6,3.176102717709727,clear,bike,7,74.61918048066322,3.3528864377095697,2.7462302355301023
65.86053178248838,99.8772296315303,15,3,2.913035144326687,clear,truck,1,49.73860441944089,2.8936886489402944,4.297236746646454
13.379284639519403,7.136072712280628,19,4,8.234544488146454,clear,van,6,68.35405269807028,4.89799873219575,2.2813961871954835
16.999455208215714,4.484611981493008,15,4,3.281740726547716,rain,bike,1,49.84296734503608,1.1028935578864831,1.6944366449894854
100.39778747099581,46.33177121160266,12,3,2.5200994131975536,storm,van,5,61.28021702399865,4.045094698017937,6.712154136272478
54.318537015702375,17.02359491433521,14,6,2.616866182131582,clear,van,2,71.04111508503118,2.788693569422882,2.0800079552423067
20.360414607216377,16.215003066196747,17,6,5.3536327052079775,clear,van,3,74.07310359135546,2.0962515961276513,1.8690041087931637
34.12071124193019,12.095169147832259,12,3,2.4307976665129427,clear,bike,7,90.08156460576215,3.526164387442657,3.959999321037038
30.686836852264474,13.944844162368287,8,4,4.6565593706630155,clear,bike,4,70.02094889456434,3.203997347314367,2.95653292019235
3.0147258821463123,47.74330997081111,13,4,2.615688590278647,clear,van,3,71.60760924851998,7.950473224899925,1.7943256424894618
13.128964767972988,10.213078057581653,21,4,3.277985613897298,storm,bike,7,66.40276058095905,4.23970665730243,3.249957742589054
26.031899928912303,20.604599361579847,7,0,4.359787961224547,clear,van,5,83.85925351977262,5.676068335758939,2.412687892918117
20.383195650241532,9.251541037265998,8,1,6.06679810649252,clear,truck,2,53.03456485728702,9.440344271337619,1.8658517503172725
33.03878095259951,24.97387246976904,21,6,2.3413273058225745,clear,van,4,63.43650161418048,2.810548094018118,2.380158961955732
66.92588749509174,15.99284003832206,19,1,7.979644584225417,clear,van,7,69.98079573289459,4.3855060721448105,4.5112860391239575
20.963259802255344,32.54870055345115,7,4,4.208617010296244,storm,van,5,56.40749472372131,6.1412812876060725,2.8933647624420784
11.633352209146686,35.689023970429616,9,6,5.755962292706273,storm,van,4,90.93662321069857,4.741176486735154,2.13120882104394
35.15902446388746,65.28218367385296,17,4,6.357490530157992,clear,van,4,74.77762757242418,3.963176776933392,3.5256949166483453
20.878111909713102,95.6202557937665,18,1,7.251016477532135,clear,truck,2,51.615058236819536,3.6961238661721896,3.088178996083887
23.93039000049114,13.204712645052682,17,6,5.465201704341912,rain,bike,3,76.1250956924501,5.4492737682774175,2.982079844126352
21.468377203865696,38.67305171967684,19,0,7.222802315968234,clear,van,4,89.65141976333078,2.441220166040794,2.5329952877028066
162.95437277714518,15.759904747783,14,5,1.0,clear,van,3,59.20484254567222,2.3555245590736438,4.995211516198873
4.51514179278856,34.94023855991617,20,1,6.7795966306219455,storm,van,4,90.42436854570116,10.515191892718569,1.8551530114622528
19.872420729326986,33.87705857062621,15,4,3.656861063825213,clear,van,2,73.85349282283005,1.014596728510745,1.8454750326056273
27.0327414998029,33.11630796300716,13,3,2.6841203563154243,clear,van,9,73.02524876300414,2.557493806161256,3.682243701854106
14.513598044949044,40.80681403150153,16,3,4.12136574949357,clear,van,5,87.97587802241802,6.54126757658078,2.5280890581290776
55.69334529301914,26.193563994115813,12,2,1.1339453218770885,clear,van,3,73.05568897593011,8.017889407676071,3.112608645558143
51.96685663532591,17.080587492209034,15,3,4.093068719822148,rain,van,5,75.854327320328,1.6608986249791702,3.2974311118675375
26.09637211414201,25.192942729311763,19,6,4.654263608487144,rain,van,5,71.38440942642698,8.533391340802691,2.4181765687841845
21.83383860076389,90.93174972822294,21,5,3.8984717677895206,clear,truck,6,43.6931134955629,15.0,4.054220879326461
24.78985588542929,14.50880380282685,15,2,4.595906064023866,clear,bike,4,76.17281412028561,9.753415919582059,2.713101246896811
24.932462695718854,18.202295220359094,6,6,2.2609142914628353,rain,van,3,73.7824000337991,4.091304608240119,1.762405359852371
25.464913856196958,12.341366350961,15,6,2.5591597021688255,clear,bike,5,64.29950355246905,4.0902220655281605,3.1169766160245986
23.32674878869411,3.5780717119912504,10,4,6.3072300526223914,clear,bike,5,31.756846880841287,5.0902613422014715,2.689729064395145
33.1804037005833,22.08712437316022,9,4,7.158539236215737,clear,van,5,79.33113288217405,2.218110685199409,3.299628719115683
49.52955944559338,36.65791596164267,20,0,8.120380454309206,clear,van,2,57.09469733288345,3.223943696904427,3.3540676854139257
10.132943837546728,10.62648388060578,13,3,1.524629994174346,clear,bike,1,53.09866068212311,3.9707568869046357,1.1335249520919526
11.698596538256464,58.59236720587878,18,1,6.997945709140168,clear,van,7,51.6719546059626,6.987610580721772,3.0531544429703383
6.693825781706509,31.83327598702399,11,1,3.7945797391343543,clear,truck,4,40.61462161880404,6.673748732674037,1.9369875092830735
54.22369121804832,48.05055616366475,15,6,3.7188385405552604,clear,van,7,76.92565211141886,2.0674291938523823,4.008393722131946
33.1240178664583,29.6706037513675,16,1,3.8256203514806693,clear,van,4,100.0,3.7824030530264383,2.4466031275521365
40.61810945084402,20.526207685854104,20,4,6.584128268589436,clear,van,4,61.301551660511976,1.7489376083691341,2.5731028422804427
8.639989860907722,17.406096745983632,9,6,6.456811124589118,rain,van,7,82.31512978526537,8.874032116005017,2.449227608766879
113.06450519801935,28.757579854677406,14,4,2.906138098377898,clear,van,6,68.59581617468237,3.6387763810579514,5.2391693867316524
16.658477957702416,30.699478008994774,12,5,2.9628733812589547,clear,van,6,74.13612432876141,5.331891144554525,2.2384149938980764
31.017905846608873,15.403348864982242,13,5,2.89371859648107,clear,van,7,69.00080780839144,4.293968565842756,2.7502551684920986
53.705087082335375,20.122748586683816,19,3,8.019512319151104,clear,van,3,81.73468717548685,6.5328353993728,2.873293111001279
12.31005238121451,79.50095686609131,8,6,4.437310688985973,clear,truck,5,51.87760208554432,2.025704669991049,3.8719699412825546
17.51294835247628,25.546356360803546,14,6,1.9441360743986422,clear,van,8,71.49337489904778,1.2913468411947384,2.4511286230008538
31.29121601560538,27.539907250031575,12,2,2.414275116107115,clear,van,6,87.02224311023133,1.4980090883796209,3.416683096645064
266.6610724245325,66.95115140992309,20,5,7.009153319092692,clear,van,4,80.51745690432502,2.0610270760481533,12.06412976293046
34.49794628455772,30.995166657385823,9,1,6.5738800421267225,clear,van,6,74.89516903147951,1.8023336485296988,2.663826981054034
98.01190202241935,23.161778778579965,9,0,7.386518168071461,rain,van,4,71.46272555763102,2.6372108179928735,5.150915377884032
71.13208608913068,47.10697518710409,7,3,2.854868981442551,clear,van,5,64.58689986692343,2.9375689770519005,4.213630296658641
36.394149335972685,39.9727646182775,13,4,2.305416590854342,storm,van,4,64.70897320357582,1.0488345775167214,3.047009480089984
12.288248297401822,28.058469775653386,6,4,2.446993332040418,clear,van,2,46.700391582490084,4.305173783027955,1.3685583011864324
63.29478173173341,29.86507153092666,14,5,2.36690927062579,clear,van,3,77.54770343361606,5.6025842947775315,3.6473364830716086
8.178524265360224,18.644584896114875,9,2,7.561407792779479,clear,van,6,90.47241835203147,1.8787058433956259,2.135089634022425
97.58268783459505,8.63988288522906,12,5,3.2820130858431895,rain,van,7,74.4105995622499,4.580435723151754,4.566678362623402
31.817111628119015,35.98275647476083,15,6,3.3962287338087105,clear,van,3,70.24934073867865,2.2495858206413293,2.6042710689097683
3.2537922496806004,5.691748425640235,16,0,4.234077695631498,storm,van,5,78.9861630340815,8.345988094494315,1.3950028887686794
20.647518113477304,9.001007610155181,6,3,1.9211675023835304,rain,bike,4,38.22309025940761,5.382356859704806,2.4640226621664
45.748465800244425,19.911269231257638,8,1,5.342002179856059,clear,van,6,62.39228137676635,9.268623355796652,3.310353168453909
22.429586238415375,18.355968875774725,11,4,4.29877097341289,clear,van,8,68.89224179530078,10.657373039167952,3.3455681070922862
48.03859012273988,38.770437238315,14,2,2.4091800931474854,clear,van,6,44.39847624662135,0.8215469908848227,3.553485185226985
13.735458018832562,46.00942582680311,20,1,6.446230939781827,clear,van,4,72.40736099408711,4.282053128987843,2.321286955788002
9.53733505188357,87.01557415705105,8,1,5.575599014485017,rain,truck,3,42.23871415058349,8.817149058482933,2.8130533068046066
25.606434756132945,4.809740534222171,7,2,5.205351405801485,rain,bike,6,80.36684082949937,7.586322073755797,3.865116252272811
27.80601971681283,32.99258272848145,16,0,3.1089745808076144,clear,van,8,73.38782162918316,2.5629545034593035,3.3650211884322583
20.517794194917634,32.02838058832339,21,0,3.8146561709971722,clear,van,3,67.13714220311776,3.0775876810917464,1.9895787402117233
72.3729721837239,29.181480867849142,19,4,6.91124126449287,clear,van,3,81.42153445843357,4.117135749889966,3.8106528627136487
13.733445016019768,35.971298920707056,15,6,2.158994714748734,rain,van,3,72.20545640489586,9.494755919012402,1.9662889477439036
34.831860023489554,41.46527895285466,6,3,3.6739295439038053,clear,van,3,77.13083834939981,7.5801777385590805,2.4885339719262958
28.6277342490711,59.84325115353229,15,6,2.0959701439706793,clear,van,3,74.25322310619845,10.195455140866132,2.414153689766303
7.803928324727363,29.83049609006393,13,1,2.2803437449763524,clear,van,3,57.09991762268086,8.433081711112035,1.4685141305002176
9.438299753384284,72.2684234573472,13,6,2.2907237862259593,storm,truck,3,93.52394038425608,4.2968339937135,2.7841454891144193
27.37222499626439,29.99020191262761,13,4,1.9309087899320698,clear,van,8,88.68609407409092,13.362340048588635,3.161129575270196
132.2851736825562,16.383549518898782,14,5,2.132463093359242,clear,van,7,76.43063168850274,1.599769938870115,5.328016955346228
43.09538218624106,28.036427054043745,17,0,6.440497597792664,storm,van,8,72.25550347205348,3.807236108672745,4.451713534577801
6.817495256021688,11.477645608699882,9,4,6.095357913314899,rain,bike,3,81.25496164661344,3.956415070629613,1.5627891004965728
3.0,12.00531250110713,7,2,3.6841091451106305,clear,bike,4,88.90230570226439,8.230214270962707,1.5306131885189413
48.73721342896223,21.25198216981163,6,6,2.4250096235697463,rain,van,4,98.56084325053989,3.1624896424214435,2.8128116505286673
25.104050651557536,18.952140439918246,12,5,3.1741679285343576,clear,van,3,61.87737816457923,11.831189581130491,2.0788192218192414
67.55977594902865,58.72130730612949,14,6,2.8513691957567895,clear,van,6,85.68726436346944,6.216863484573931,4.874837154512529
13.402291012577484,21.04465520104157,18,6,7.8947312454911795,clear,van,3,68.69196922900494,3.470792928502913,1.792239977658549
35.87963980594055,10.062098165680213,12,5,2.5367800327720973,clear,bike,8,45.86258337773327,2.016821374233859,4.2171112797789405
53.35345680117254,24.282973290263136,14,1,1.95229955869031,rain,van,8,82.57098101500061,0.6818077430251137,3.7328884732722116
18.954267222707323,29.772283676247923,21,1,4.235866450815358,clear,van,6,92.01014933684658,0.7691362657689315,2.5928045295219024
19.28121958789126,26.276460714461763,17,6,4.900902542424072,clear,van,7,84.5954069978999,3.8839510382043216,2.7426096100840223
27.666167170265226,9.613481917967416,17,4,5.913588825738357,rain,bike,7,67.46362881410715,15.0,3.2692285536392314
41.85206243190802,63.056175444940294,11,6,3.5516287488459723,clear,van,7,75.81292674284822,6.07344945408113,3.915564625666574
26.803508587461693,4.243297886989077,8,5,5.146540604934679,clear,bike,9,80.48280818316027,7.1155043052958975,4.520391070496861
59.09799925038328,25.976374425599634,20,4,5.300883669602802,clear,van,5,78.59438563583905,2.4856220278962677,3.692314460882432
18.73609446211041,9.32291743693491,14,1,3.1534872406575096,rain,bike,4,88.45118194610905,2.5625878630290524,2.764637178892531
9.367852074209734,48.998677578982175,7,6,1.77500628454194,clear,van,6,84.14475487749826,0.9411471296280141,3.05698938057164
131.83884354801773,33.097476926789824,13,1,2.0211763140182466,storm,van,5,61.31756512151078,8.520028012531363,5.936924342830162
16.71477419681809,29.77119233262666,7,1,4.9750136791968185,rain,van,6,70.39717762762209,0.6392477072469932,2.684227855886481
17.205796502858664,19.807393916683477,21,1,4.7729414577566756,rain,van,5,62.428389124125324,4.806610604040476,2.1624840470507767
25.72227487443504,59.37575598431411,14,0,1.997372141656164,rain,van,4,72.41842151911008,4.161294991567107,3.136931346317137
28.609673294581334,19.768052972548887,18,2,9.347985837191434,clear,van,8,41.96717043709468,4.35771590995019,3.4356703278596794
19.8986737943441,76.55792623307009,13,5,1.407270699240828,rain,truck,4,98.92379362918203,9.543486693151332,4.121167222129507
26.737120544955395,11.703557087518464,6,6,1.0,clear,bike,8,58.30475407094609,4.606375255981276,3.4300180071612076
26.263764535317673,24.409247281071984,16,3,4.649313389339071,clear,van,4,62.30265972569122,2.3916973973073468,2.4635908796490167
31.182450781547114,40.67714349847212,16,2,2.864310794308806,clear,van,5,71.24122384623435,7.614936309101344,2.6886531716462048
4.112413295919481,34.75186667820608,9,2,6.3348465417345725,rain,van,4,49.334595863196036,8.304542482892506,1.5793311195413622
122.08298831937576,22.970941291918862,17,6,5.4901146091117,clear,van,8,64.96924711268542,2.5588847324016357,6.583507872514293
24.09897598084156,4.8952019353218725,9,0,6.631319231768988,rain,bike,6,72.52906038065967,2.2107474850623916,3.453734168340166
43.14204723987146,27.313242721819726,17,0,6.70438060252939,storm,truck,6,94.72980734825205,3.1632310166200726,5.387994564593942
9.002649534854465,17.925699678480655,17,0,5.313413530775294,clear,van,7,72.13132210103308,2.9193209722309845,2.645059847524911
18.60071072481327,14.622917919661777,8,6,5.489733827053018,clear,bike,2,63.91535490123729,6.15195494117602,2.0202136872032788
15.833806512780738,42.37124152492569,10,0,4.651016099922163,clear,truck,4,53.11548353800144,3.335936782032838,2.8617964859993053
87.8630200688857,3.8434478506752496,8,6,5.857855094010176,clear,truck,5,100.0,4.905641622757795,5.645695028275885
16.968337620217753,23.622059288977074,17,1,5.859608006742861,clear,van,9,71.15038960832425,15.0,3.0669411159940148
49.722820343051715,1.1337556480222033,9,3,8.224932182142298,clear,bike,6,71.23629901868523,3.8912199045070213,4.684566040687768
16.1136000314167,34.9435617353002,16,6,2.757287479757423,clear,van,2,49.42785222883054,3.0320168347009937,1.9139965262431762
18.876256232353285,42.68238228832357,12,0,4.225330110385411,clear,van,5,77.87105614296364,9.914396482856276,2.6833104580271723
22.277113874895374,27.026973119770332,7,1,3.289432569530123,clear,van,6,61.17892509344891,15.0,2.60152048348309
75.72255749545155,16.576828214824243,20,5,3.5567527897216897,clear,van,3,92.07510524789555,10.45121216199109,2.8998288179395484
5.978190156713164,58.786199178123326,17,5,5.026397017957022,clear,van,4,76.96581703901018,4.093658994424719,2.401998295276744
9.463754214635385,61.48510419260843,10,6,5.790209865622088,rain,van,5,71.87509272409785,7.486565793289145,2.8079814264653287
5.7096393893726205,30.912391222253103,20,0,6.872520477259676,clear,van,8,50.157951972408114,11.30821138245243,2.436746319356566
11.358862817521505,67.76301819977344,17,5,5.922291412392702,clear,van,8,68.52713405821308,2.9741762192791157,3.7435003626346575
14.164232642730395,11.682394966573014,19,2,8.421343109702812,clear,bike,7,66.7927624737694,5.030864427274438,2.8467481640270598
7.451497334755245,21.878674977832365,8,3,5.347472948389667,clear,van,4,71.8445034725165,2.716838255358867,1.4446319778170673
15.069635160769183,2.021486499141609,6,6,2.75447464917657,rain,bike,9,40.449416290056206,1.81075585698743,2.987497673779831
5.409888135312839,8.719255931669373,6,6,2.2156082949903273,clear,bike,4,56.356497970862264,6.718262971199336,1.605398144141169
12.00843141501917,8.006255096264075,14,1,1.7151661462727283,clear,bike,4,62.561821075391805,3.7917425686871042,1.6801800180238706
70.83380226797127,34.78959482046224,18,3,7.91641029638205,rain,van,3,77.50308487174286,2.1329386465610076,5.385928416743174
37.44489764511429,9.29727928769548,20,1,6.194829024664354,rain,bike,4,41.043968394078036,2.1391929815743778,4.082304784901866
31.499577647884163,13.677974598966882,21,4,5.419822328573116,clear,bike,4,90.72578821363958,8.153630301003966,3.7283718213741923
12.1554442394386,15.187796773670895,15,5,1.9142713522880705,clear,van,3,88.62950786644038,6.732747736142394,1.3584005726902708
7.933799357009371,7.168119370581836,16,2,3.8378275383427547,clear,bike,6,55.08394509206656,6.9961965874462315,1.8628369917151273
10.899044660546705,25.493874366705533,10,0,5.444862380626864,clear,van,6,100.0,2.973854934644639,2.3763788063228417
26.19142686911336,29.088903354545863,6,0,4.194155192099443,rain,van,1,73.57519280694956,9.639503989920458,1.5878490265689904
54.300933796519594,5.516341795068876,9,0,6.4858562250218,clear,van,3,68.36568562590614,8.620831207619108,2.517895493284691
55.80669999131819,38.687475230792955,6,2,3.714147002341444,clear,van,4,78.91135629308694,10.020815619087543,3.6793946755205695
44.90233913713518,10.97291069130827,16,6,2.6045873108016178,clear,bike,5,76.27143333894388,1.7995338120518398,3.77866530490753
15.02859182983114,14.988088044564428,14,1,2.6882502601925253,rain,bike,2,71.75808622606179,5.9069672287463435,1.5657588063916894
27.650390917214878,33.28731587577297,18,2,7.982934545335022,clear,van,12,53.732135575242054,5.891485211172627,4.427317093422627
20.966501050193322,15.100868831345434,8,4,6.99038202615846,rain,van,3,63.44232637421853,2.711668517364643,2.1693396065041752
23.081886810904113,8.846997349052327,20,4,7.1105927268291715,clear,bike,4,75.35943801152852,4.120917127248008,2.3583876549625304
138.33832532079774,24.3754978103636,17,1,6.30540503132163,rain,truck,4,82.51176054396652,5.398003188362463,7.2562193285785765
6.622015702582168,49.39618213176673,20,0,5.810228923610485,rain,van,7,91.59347758221833,9.777105613875612,2.967184805739686
22.47174061754368,45.30088927444373,16,1,5.587090949945061,rain,van,8,63.14190074381318,4.898741646381842,3.2153999399015585
71.47867301940549,13.92474551402336,11,1,3.547022631259177,storm,truck,4,71.18857729767426,6.408651988750086,5.039066130996288
8.392066572986078,10.270584633928053,16,0,2.472942618764012,storm,bike,3,60.095305853537546,1.358912842177618,1.8833672237890215
16.199851244971278,12.250109833576413,15,3,1.4208642179061075,storm,bike,5,86.40766148811171,3.4231141569223307,2.6019420115594314
17.756811733634155,45.63910574395814,8,4,4.711638180263349,clear,van,4,65.3299322009652,3.693962925854717,2.502583262679971
22.67738613315335,12.072909008921643,7,4,4.53211789691182,clear,bike,9,61.181149142302594,8.97962882602636,3.7244913922686735
7.562745399226829,65.52872397368452,16,6,5.201271392246436,clear,van,6,70.92935241145312,1.4866848993029802,2.758516550619385
43.65111596950277,32.9815120362715,7,2,2.4235929233502684,clear,van,6,44.90453454829901,9.1129389575626,2.829437851030531
46.20231134784985,22.284455294991762,7,4,3.42951755422022,clear,van,4,78.1156773479,1.7697692991983869,3.078218864512542
40.719221757516536,13.732301069487715,7,6,3.315669804432058,clear,bike,2,65.35289843947548,2.8153852184652837,3.088182586707675
13.513660470922945,24.630348247011145,15,0,4.1441221556490095,storm,van,3,100.0,5.688344206466543,1.9860570046881518
29.055524363302506,8.794535885140386,20,5,4.361561718403624,clear,bike,5,60.727012051307746,3.973795589435242,3.071415183408417
13.203049271676667,5.70407696134739,13,0,2.671801734344127,clear,bike,7,65.98997123549235,3.529548547101637,2.503440711472843
20.778580477576686,33.2106803708957,8,3,5.8036158608235064,clear,van,3,85.25858240374737,3.2729518304963325,2.2159564268052527
151.831953737113,22.207671701004617,14,5,3.912090268282458,clear,van,7,81.73001802713227,5.376215578988115,5.868372821701455
29.26980100487031,39.69193831550312,13,3,2.314794106463835,clear,van,4,85.53872518315768,5.38925761142057,2.69035090091769
10.485346795604197,28.393171954607595,15,3,3.1922676016288287,clear,van,6,65.80393036938912,3.023386594385057,2.139098456573171
31.320357094150804,13.541804201889438,12,4,2.7529234524223933,clear,bike,5,52.79536136873284,3.314168690953433,3.7774509854736267
9.194111815950254,45.265015678133196,14,4,1.9512019482829122,rain,van,5,100.0,4.120201248421726,2.6504828664778715
10.389458496421984,14.933181294442686,11,5,4.005160801197891,clear,truck,4,77.74489549905267,4.702169809369331,2.110586977373376
11.78822900022105,54.254400289200596,20,6,4.064689691116809,rain,van,4,73.38555423682465,0.5794647788855505,2.281014455473021
19.002155844761003,14.544660396344648,14,0,1.0,rain,bike,5,82.08737668060007,2.6080393289678505,2.865651321876629
57.37307958134136,6.705084981282761,10,2,5.883617593312769,clear,truck,4,50.45181254645426,2.9030802246806813,3.645723193047871
43.065342633924594,60.99813367079368,6,5,2.7937921096383365,clear,van,9,63.15345179447998,3.989969472627782,4.60329671013079
41.19826989351321,14.129677295039395,16,2,3.8225001225037465,rain,bike,4,54.35500809978665,5.321100341046818,3.6279793858555616
11.255538825413174,14.981931474042078,12,3,2.8347103204691932,rain,bike,4,72.50368099551383,2.74062459165444,1.754819936173975
17.583281145434157,7.001867173861234,9,5,4.623447234472817,clear,bike,9,49.328129678125165,3.814182396869474,3.719912399193865
33.70347290153047,20.81250316863588,13,6,2.6094601493210945,clear,van,4,80.1065231324694,0.9468137890377145,2.5439787169668926
16.401027932702974,7.900372834852604,13,1,2.720689582440717,clear,bike,8,87.75305043581525,10.065590392949302,2.8128184789140684
21.699882542833635,58.5961258229325,18,6,6.234124276439086,clear,van,2,87.20105898623082,1.6065278834547652,2.9415155859197664
38.59361908102163,16.89661406605708,14,4,2.4179350327510636,clear,van,7,76.6062567021908,12.805112756044325,2.9817459048043577
20.511421042626708,10.449753566226859,17,0,5.125032785690991,rain,van,8,72.88338830382969,5.071366778871736,3.1662519899826362
32.48724891528422,23.709393348784204,16,6,2.3505826519079362,clear,truck,4,63.730212755724246,7.511830516293814,2.4626812626237577
96.94877680187855,94.17892095872732,19,2,7.675333812378895,clear,truck,4,76.72818311146617,4.245997989989541,7.051667630202165
23.629902399123328,24.539407844400948,6,1,3.08766426496578,clear,van,3,68.35283041543114,5.4314805673429944,1.8908161118524391
69.64913269222625,18.83248369462611,12,3,3.137020821763678,clear,van,4,41.955377439584915,5.390565607964842,2.975627946031173
42.41474468733159,23.280409109118718,17,4,5.949546697035846,clear,van,8,60.74884773074246,7.975191577530694,3.375068785849203
8.383004690749758,41.112954395841484,8,3,6.599989944587344,clear,van,2,81.88457172406828,5.881922539555326,1.720951688692671
11.22664955592803,38.517532296645186,13,0,3.3357950982880706,rain,van,8,53.11398470520595,1.4809096799056787,2.918734381671467
13.917169497655465,27.767503909631273,12,5,2.077480374677144,rain,van,3,52.81917740081032,1.1590323632457233,1.7151288639159756
13.682697336155082,46.56465538050304,18,2,8.020658151720069,clear,van,4,67.00457063435175,2.078000728869212,2.302206170624342
25.223300822400343,24.290669711574566,21,0,4.120745012050717,clear,van,3,37.46639751854202,4.288379592279761,2.1004269010737855
44.33237569543345,20.09917622699325,7,3,3.954516413577055,clear,van,2,80.94394969512572,8.189575757911651,2.013580484074457
74.00456151239572,23.887910995040254,9,4,7.135656822854411,rain,van,7,79.61772709495052,2.720005894623736,5.145010067919324
34.69307401703706,14.620193241357875,18,0,9.13553845767374,clear,bike,3,84.20758116071231,1.4776735484265702,3.565283272955355
18.981339313549586,41.727954477080466,8,6,5.535170909439802,rain,van,7,73.31857130150748,1.9796281311796458,3.075159751066227
5.125391975356057,14.035425872291317,13,4,2.8593094233669567,clear,bike,6,57.20674576431627,13.306072979483584,1.6780369764216638
28.687791825454035,3.042020959337306,21,6,3.066628360053559,clear,van,7,51.54912034819802,7.764448255890952,2.51549486881121
27.677398872260017,5.666919477843635,21,4,3.568488197284651,clear,bike,3,78.26433954772438,1.955046357407,2.3972831097533893
31.385405843994537,29.867753041413245,21,0,4.598656669082852,clear,truck,6,80.73156259494465,3.4655155062095573,3.8225853214490995
146.20244022219435,12.13554305396793,8,1,6.998683510734016,clear,van,3,53.248504297580666,4.617435711604944,7.5287036900639706
73.1474478035949,39.16086169923193,8,6,6.181673326469614,clear,van,4,51.23987460136803,5.8618193028711625,4.042945352171959
50.807741494599604,22.368164899697945,8,3,4.041577508141641,clear,van,7,69.7145051573911,15.0,3.6036671688266253
12.557753655279825,41.51037063043216,18,0,9.730037660505381,storm,van,4,72.04900835219068,4.300007372374811,2.3680787396121192
17.98618927037682,3.398299278869064,8,0,6.337276818152351,clear,truck,6,84.02306023360163,2.4157156498680274,2.8733582064885614
25.13155717596273,13.943846907860049,12,3,3.4126621763416956,rain,bike,2,79.93574051485012,10.327113678234753,2.2891191775644377
14.580343716050766,10.145030442313644,19,4,6.380971663881113,storm,bike,3,68.79950668737835,14.311767224286747,2.094885055707769
40.46233818009312,106.49369284188886,13,1,2.009637206945489,clear,truck,4,85.53262898500847,3.9317466312900033,4.388019204960162
36.07236570894419,15.969838916824255,21,1,4.945306649835786,clear,van,5,64.75688164944606,6.096785755636038,2.7416469301373043
11.351543950490218,5.579792193209281,13,4,1.2593636693824415,clear,bike,6,65.3716960785498,4.235573420571004,2.044222224163933
70.62988585184637,29.457507850327904,12,3,1.0,rain,van,3,82.72394059624254,6.187299935019298,3.0773500584486775
29.425106339221653,9.363061236056694,21,0,4.555432598160617,rain,bike,4,84.3634241627541,7.269219329606034,3.441864143555134
6.798779308462532,44.55683231499534,14,0,2.243125071907555,storm,van,4,84.75589937305779,5.348584875782552,2.487823891267373
26.02156749824885,49.79655834684664,8,1,7.156756929855674,clear,van,5,67.30762049468812,9.539434563204042,2.76636796174071
33.95259084825986,10.235181707950128,16,3,4.159186857955831,storm,truck,7,71.07423156682141,5.278645968908457,4.59638666383917
59.04110458121308,12.447473178763719,18,2,7.703551991964651,clear,van,2,57.00470200764503,2.352584519256418,2.579098707128262
20.697623305058798,27.46828486986893,19,0,8.331068955907028,clear,van,7,83.49920665498611,9.032052612939262,2.7439361166397593
52.580777908768525,45.47548301818926,6,6,2.968157481585537,clear,van,3,61.13039523819163,9.495596134553248,2.6639122248484366
31.49137155487734,29.849971888694167,7,4,3.48856271462431,clear,van,3,40.0515374707695,0.6832432197653884,2.1396009329649046
9.468365671808389,15.991508872930948,16,4,5.04272064632514,clear,van,6,63.384069801856356,15.0,2.0653324196443665
8.7396188704271,6.746775338411856,17,1,5.82250593478334,clear,bike,5,57.1632345701767,2.1796386351362598,1.772332482845078
66.55627937380356,69.52676353423904,16,4,4.300338921644786,storm,van,5,30.0,3.9450396667437975,4.918604739960357
70.58286027422133,30.379457449083134,12,6,2.685030102254415,clear,van,4,61.39777309088763,3.4132961420149166,3.243763454325451
35.10443178996312,79.52802109937775,18,4,8.449036101533046,rain,truck,4,81.73685412115572,2.5856062922947483,4.8108876118875346
89.7084867282201,33.60302754436012,15,2,3.162368508236346,clear,van,4,76.20532041765227,5.640097077433217,4.140657777215734
63.13579477001507,72.66253250975792,20,2,5.37544540553024,clear,truck,6,76.17719055265164,1.6887393663097057,6.516358001292524
46.84775007806113,11.474899444517327,11,6,1.7490607066880435,clear,truck,4,91.38524798720572,4.82334766362956,2.6928001124861995
13.078253452447814,12.238689003533477,18,0,7.622562235851086,rain,bike,7,61.317215125264696,7.6145615041290196,3.160068079932572
108.32576187405853,19.491443992111073,8,1,6.780715146522013,rain,van,3,52.819107445115776,4.4039201734097,5.76421461815673
41.63916312851631,10.677333360935977,17,0,6.599650949445227,clear,bike,5,77.40938783990471,10.386739508277877,3.7094574958429005
19.91212774077638,4.688370649269359,17,4,6.433519402231062,clear,bike,4,75.35607686773845,1.6502306028882656,2.3976526975408436
15.885138645429617,13.37553726254383,10,3,5.9981520477584045,clear,bike,1,51.00651763303591,3.3526181510237993,1.652215365672783
33.2956589028665,33.260940459087045,6,0,2.9239578911627886,clear,van,4,67.35835945285318,2.3806569094612535,2.8137337654496117
7.121744661460253,7.575419110236313,21,6,2.6343497114912795,clear,truck,5,78.0774701223877,7.184967993010518,1.7709984576442548
47.45294650997162,8.419878512727566,7,3,4.679722916084089,rain,van,4,74.12195828336607,4.591574314520518,2.756679550070262
12.643501253239824,14.117267633988703,13,1,2.8762070430949316,clear,bike,5,80.97815464075778,3.5117996028224283,2.3249011371999773
36.469871707476166,9.628950664690933,6,6,1.8571287264337284,clear,bike,6,59.91730439164842,7.749636690756248,3.3647442625536494
17.86250333774216,14.803842320499328,12,4,3.035123989531972,clear,bike,2,48.72365671400617,11.979208660071984,1.7138714794134071
21.94336969365465,20.654503231861142,19,0,6.399687379901559,storm,van,4,56.300241670961796,6.085695909096974,2.1272659918488195
14.797705009021636,8.087984029300534,14,5,1.9703992947273132,clear,bike,2,82.96532375678157,8.549763870231825,1.4323381138685525
23.831695897145035,14.39571445232793,9,0,6.893505155734416,clear,bike,5,85.53491505903763,0.5688817200672722,3.1000101684539914
122.9163001085671,22.134289897174604,12,6,3.155800633504914,rain,van,4,67.48701219506256,6.243361683863179,4.848037201108606
82.10900564720546,11.063508771840116,7,2,3.8966472550038156,clear,van,4,92.68904307473555,15.0,3.772435955446466
36.00231219369934,6.744384464921529,15,2,3.602648193817324,clear,bike,5,67.56846039991022,6.206237038583005,3.195865647988437
26.569517168403785,11.800871857657315,6,0,2.3637384074394387,clear,bike,7,62.31320611522359,6.3665049514120735,3.011880137360146
53.26934114075957,16.743715880485055,11,6,1.4163839024161629,rain,van,8,48.836148244518746,5.623418990377963,4.319579626492985
66.95202480943458,4.422067746909565,6,3,2.496247359737253,rain,van,5,68.86445890968464,4.061559523834574,3.5430087091283906
13.959290806735268,33.62770120574292,9,4,7.157411168578499,clear,van,5,85.90752711905365,3.611641257162082,2.4738205907717963
25.48395162223958,17.485065970795276,7,5,3.3651191715522977,clear,van,3,89.02770754000147,4.319174941485165,1.9141437255524003
6.311879017805436,11.858161934081362,20,3,6.372650071375581,clear,bike,7,86.03912305681165,5.984370418783287,2.252642497267281
66.58515722432368,5.224836071957393,18,2,7.367763664538193,clear,van,5,77.49243021474548,2.134732422233525,3.5052102367508744
141.4603415630572,30.588894395367,20,5,4.73292967312942,clear,van,6,93.950991010732,4.290180978654874,5.786719597134139
28.9064889107322,50.13913908780801,16,3,3.3860465629990966,clear,van,4,55.46965566885741,8.429521943377969,2.5831231391664917
4.952992305379247,13.852998986886487,13,1,1.0,clear,bike,4,87.77524645108926,4.333640099159653,1.4230334290840876
44.12879041240233,74.92097239551583,8,5,4.7177826049394485,storm,truck,6,74.21860316222211,3.5374683385554673,6.167162329742318
13.154036465590082,21.337330977958413,21,5,2.8334601870559224,clear,van,8,73.1585408088156,5.955288286359852,2.563831404511777
15.94779295084145,21.949252637983594,20,1,7.1037581303565425,clear,truck,8,48.654228732550074,1.2378329620573922,3.8946166331275944
44.75759324740321,40.47132262953424,12,4,1.0,clear,van,6,75.12016657425839,4.032932512672805,3.128888868348556
33.23632154680843,31.761233152228407,9,6,5.832819330905633,rain,van,3,87.31032035895531,2.0064231681773794,2.829393129183624
18.347860610666924,7.526280476488927,12,5,3.845604119907687,rain,bike,8,38.06923219631908,5.157929923909516,2.8457130320650705
16.12410720341067,13.416421022829391,12,1,2.539240739796657,storm,bike,5,81.93323731068561,3.1739143415410616,2.63460540490701
29.98414806497528,45.37868188019645,20,5,4.989713261179806,clear,truck,4,35.72385342858855,6.06101189059719,3.013225665311049
19.539294841000853,32.22602068897265,7,0,4.396638876729057,clear,van,4,48.739205426370106,4.095083133821576,2.2056956024421144
11.163062011586083,75.37944620540505,16,4,4.690737204428105,clear,truck,7,68.58546699658976,6.598359587120891,3.6439445085839828
20.779137006779212,28.718046816145115,18,3,7.44612115718213,rain,van,7,93.74064142661331,4.817897257536694,3.5336728920400895
35.57610122794329,33.022667911871906,18,0,6.96629005839212,clear,van,1,68.07863590813739,1.890544676351389,2.234269288836365
23.51214806558575,11.766545640304823,9,5,6.122180929630622,clear,bike,6,77.04948153663807,2.0396418706612534,3.223712446241453
8.751220019075557,49.60911789895642,12,2,1.159068775077079,clear,van,4,56.35222976048396,1.5594346407741915,1.8917145654195304
59.81471477151054,1.9870065258060146,11,5,3.911047130116572,clear,van,6,67.08593588574149,5.51684632023724,3.3152114833908506
3.0311765680751646,24.93608676631239,12,6,1.8349754887539795,clear,van,6,69.17681078614197,3.4416239414746936,2.2415767870165952
18.97093129867482,33.73640198429175,7,4,4.058029584021583,clear,van,4,94.43824230265194,3.5715648612655104,2.1651282718373106
16.507936022817482,27.33320319568876,7,4,3.635075163753167,clear,van,3,58.79061994141922,7.7991256128687665,1.6774638269415754
30.524910937348523,21.47501323366116,6,0,3.8213825152027385,clear,van,7,60.11235539219665,8.646734689366147,2.851925308716739
42.49257888624449,19.64367330911534,21,6,3.6288312189940903,clear,van,5,86.15238485458613,4.861118572939299,2.8098622116830363
66.78054840584363,22.165951966002254,12,4,2.4281274957209438,clear,van,4,66.2977196404692,1.8809137834662335,3.0454578626939877
15.334053917222967,8.694670392777605,9,2,6.720083047974353,rain,van,8,71.69756045683515,4.951254776694573,2.7944945739251237
43.34822990999376,27.229481934284856,18,0,7.65440131869635,clear,van,4,76.52780796011133,9.330518352793808,3.2542907317083696
31.710717343962045,11.883392833721706,13,3,4.116714017584235,clear,bike,7,60.45239274785183,2.619311810127081,3.712411170200189
6.89480686415825,13.862975897134055,11,6,2.1915937884925363,clear,bike,5,39.215028027171044,7.867675548995923,1.6908976047059237
124.01868061101567,7.790734200546468,7,6,4.110754913374085,rain,van,4,86.12735551551611,8.80471877945945,4.625244872114957
8.576105432957773,121.98271580482755,12,0,3.140002114682627,rain,truck,6,71.7421575210085,9.704262219191543,5.446875367057481
37.92451807541671,25.830586870959607,16,5,4.6615467128604795,clear,van,7,50.84534647602599,5.216958262553761,3.1465804457832376
37.03887198546792,6.3005560267205745,15,0,3.4109700192657844,clear,bike,5,81.67145579300092,6.03305824739718,3.4821756696784116
33.80164351000713,23.855873599570344,12,2,2.688208285304116,rain,van,2,100.0,2.779040569530148,1.9437962933403279
18.253165084347813,49.22934429460394,15,3,3.723738686008871,rain,van,11,87.88907461443789,3.024080740244004,3.9495255970700613
52.55194562564194,27.00619530222882,18,0,7.956742085910082,clear,van,2,100.0,4.075035685370771,3.3342260886575876
7.781164618217034,21.038182628888435,20,0,6.843854491641848,clear,van,6,51.58335892483102,0.7152629251079038,1.9865778109125658
25.721750812051855,11.043785818914365,14,6,2.96893653300563,clear,bike,5,73.74310310827092,1.6010245957138611,2.7138556498470146
17.2687802042521,27.039172913249345,9,4,7.074021343545735,rain,van,4,75.32260872110665,6.011947042606683,2.300723090447178
15.770823931030515,37.55353873779963,8,5,4.4634418223220695,clear,van,2,68.24856357493658,9.058764191716277,1.650148077912034
38.206216193899984,37.842260015163944,8,3,5.488637768154923,storm,van,6,65.08382627942765,3.060948943055711,4.102285968250306
64.19869184073305,25.181057203571317,6,3,3.037108742462852,clear,truck,8,30.0,1.3845331849814275,4.9165823413649745
20.60214899562442,25.122324346447698,14,0,1.580416475280995,clear,van,3,95.38739647162559,5.464829608249574,1.8829743135457175
50.630029667102946,54.865418008729684,9,3,6.720161393063221,rain,van,5,45.748307801993775,3.32739175811816,4.309249214836372
28.213272756939684,50.99179027994135,9,5,4.825949282228343,rain,van,6,83.55560451234581,3.8124942915300797,3.354549643468135
13.274092890261919,18.776289799367046,17,1,6.646564291062124,rain,van,6,70.16450072364182,3.9392000138549657,2.144914778480429
